Date,High,Low,Open,Close,Volume,Adj Close
2000-01-03,320.1289978027344,320.1289978027344,320.1289978027344,320.1289978027344,0.0,159.8587188720703
2000-01-04,328.4540100097656,328.4540100097656,328.4540100097656,328.4540100097656,16860928.0,164.01589965820312
2000-01-05,323.80999755859375,323.80999755859375,323.80999755859375,323.80999755859375,6643415.0,161.69677734375
2000-01-06,340.7229919433594,340.7229919433594,340.7229919433594,340.7229919433594,12632084.0,170.14244079589844
2000-01-07,338.5320129394531,338.5320129394531,338.5320129394531,338.5320129394531,15847642.0,169.04835510253906
2000-01-10,333.010986328125,333.010986328125,333.010986328125,333.010986328125,9507070.0,166.2913818359375
2000-01-11,322.9330139160156,322.9330139160156,322.9330139160156,322.9330139160156,6339301.0,161.25889587402344
2000-01-12,312.8550109863281,312.8550109863281,312.8550109863281,312.8550109863281,10456248.0,156.2263641357422
2000-01-13,305.2309875488281,305.2309875488281,305.2309875488281,305.2309875488281,6869265.0,152.41921997070312
2000-01-14,308.73699951171875,308.73699951171875,308.73699951171875,308.73699951171875,10645922.0,154.17001342773438
2000-01-17,304.0920104980469,304.0920104980469,304.0920104980469,304.0920104980469,7149842.0,151.85049438476562
2000-01-18,287.2659912109375,287.2659912109375,287.2659912109375,287.2659912109375,12409262.0,143.44834899902344
2000-01-19,297.9580078125,297.9580078125,297.9580078125,297.9580078125,18918390.0,148.78746032714844
2000-01-20,295.3290100097656,295.3290100097656,295.3290100097656,295.3290100097656,19917877.0,147.47463989257812
2000-01-21,281.7449951171875,281.7449951171875,281.7449951171875,281.7449951171875,11974807.0,140.69137573242188
2000-01-24,271.92999267578125,271.92999267578125,271.92999267578125,271.92999267578125,10398404.0,135.79017639160156
2000-01-25,265.0950012207031,265.0950012207031,265.0950012207031,265.0950012207031,9924605.0,132.37709045410156
2000-01-26,262.7279968261719,262.7279968261719,262.7279968261719,262.7279968261719,11806877.0,131.1951141357422
2000-01-27,269.47601318359375,269.47601318359375,269.47601318359375,269.47601318359375,18136140.0,134.56475830078125
2000-01-28,275.43499755859375,275.43499755859375,275.43499755859375,275.43499755859375,7067876.0,137.54042053222656
2000-01-31,280.6940002441406,280.6940002441406,280.6940002441406,280.6940002441406,4759706.0,140.1665496826172
2000-02-01,287.7040100097656,287.7040100097656,287.7040100097656,287.7040100097656,10367027.0,143.6670379638672
2000-02-02,265.35699462890625,265.35699462890625,265.35699462890625,265.35699462890625,8670065.0,132.50790405273438
2000-02-03,280.4309997558594,280.4309997558594,280.4309997558594,280.4309997558594,6018699.0,140.0352325439453
2000-02-04,271.49200439453125,271.49200439453125,271.49200439453125,271.49200439453125,12757990.0,135.5714569091797
2000-02-07,272.8059997558594,272.8059997558594,272.8059997558594,272.8059997558594,7362357.0,136.22763061523438
2000-02-08,262.90399169921875,262.90399169921875,262.90399169921875,262.90399169921875,12109207.0,131.282958984375
2000-02-09,243.18600463867188,243.18600463867188,243.18600463867188,243.18600463867188,14454860.0,121.4366683959961
2000-02-10,251.33599853515625,251.33599853515625,251.33599853515625,251.33599853515625,9593672.0,125.50638580322266
2000-02-11,246.51600646972656,246.51600646972656,246.51600646972656,246.51600646972656,4705097.0,123.09954071044922
2000-02-14,237.92799377441406,237.92799377441406,237.92799377441406,237.92799377441406,6559289.0,118.81101989746094
2000-02-15,248.00599670410156,248.00599670410156,248.00599670410156,248.00599670410156,6023640.0,123.84357452392578
2000-02-16,278.239990234375,278.239990234375,278.239990234375,278.239990234375,12466051.0,138.94110107421875
2000-02-17,272.98199462890625,272.98199462890625,272.98199462890625,272.98199462890625,14184744.0,136.3154754638672
2000-02-18,265.7959899902344,265.7959899902344,265.7959899902344,265.7959899902344,9811879.0,132.72711181640625
2000-02-21,265.5329895019531,265.5329895019531,265.5329895019531,265.5329895019531,8209541.0,132.59579467773438
2000-02-22,236.1750030517578,236.1750030517578,236.1750030517578,236.1750030517578,8409779.0,117.93566131591797
2000-02-23,246.6909942626953,246.6909942626953,246.6909942626953,246.6909942626953,10846991.0,123.18689727783203
2000-02-24,247.39199829101562,247.39199829101562,247.39199829101562,247.39199829101562,10872733.0,123.53695678710938
2000-02-25,250.63499450683594,250.63499450683594,250.63499450683594,250.63499450683594,3106729.0,125.15634155273438
2000-02-28,234.68499755859375,234.68499755859375,234.68499755859375,234.68499755859375,6028462.0,117.19163513183594
2000-02-29,226.9739990234375,226.9739990234375,226.9739990234375,226.9739990234375,10214456.0,113.34107971191406
2000-03-01,230.47900390625,230.47900390625,230.47900390625,230.47900390625,14280550.0,115.09130096435547
2000-03-02,253.26400756835938,253.26400756835938,253.26400756835938,253.26400756835938,9107289.0,126.46918487548828
2000-03-03,241.6959991455078,241.6959991455078,241.6959991455078,241.6959991455078,11311461.0,120.69261169433594
2000-03-06,248.8820037841797,248.8820037841797,248.8820037841797,248.8820037841797,14357402.0,125.49076080322266
2000-03-07,235.56199645996094,235.56199645996094,235.56199645996094,235.56199645996094,10621219.0,118.77455139160156
2000-03-08,225.65899658203125,225.65899658203125,225.65899658203125,225.65899658203125,12343165.0,113.78132629394531
2000-03-09,213.38999938964844,213.38999938964844,213.38999938964844,213.38999938964844,6902448.0,107.59506225585938
2000-03-10,212.33900451660156,212.33900451660156,212.33900451660156,212.33900451660156,6494018.0,107.06513214111328
2000-03-13,199.8070068359375,199.8070068359375,199.8070068359375,199.8070068359375,8651672.0,100.7462387084961
2000-03-14,215.406005859375,215.406005859375,215.406005859375,215.406005859375,9518733.0,108.61152648925781
2000-03-15,222.1540069580078,222.1540069580078,222.1540069580078,222.1540069580078,6488972.0,112.01402282714844
2000-03-16,261.85198974609375,261.85198974609375,261.85198974609375,261.85198974609375,11646829.0,132.0304718017578
2000-03-17,258.7850036621094,258.7850036621094,258.7850036621094,258.7850036621094,30351823.0,130.4840545654297
2000-03-20,273.2449951171875,273.2449951171875,273.2449951171875,273.2449951171875,6453357.0,137.77505493164062
2000-03-21,265.5329895019531,265.5329895019531,265.5329895019531,265.5329895019531,10397301.0,133.886474609375
2000-03-22,250.02099609375,250.02099609375,250.02099609375,250.02099609375,3429387.0,126.06507873535156
2000-03-23,238.62899780273438,238.62899780273438,238.62899780273438,238.62899780273438,4922539.0,120.32102966308594
2000-03-24,249.14500427246094,249.14500427246094,249.14500427246094,249.14500427246094,13299750.0,125.62333679199219
2000-03-27,245.63999938964844,245.63999938964844,245.63999938964844,245.63999938964844,3874604.0,123.8560791015625
2000-03-28,236.1750030517578,236.1750030517578,236.1750030517578,236.1750030517578,2759168.0,119.08367919921875
2000-03-29,240.11900329589844,240.11900329589844,240.11900329589844,240.11900329589844,5157954.0,121.07229614257812
2000-03-30,244.5,244.5,244.5,244.5,3799202.0,123.28119659423828
2000-03-31,257.90899658203125,257.90899658203125,257.90899658203125,257.90899658203125,4332570.0,130.04232788085938
2000-04-03,255.89300537109375,255.89300537109375,255.89300537109375,255.89300537109375,4160120.0,129.02581787109375
2000-04-04,262.0270080566406,262.0270080566406,262.0270080566406,262.0270080566406,10471609.0,132.1186981201172
2000-04-05,253.26400756835938,253.26400756835938,253.26400756835938,253.26400756835938,588255.0,127.70022583007812
2000-04-06,250.63499450683594,250.63499450683594,250.63499450683594,250.63499450683594,4636894.0,126.3746337890625
2000-04-07,246.0780029296875,246.0780029296875,246.0780029296875,246.0780029296875,1564121.0,124.07694244384766
2000-04-10,254.84100341796875,254.84100341796875,254.84100341796875,254.84100341796875,9451053.0,128.49539184570312
2000-04-11,253.70199584960938,253.70199584960938,253.70199584960938,253.70199584960938,9789412.0,127.92110443115234
2000-04-12,247.5679931640625,247.5679931640625,247.5679931640625,247.5679931640625,5840027.0,124.82819366455078
2000-04-13,241.43299865722656,241.43299865722656,241.43299865722656,241.43299865722656,18057164.0,121.7348403930664
2000-04-14,231.6179962158203,231.6179962158203,231.6179962158203,231.6179962158203,8311587.0,116.78595733642578
2000-04-17,209.27099609375,209.27099609375,209.27099609375,209.27099609375,5064514.0,105.51817321777344
2000-04-18,209.44700622558594,209.44700622558594,209.44700622558594,209.44700622558594,5846363.0,105.60691833496094
2000-04-19,207.95700073242188,207.95700073242188,207.95700073242188,207.95700073242188,10395352.0,104.85566711425781
2000-04-20,211.19900512695312,211.19900512695312,211.19900512695312,211.19900512695312,6264165.0,106.49034881591797
2000-04-21,211.19900512695312,211.19900512695312,211.19900512695312,211.19900512695312,0.0,106.49034881591797
2000-04-24,211.19900512695312,211.19900512695312,211.19900512695312,211.19900512695312,0.0,106.49034881591797
2000-04-25,210.58599853515625,210.58599853515625,210.58599853515625,210.58599853515625,5408363.0,106.18125915527344
2000-04-26,210.58599853515625,210.58599853515625,210.58599853515625,210.58599853515625,6702116.0,106.18125915527344
2000-04-27,212.33900451660156,212.33900451660156,212.33900451660156,212.33900451660156,4085243.0,107.06513214111328
2000-04-28,209.00799560546875,209.00799560546875,209.00799560546875,209.00799560546875,5379218.0,105.38557434082031
2000-05-01,209.00799560546875,209.00799560546875,209.00799560546875,209.00799560546875,0.0,105.38557434082031
2000-05-02,214.26699829101562,214.26699829101562,214.26699829101562,214.26699829101562,6445633.0,108.03727722167969
2000-05-03,228.55099487304688,228.55099487304688,228.55099487304688,228.55099487304688,5656305.0,115.23950958251953
2000-05-04,224.34500122070312,224.34500122070312,224.34500122070312,224.34500122070312,3592442.0,113.1187515258789
2000-05-05,230.74200439453125,230.74200439453125,230.74200439453125,230.74200439453125,4615891.0,116.34424591064453
2000-05-08,226.53500366210938,226.53500366210938,226.53500366210938,226.53500366210938,1790460.0,114.22297668457031
2000-05-09,234.4219970703125,234.4219970703125,234.4219970703125,234.4219970703125,11333237.0,118.19971466064453
2000-05-10,250.19700622558594,250.19700622558594,250.19700622558594,250.19700622558594,13858256.0,126.15380096435547
2000-05-11,244.5,244.5,244.5,244.5,8525865.0,123.28119659423828
2000-05-12,241.87100219726562,241.87100219726562,241.87100219726562,241.87100219726562,2895392.0,121.9556884765625
2000-05-15,234.86099243164062,234.86099243164062,234.86099243164062,234.86099243164062,5078627.0,118.42111206054688
2000-05-16,228.55099487304688,228.55099487304688,228.55099487304688,228.55099487304688,6194732.0,115.23950958251953
2000-05-17,222.5919952392578,222.5919952392578,222.5919952392578,222.5919952392578,8579472.0,112.23487091064453
2000-05-18,225.04600524902344,225.04600524902344,225.04600524902344,225.04600524902344,4671858.0,113.47223663330078
2000-05-19,219.08599853515625,219.08599853515625,219.08599853515625,219.08599853515625,2979548.0,110.46710205078125
2000-05-22,222.41700744628906,222.41700744628906,222.41700744628906,222.41700744628906,4696783.0,112.14663696289062
2000-05-23,227.6750030517578,227.6750030517578,227.6750030517578,227.6750030517578,3768047.0,114.79782104492188
2000-05-24,215.406005859375,215.406005859375,215.406005859375,215.406005859375,6946952.0,108.61152648925781
2000-05-25,211.46200561523438,211.46200561523438,211.46200561523438,211.46200561523438,6382406.0,106.62294006347656
2000-05-26,206.64199829101562,206.64199829101562,206.64199829101562,206.64199829101562,4054409.0,104.19256591796875
2000-05-29,206.64199829101562,206.64199829101562,206.64199829101562,206.64199829101562,0.0,104.19256591796875
2000-05-30,201.55999755859375,201.55999755859375,201.55999755859375,201.55999755859375,8861451.0,101.6301498413086
2000-05-31,198.92999267578125,198.92999267578125,198.92999267578125,198.92999267578125,12469461.0,100.30406951904297
2000-06-01,205.5030059814453,205.5030059814453,205.5030059814453,205.5030059814453,6814077.0,103.61832427978516
2000-06-02,207.69400024414062,207.69400024414062,207.69400024414062,207.69400024414062,7476767.0,104.7230224609375
2000-06-05,214.09100341796875,214.09100341796875,214.09100341796875,214.09100341796875,4800963.0,107.94849395751953
2000-06-06,215.843994140625,215.843994140625,215.843994140625,215.843994140625,3697291.0,108.8323745727539
2000-06-07,212.95199584960938,212.95199584960938,212.95199584960938,212.95199584960938,1356758.0,107.37422943115234
2000-06-08,222.5919952392578,222.5919952392578,222.5919952392578,222.5919952392578,3071088.0,112.23487091064453
2000-06-09,226.9739990234375,226.9739990234375,226.9739990234375,226.9739990234375,5683745.0,114.44436645507812
2000-06-12,234.86099243164062,234.86099243164062,234.86099243164062,234.86099243164062,4956572.0,118.42111206054688
2000-06-13,233.54600524902344,233.54600524902344,233.54600524902344,233.54600524902344,8966229.0,117.75804138183594
2000-06-14,220.83900451660156,220.83900451660156,220.83900451660156,220.83900451660156,15054230.0,111.3509750366211
2000-06-15,228.55099487304688,228.55099487304688,228.55099487304688,228.55099487304688,12504326.0,115.23950958251953
2000-06-16,231.35499572753906,231.35499572753906,231.35499572753906,231.35499572753906,2278239.0,116.6533203125
2000-06-19,227.85000610351562,227.85000610351562,227.85000610351562,227.85000610351562,4355404.0,114.88602447509766
2000-06-20,230.04100036621094,230.04100036621094,230.04100036621094,230.04100036621094,7704795.0,115.99078369140625
2000-06-21,227.85000610351562,227.85000610351562,227.85000610351562,227.85000610351562,7302489.0,114.88602447509766
2000-06-22,219.96299743652344,219.96299743652344,219.96299743652344,219.96299743652344,8827789.0,110.9092788696289
2000-06-23,218.91099548339844,218.91099548339844,218.91099548339844,218.91099548339844,7324373.0,110.37879943847656
2000-06-26,222.41700744628906,222.41700744628906,222.41700744628906,222.41700744628906,2191952.0,112.14663696289062
2000-06-27,231.35499572753906,231.35499572753906,231.35499572753906,231.35499572753906,11628463.0,116.6533203125
2000-06-28,228.28799438476562,228.28799438476562,228.28799438476562,228.28799438476562,7813153.0,115.10688781738281
2000-06-29,227.85000610351562,227.85000610351562,227.85000610351562,227.85000610351562,13082242.0,114.88602447509766
2000-06-30,235.73699951171875,235.73699951171875,235.73699951171875,235.73699951171875,11818087.0,118.86280059814453
2000-07-03,239.68099975585938,239.68099975585938,239.68099975585938,239.68099975585938,11083805.0,120.8514633178711
2000-07-04,236.61300659179688,236.61300659179688,236.61300659179688,236.61300659179688,4942543.0,119.30448150634766
2000-07-05,227.85000610351562,227.85000610351562,227.85000610351562,227.85000610351562,8112247.0,114.88602447509766
2000-07-06,230.04100036621094,230.04100036621094,230.04100036621094,230.04100036621094,6314304.0,115.99078369140625
2000-07-07,233.37100219726562,233.37100219726562,233.37100219726562,233.37100219726562,3920448.0,117.66984558105469
2000-07-10,236.61300659179688,236.61300659179688,236.61300659179688,236.61300659179688,6571615.0,119.30448150634766
2000-07-11,239.68099975585938,239.68099975585938,239.68099975585938,239.68099975585938,12007405.0,120.8514633178711
2000-07-12,251.51100158691406,251.51100158691406,251.51100158691406,251.51100158691406,16752711.0,126.81629180908203
2000-07-13,244.3249969482422,244.3249969482422,244.3249969482422,244.3249969482422,15317732.0,123.19304656982422
2000-07-14,251.33599853515625,251.33599853515625,251.33599853515625,251.33599853515625,8830162.0,126.72808837890625
2000-07-17,244.06199645996094,244.06199645996094,244.06199645996094,244.06199645996094,6410791.0,123.06043243408203
2000-07-18,248.00599670410156,248.00599670410156,248.00599670410156,248.00599670410156,18586671.0,125.049072265625
2000-07-19,241.87100219726562,241.87100219726562,241.87100219726562,241.87100219726562,18074564.0,121.9556884765625
2000-07-20,240.11900329589844,240.11900329589844,240.11900329589844,240.11900329589844,2423278.0,121.07229614257812
2000-07-21,234.86099243164062,234.86099243164062,234.86099243164062,234.86099243164062,7354429.0,118.42111206054688
2000-07-24,226.0970001220703,226.0970001220703,226.0970001220703,226.0970001220703,10574302.0,114.00212097167969
2000-07-25,226.9739990234375,226.9739990234375,226.9739990234375,226.9739990234375,6457276.0,114.44436645507812
2000-07-26,226.53500366210938,226.53500366210938,226.53500366210938,226.53500366210938,4980158.0,114.22297668457031
2000-07-27,225.04600524902344,225.04600524902344,225.04600524902344,225.04600524902344,2874669.0,113.47223663330078
2000-07-28,223.46800231933594,223.46800231933594,223.46800231933594,223.46800231933594,14154824.0,112.67654418945312
2000-07-31,222.5919952392578,222.5919952392578,222.5919952392578,222.5919952392578,4122205.0,112.23487091064453
2000-08-01,218.2100067138672,218.2100067138672,218.2100067138672,218.2100067138672,5181914.0,110.0253677368164
2000-08-02,220.83900451660156,220.83900451660156,220.83900451660156,220.83900451660156,9290498.0,111.3509750366211
2000-08-03,218.2100067138672,218.2100067138672,218.2100067138672,218.2100067138672,10053981.0,110.0253677368164
2000-08-04,219.96299743652344,219.96299743652344,219.96299743652344,219.96299743652344,9150369.0,110.9092788696289
2000-08-07,218.2100067138672,218.2100067138672,218.2100067138672,218.2100067138672,9910615.0,110.0253677368164
2000-08-08,220.83900451660156,220.83900451660156,220.83900451660156,220.83900451660156,7107485.0,111.3509750366211
2000-08-09,221.71499633789062,221.71499633789062,221.71499633789062,221.71499633789062,5182585.0,111.79267883300781
2000-08-10,222.1540069580078,222.1540069580078,222.1540069580078,222.1540069580078,10817635.0,112.01402282714844
2000-08-11,233.54600524902344,233.54600524902344,233.54600524902344,233.54600524902344,8425724.0,117.75804138183594
2000-08-14,225.2209930419922,225.2209930419922,225.2209930419922,225.2209930419922,7470706.0,113.56043243408203
2000-08-15,230.47900390625,230.47900390625,230.47900390625,230.47900390625,24172341.0,116.21160125732422
2000-08-16,245.3769989013672,245.3769989013672,245.3769989013672,245.3769989013672,24416350.0,123.72347259521484
2000-08-17,240.11900329589844,240.11900329589844,240.11900329589844,240.11900329589844,23295984.0,121.07229614257812
2000-08-18,242.7480010986328,242.7480010986328,242.7480010986328,242.7480010986328,5275926.0,122.39788055419922
2000-08-21,242.7480010986328,242.7480010986328,242.7480010986328,242.7480010986328,4793809.0,122.39788055419922
2000-08-22,257.64599609375,257.64599609375,257.64599609375,257.64599609375,15686086.0,129.90972900390625
2000-08-23,275.1730041503906,275.1730041503906,275.1730041503906,275.1730041503906,26542584.0,138.7471466064453
2000-08-24,271.92999267578125,271.92999267578125,271.92999267578125,271.92999267578125,14497431.0,137.11196899414062
2000-08-25,262.90399169921875,262.90399169921875,262.90399169921875,262.90399169921875,26358867.0,132.56089782714844
2000-08-28,262.90399169921875,262.90399169921875,262.90399169921875,262.90399169921875,0.0,132.56089782714844
2000-08-29,236.61300659179688,236.61300659179688,236.61300659179688,236.61300659179688,24192012.0,119.30448150634766
2000-08-30,232.93299865722656,232.93299865722656,232.93299865722656,232.93299865722656,23513786.0,117.44898223876953
2000-08-31,237.49000549316406,237.49000549316406,237.49000549316406,237.49000549316406,20973211.0,119.7467041015625
2000-09-01,242.7480010986328,242.7480010986328,242.7480010986328,242.7480010986328,11858668.0,122.39788055419922
2000-09-04,240.11900329589844,240.11900329589844,240.11900329589844,240.11900329589844,3941717.0,123.64971923828125
2000-09-05,247.83099365234375,247.83099365234375,247.83099365234375,247.83099365234375,9366785.0,127.62100219726562
2000-09-06,249.58299255371094,249.58299255371094,249.58299255371094,249.58299255371094,5720522.0,128.52322387695312
2000-09-07,258.34698486328125,258.34698486328125,258.34698486328125,258.34698486328125,5765431.0,133.0362548828125
2000-09-08,263.7799987792969,263.7799987792969,263.7799987792969,263.7799987792969,8385620.0,135.83399963378906
2000-09-11,249.75900268554688,249.75900268554688,249.75900268554688,249.75900268554688,10705482.0,128.61387634277344
2000-09-12,241.87100219726562,241.87100219726562,241.87100219726562,241.87100219726562,9267613.0,124.55194091796875
2000-09-13,240.11900329589844,240.11900329589844,240.11900329589844,240.11900329589844,10701528.0,123.64971923828125
2000-09-14,239.9429931640625,239.9429931640625,239.9429931640625,239.9429931640625,22661908.0,123.55909729003906
2000-09-15,242.30999755859375,242.30999755859375,242.30999755859375,242.30999755859375,58298910.0,124.77796936035156
2000-09-18,242.30999755859375,242.30999755859375,242.30999755859375,242.30999755859375,18375908.0,124.77796936035156
2000-09-19,231.35499572753906,231.35499572753906,231.35499572753906,231.35499572753906,33689058.0,119.13665008544922
2000-09-20,216.0189971923828,216.0189971923828,216.0189971923828,216.0189971923828,20558870.0,111.2393798828125
2000-09-21,225.2209930419922,225.2209930419922,225.2209930419922,225.2209930419922,16225398.0,115.97798156738281
2000-09-22,220.83900451660156,220.83900451660156,220.83900451660156,220.83900451660156,9258342.0,113.72144317626953
2000-09-25,219.96299743652344,219.96299743652344,219.96299743652344,219.96299743652344,6643565.0,113.2703628540039
2000-09-26,222.1540069580078,222.1540069580078,222.1540069580078,222.1540069580078,5365443.0,114.39863586425781
2000-09-27,219.96299743652344,219.96299743652344,219.96299743652344,219.96299743652344,12400274.0,113.2703628540039
2000-09-28,213.8280029296875,213.8280029296875,213.8280029296875,213.8280029296875,14541515.0,110.11112976074219
2000-09-29,211.89999389648438,211.89999389648438,211.89999389648438,211.89999389648438,8192144.0,109.1183090209961
2000-10-02,217.33399963378906,217.33399963378906,217.33399963378906,217.33399963378906,8231218.0,111.91651916503906
2000-10-03,222.1540069580078,222.1540069580078,222.1540069580078,222.1540069580078,9444859.0,114.39863586425781
2000-10-04,232.23199462890625,232.23199462890625,232.23199462890625,232.23199462890625,37279103.0,119.58827209472656
2000-10-05,228.7259979248047,228.7259979248047,228.7259979248047,228.7259979248047,24835395.0,117.78287506103516
2000-10-06,219.08599853515625,219.08599853515625,219.08599853515625,219.08599853515625,16573331.0,112.81871032714844
2000-10-09,215.406005859375,215.406005859375,215.406005859375,215.406005859375,7393646.0,110.92372131347656
2000-10-10,216.45700073242188,216.45700073242188,216.45700073242188,216.45700073242188,6696132.0,111.46491241455078
2000-10-11,215.843994140625,215.843994140625,215.843994140625,215.843994140625,9452982.0,111.14925384521484
2000-10-12,215.406005859375,215.406005859375,215.406005859375,215.406005859375,8646814.0,110.92372131347656
2000-10-13,213.6529998779297,213.6529998779297,213.6529998779297,213.6529998779297,6191700.0,110.02102661132812
2000-10-16,216.45700073242188,216.45700073242188,216.45700073242188,216.45700073242188,12951458.0,111.46491241455078
2000-10-17,211.63699340820312,211.63699340820312,211.63699340820312,211.63699340820312,6141323.0,108.98284912109375
2000-10-18,205.5030059814453,205.5030059814453,205.5030059814453,205.5030059814453,12799662.0,105.82418060302734
2000-10-19,209.44700622558594,209.44700622558594,209.44700622558594,209.44700622558594,10398937.0,107.85514831542969
2000-10-20,219.3489990234375,219.3489990234375,219.3489990234375,219.3489990234375,10464154.0,112.95419311523438
2000-10-23,223.02999877929688,223.02999877929688,223.02999877929688,223.02999877929688,8231743.0,114.8497085571289
2000-10-24,220.83900451660156,220.83900451660156,220.83900451660156,220.83900451660156,13367570.0,113.72144317626953
2000-10-25,212.0760040283203,212.0760040283203,212.0760040283203,212.0760040283203,9062818.0,109.20893096923828
2000-10-26,214.7050018310547,214.7050018310547,214.7050018310547,214.7050018310547,6048625.0,110.56275177001953
2000-10-27,212.0760040283203,212.0760040283203,212.0760040283203,212.0760040283203,3140683.0,109.20893096923828
2000-10-30,214.26699829101562,214.26699829101562,214.26699829101562,214.26699829101562,6950321.0,110.33718872070312
2000-10-31,230.47900390625,230.47900390625,230.47900390625,230.47900390625,23348089.0,118.68557739257812
2000-11-01,232.23199462890625,232.23199462890625,232.23199462890625,232.23199462890625,9110603.0,119.58827209472656
2000-11-02,230.74200439453125,230.74200439453125,230.74200439453125,230.74200439453125,5785480.0,118.8210220336914
2000-11-03,232.23199462890625,232.23199462890625,232.23199462890625,232.23199462890625,2228692.0,119.58827209472656
2000-11-06,239.24200439453125,239.24200439453125,239.24200439453125,239.24200439453125,3115090.0,123.19815063476562
2000-11-07,241.87100219726562,241.87100219726562,241.87100219726562,241.87100219726562,7616171.0,124.55194091796875
2000-11-08,233.98399353027344,233.98399353027344,233.98399353027344,233.98399353027344,9823218.0,120.49052429199219
2000-11-09,234.68499755859375,234.68499755859375,234.68499755859375,234.68499755859375,2729333.0,120.85149383544922
2000-11-10,235.73699951171875,235.73699951171875,235.73699951171875,235.73699951171875,3376560.0,121.39320373535156
2000-11-13,229.86500549316406,229.86500549316406,229.86500549316406,229.86500549316406,4963000.0,118.3694076538086
2000-11-14,226.9739990234375,226.9739990234375,226.9739990234375,226.9739990234375,5036973.0,116.88069152832031
2000-11-15,225.2209930419922,225.2209930419922,225.2209930419922,225.2209930419922,6780291.0,115.97798156738281
2000-11-16,226.36000061035156,226.36000061035156,226.36000061035156,226.36000061035156,4038892.0,116.56451416015625
2000-11-17,215.58099365234375,215.58099365234375,215.58099365234375,215.58099365234375,6950348.0,111.01383972167969
2000-11-20,214.7050018310547,214.7050018310547,214.7050018310547,214.7050018310547,3909455.0,110.56275177001953
2000-11-21,218.91099548339844,218.91099548339844,218.91099548339844,218.91099548339844,5518093.0,112.7286148071289
2000-11-22,210.322998046875,210.322998046875,210.322998046875,210.322998046875,9197548.0,108.30619049072266
2000-11-23,212.0760040283203,212.0760040283203,212.0760040283203,212.0760040283203,4697234.0,109.20893096923828
2000-11-24,205.9409942626953,205.9409942626953,205.9409942626953,205.9409942626953,1915928.0,106.0496826171875
2000-11-27,205.9409942626953,205.9409942626953,205.9409942626953,205.9409942626953,15037857.0,106.0496826171875
2000-11-28,207.25599670410156,207.25599670410156,207.25599670410156,207.25599670410156,5770093.0,106.72686004638672
2000-11-29,205.9409942626953,205.9409942626953,205.9409942626953,205.9409942626953,12199625.0,106.0496826171875
2000-11-30,201.55999755859375,201.55999755859375,201.55999755859375,201.55999755859375,8161689.0,103.79368591308594
2000-12-01,199.8070068359375,199.8070068359375,199.8070068359375,199.8070068359375,6003771.0,102.8909683227539
2000-12-04,212.51400756835938,212.51400756835938,212.51400756835938,212.51400756835938,12801135.0,109.43445587158203
2000-12-05,224.34500122070312,224.34500122070312,224.34500122070312,224.34500122070312,20090580.0,115.52687072753906
2000-12-06,223.02999877929688,223.02999877929688,223.02999877929688,223.02999877929688,6734380.0,114.8497085571289
2000-12-07,223.46800231933594,223.46800231933594,223.46800231933594,223.46800231933594,26344304.0,115.07527160644531
2000-12-08,233.10800170898438,233.10800170898438,233.10800170898438,233.10800170898438,21909518.0,120.0394058227539
2000-12-11,235.73699951171875,235.73699951171875,235.73699951171875,235.73699951171875,13383070.0,121.39320373535156
2000-12-12,241.6959991455078,241.6959991455078,241.6959991455078,241.6959991455078,13950412.0,124.46180725097656
2000-12-13,226.0970001220703,226.0970001220703,226.0970001220703,226.0970001220703,16248464.0,116.4290542602539
2000-12-14,218.6479949951172,218.6479949951172,218.6479949951172,218.6479949951172,8002568.0,112.59319305419922
2000-12-15,219.96299743652344,219.96299743652344,219.96299743652344,219.96299743652344,12889844.0,113.2703628540039
2000-12-18,220.83900451660156,220.83900451660156,220.83900451660156,220.83900451660156,7880835.0,113.72144317626953
2000-12-19,225.04600524902344,225.04600524902344,225.04600524902344,225.04600524902344,5906198.0,115.88787078857422
2000-12-20,223.7310028076172,223.7310028076172,223.7310028076172,223.7310028076172,9876383.0,115.2107162475586
2000-12-21,226.0970001220703,226.0970001220703,226.0970001220703,226.0970001220703,4835239.0,116.4290542602539
2000-12-22,226.53500366210938,226.53500366210938,226.53500366210938,226.53500366210938,1606730.0,116.65463256835938
2000-12-25,226.53500366210938,226.53500366210938,226.53500366210938,226.53500366210938,0.0,116.65463256835938
2000-12-26,226.53500366210938,226.53500366210938,226.53500366210938,226.53500366210938,0.0,116.65463256835938
2000-12-27,231.35499572753906,231.35499572753906,231.35499572753906,231.35499572753906,992001.0,119.13665008544922
2000-12-28,229.60299682617188,229.60299682617188,229.60299682617188,229.60299682617188,1023222.0,118.2344970703125
2000-12-29,226.0970001220703,226.0970001220703,226.0970001220703,226.0970001220703,1319039.0,116.4290542602539
2001-01-01,226.0970001220703,226.0970001220703,226.0970001220703,226.0970001220703,0.0,116.4290542602539
2001-01-02,236.61300659179688,220.83900451660156,226.0970001220703,230.04100036621094,7597230.0,118.46000671386719
2001-01-03,227.85000610351562,221.71499633789062,226.0970001220703,222.5919952392578,7318827.0,114.6241455078125
2001-01-04,243.62399291992188,225.0019989013672,225.0019989013672,240.9949951171875,14476571.0,124.1008071899414
2001-01-05,245.3769989013672,237.70899963378906,239.24200439453125,244.5,11131573.0,125.90570068359375
2001-01-08,251.51100158691406,239.89999389648438,239.89999389648438,244.06199645996094,14792214.0,125.6801986694336
2001-01-09,249.75900268554688,233.54600524902344,244.93899536132812,236.61300659179688,25171810.0,121.84429168701172
2001-01-10,236.1750030517578,229.16400146484375,234.86099243164062,229.16400146484375,6916330.0,118.0084228515625
2001-01-11,234.86099243164062,228.5070037841797,231.79299926757812,231.35499572753906,21815664.0,119.13665008544922
2001-01-12,233.98399353027344,228.7259979248047,230.77699279785156,231.35499572753906,8791125.0,119.13665008544922
2001-01-15,235.73699951171875,232.01300048828125,233.10800170898438,232.23199462890625,7183903.0,119.58827209472656
2001-01-16,237.052001953125,232.23199462890625,233.10800170898438,234.86099243164062,24833252.0,120.94210052490234
2001-01-17,248.00599670410156,237.49000549316406,237.49000549316406,239.24200439453125,4809488.0,123.19815063476562
2001-01-18,242.30999755859375,234.2030029296875,240.9949951171875,236.61300659179688,27703879.0,121.84429168701172
2001-01-19,250.41600036621094,236.3939971923828,240.9949951171875,245.3769989013672,13620370.0,126.35734558105469
2001-01-22,255.89300537109375,246.2530059814453,247.12899780273438,251.94900512695312,21314809.0,129.7416229248047
2001-01-23,260.2749938964844,250.85400390625,251.51100158691406,254.13999938964844,22001719.0,130.869873046875
2001-01-24,252.8260040283203,252.8260040283203,252.8260040283203,252.8260040283203,28174698.0,130.19322204589844
2001-01-25,259.8370056152344,249.32000732421875,254.13999938964844,256.7690124511719,22359799.0,132.2237091064453
2001-01-26,267.7239990234375,267.7239990234375,267.7239990234375,267.7239990234375,21972908.0,137.86495971679688
2001-01-29,267.2850036621094,253.92100524902344,267.2850036621094,253.92100524902344,12498668.0,130.757080078125
2001-01-30,254.5780029296875,245.81500244140625,254.5780029296875,250.41600036621094,14888044.0,128.95216369628906
2001-01-31,255.01699829101562,246.91000366210938,253.70199584960938,248.8820037841797,10886290.0,128.16224670410156
2001-02-01,262.0270080566406,248.66299438476562,250.41600036621094,259.8370056152344,20964575.0,133.80355834960938
2001-02-02,266.19000244140625,260.7130126953125,262.0270080566406,262.90399169921875,24983321.0,135.3828887939453
2001-02-05,265.3139953613281,256.11199951171875,265.3139953613281,256.7690124511719,15630087.0,132.2237091064453
2001-02-06,262.0270080566406,256.54998779296875,256.7690124511719,262.0270080566406,19053616.0,134.93130493164062
2001-02-07,265.0950012207031,260.9320068359375,262.0270080566406,261.1510009765625,8970979.0,134.4801788330078
2001-02-08,262.5530090332031,245.1580047607422,259.61700439453125,261.5889892578125,10971426.0,134.70571899414062
2001-02-09,276.04901123046875,258.5220031738281,261.5889892578125,273.4200134277344,25168912.0,140.79815673828125
2001-02-12,276.04901123046875,262.90399169921875,273.4200134277344,265.0950012207031,18470989.0,136.51113891601562
2001-02-13,265.5329895019531,252.38800048828125,264.875,255.89300537109375,27128942.0,131.77256774902344
2001-02-14,260.9320068359375,249.75900268554688,254.79800415039062,258.5220031738281,50215009.0,133.12640380859375
2001-02-15,274.7340087890625,258.5220031738281,259.1789855957031,271.6669921875,21300858.0,139.8954315185547
2001-02-16,276.92498779296875,267.9429931640625,270.3529968261719,269.0379943847656,5263769.0,138.54161071777344
2001-02-19,276.48699951171875,268.6000061035156,271.6669921875,273.6390075683594,4926915.0,140.91087341308594
2001-02-20,276.92498779296875,267.2850036621094,276.92498779296875,269.91400146484375,6243884.0,138.9927215576172
2001-02-21,268.6000061035156,264.875,268.6000061035156,266.40899658203125,5294819.0,138.6103057861328
2001-02-22,272.54400634765625,264.656005859375,264.656005859375,269.47601318359375,9824378.0,140.20603942871094
2001-02-23,275.1730041503906,262.90399169921875,271.6669921875,263.7799987792969,12446133.0,137.24244689941406
2001-02-26,266.40899658203125,261.1510009765625,266.40899658203125,263.7799987792969,6884651.0,137.24244689941406
2001-02-27,271.6669921875,264.43701171875,264.656005859375,271.6669921875,7341239.0,141.34596252441406
2001-02-28,282.1830139160156,270.7909851074219,271.6669921875,279.1159973144531,16025174.0,145.22164916992188
2001-03-01,281.7359924316406,268.1619873046875,279.1159973144531,269.0379943847656,20855507.0,139.97816467285156
2001-03-02,273.4200134277344,267.2850036621094,267.7239990234375,273.4200134277344,4863213.0,142.25807189941406
2001-03-05,276.92498779296875,270.7909851074219,275.1730041503906,276.04901123046875,8998708.0,143.6259002685547
2001-03-06,284.3739929199219,277.802001953125,277.802001953125,282.1830139160156,10832990.0,146.81736755371094
2001-03-07,290.9469909667969,281.5260009765625,283.7170104980469,287.4410095214844,22015222.0,149.5531005859375
2001-03-08,294.4519958496094,285.9079895019531,286.12701416015625,289.1940002441406,35293745.0,150.46517944335938
2001-03-09,290.5090026855469,284.81201171875,289.1940002441406,285.2510070800781,17895995.0,148.4136199951172
2001-03-12,285.2510070800781,274.2959899902344,284.81201171875,278.6780090332031,15342461.0,144.99375915527344
2001-03-13,273.6390075683594,258.5220031738281,272.1050109863281,262.90399169921875,20119446.0,136.7866668701172
2001-03-14,253.52699279785156,253.52699279785156,253.52699279785156,253.52699279785156,13420528.0,131.90789794921875
2001-03-15,257.64599609375,247.5679931640625,250.63499450683594,251.94900512695312,7999463.0,131.0868682861328
2001-03-16,257.864990234375,245.81500244140625,251.94900512695312,254.35899353027344,8999067.0,132.34080505371094
2001-03-19,302.3389892578125,281.3070068359375,299.7099914550781,289.1940002441406,157715364.0,150.46517944335938
2001-03-20,290.9469909667969,281.3070068359375,284.81201171875,290.9469909667969,50315709.0,151.37718200683594
2001-03-21,300.5870056152344,286.56500244140625,293.13800048828125,289.1940002441406,85916668.0,150.46517944335938
2001-03-22,289.1940002441406,267.2850036621094,289.1940002441406,269.91400146484375,35892513.0,140.43394470214844
2001-03-23,280.4309997558594,269.91400146484375,274.2959899902344,279.5539855957031,32553351.0,145.44952392578125
2001-03-26,280.4309997558594,276.04901123046875,276.04901123046875,278.4590148925781,11499034.0,144.8798065185547
2001-03-27,277.802001953125,273.20098876953125,277.802001953125,276.70599365234375,7625014.0,143.96775817871094
2001-03-28,277.802001953125,271.6669921875,276.70599365234375,276.04901123046875,11265403.0,143.6259002685547
2001-03-29,278.6780090332031,275.6109924316406,276.04901123046875,278.6780090332031,12155210.0,144.99375915527344
2001-03-30,282.1830139160156,276.92498779296875,278.02099609375,279.1159973144531,20102779.0,145.22164916992188
2001-04-02,279.1159973144531,276.04901123046875,278.4590148925781,277.5830078125,7086155.0,144.42405700683594
2001-04-03,278.02099609375,274.5150146484375,277.802001953125,275.3919982910156,15140084.0,143.28408813476562
2001-04-04,276.04901123046875,272.98199462890625,275.8299865722656,275.6109924316406,26722166.0,143.39801025390625
2001-04-05,283.9360046386719,275.6109924316406,275.6109924316406,279.5539855957031,38331826.0,145.44952392578125
2001-04-06,283.9360046386719,272.54400634765625,283.9360046386719,274.2959899902344,19935009.0,142.71380615234375
2001-04-09,278.6780090332031,275.1730041503906,276.04901123046875,278.6780090332031,18299053.0,144.99375915527344
2001-04-10,293.13800048828125,278.6780090332031,278.6780090332031,288.3179931640625,27707825.0,150.00936889648438
2001-04-11,297.9580078125,290.9469909667969,290.9469909667969,297.9580078125,39970449.0,155.02500915527344
2001-04-12,305.8450012207031,299.9289855957031,300.5870056152344,304.0920104980469,28702654.0,158.21644592285156
2001-04-13,304.0920104980469,304.0920104980469,304.0920104980469,304.0920104980469,0.0,158.21644592285156
2001-04-16,304.0920104980469,304.0920104980469,304.0920104980469,304.0920104980469,0.0,158.21644592285156
2001-04-17,302.7770080566406,297.9580078125,302.7770080566406,302.3389892578125,24081179.0,157.3043670654297
2001-04-18,313.73199462890625,304.0920104980469,304.9679870605469,307.15899658203125,20816988.0,159.81216430664062
2001-04-19,315.4840087890625,308.6929931640625,309.7879943847656,314.1700134277344,18161385.0,163.4599609375
2001-04-20,326.0010070800781,315.3789978027344,318.1130065917969,318.989990234375,32187201.0,165.96775817871094
2001-04-23,318.989990234375,306.94000244140625,311.5409851074219,308.9119873046875,13582072.0,160.7242431640625
2001-04-24,313.29400634765625,299.09698486328125,308.9119873046875,305.8450012207031,10842960.0,159.1284942626953
2001-04-25,307.71099853515625,297.9580078125,303.65399169921875,302.5580139160156,9374181.0,157.41831970214844
2001-04-26,301.9010009765625,279.5539855957031,301.9010009765625,281.3070068359375,38729578.0,146.3616485595703
2001-04-27,293.57598876953125,277.802001953125,284.81201171875,293.57598876953125,51730050.0,152.7450408935547
2001-04-30,301.6820068359375,290.1409912109375,297.9580078125,301.4630126953125,18839081.0,156.84860229492188
2001-05-01,304.0920104980469,300.14801025390625,302.3389892578125,303.21600341796875,35955785.0,157.76071166992188
2001-05-02,311.1029968261719,296.2049865722656,304.0920104980469,299.7099914550781,20809198.0,155.93646240234375
2001-05-03,304.0920104980469,289.1940002441406,302.3389892578125,293.7950134277344,30106484.0,152.85897827148438
2001-05-04,304.5299987792969,292.0419921875,295.3290100097656,301.6820068359375,16821887.0,156.96250915527344
2001-05-07,301.6820068359375,301.6820068359375,301.6820068359375,301.6820068359375,0.0,156.96250915527344
2001-05-08,306.72100830078125,299.7099914550781,304.9679870605469,305.8450012207031,22778300.0,159.1284942626953
2001-05-09,308.0360107421875,302.3389892578125,305.8450012207031,304.5299987792969,15323602.0,158.4443359375
2001-05-10,313.95098876953125,304.5299987792969,304.5299987792969,313.29400634765625,20278410.0,163.00418090820312
2001-05-11,319.8659973144531,310.44500732421875,317.23699951171875,311.5409851074219,16761962.0,162.0920867919922
2001-05-14,315.0459899902344,308.9119873046875,313.07501220703125,308.9119873046875,23947953.0,160.7242431640625
2001-05-15,315.4840087890625,311.97900390625,311.97900390625,314.8269958496094,31321490.0,163.80178833007812
2001-05-16,324.24798583984375,312.8550109863281,312.8550109863281,324.24798583984375,26711828.0,168.7034454345703
2001-05-17,336.9549865722656,328.6300048828125,328.6300048828125,333.88800048828125,38178462.0,173.71908569335938
2001-05-18,340.89801025390625,326.2200012207031,337.39300537109375,328.6300048828125,19523090.0,170.9833221435547
2001-05-21,341.3370056152344,331.6969909667969,339.14599609375,334.7640075683594,46770957.0,174.17481994628906
2001-05-22,340.0220031738281,334.7640075683594,334.7640075683594,339.5840148925781,13141833.0,176.68264770507812
2001-05-23,339.19000244140625,333.010986328125,333.010986328125,336.0790100097656,17809858.0,174.8590087890625
2001-05-24,337.39300537109375,333.88800048828125,336.2099914550781,337.39300537109375,11077330.0,175.5426788330078
2001-05-25,336.5169982910156,321.1809997558594,333.88800048828125,329.7250061035156,20671983.0,171.55307006835938
2001-05-28,329.7250061035156,329.7250061035156,329.7250061035156,329.7250061035156,0.0,171.55307006835938
2001-05-29,332.135009765625,322.4949951171875,330.3819885253906,327.31500244140625,7135461.0,170.29917907714844
2001-05-30,322.4949951171875,315.4840087890625,322.4949951171875,317.23699951171875,24661219.0,165.05564880371094
2001-05-31,317.23699951171875,313.29400634765625,317.23699951171875,314.3890075683594,22478526.0,163.5739288330078
2001-06-01,316.3609924316406,312.4259948730469,315.4840087890625,314.1700134277344,18341060.0,163.4599609375
2001-06-04,320.7430114746094,308.6929931640625,313.73199462890625,318.552001953125,21196981.0,165.7398681640625
2001-06-05,322.4949951171875,315.4840087890625,319.4280090332031,322.4949951171875,17604822.0,167.79136657714844
2001-06-06,331.2590026855469,322.4949951171875,322.4949951171875,330.3819885253906,24871002.0,171.89491271972656
2001-06-07,336.5169982910156,315.5369873046875,330.3819885253906,333.010986328125,21239141.0,173.2627716064453
2001-06-08,344.18499755859375,330.8210144042969,330.8210144042969,339.14599609375,17388224.0,176.4547576904297
2001-06-11,339.197998046875,333.010986328125,338.927001953125,334.7640075683594,18046656.0,174.17481994628906
2001-06-12,334.7640075683594,320.9620056152344,329.5060119628906,322.4949951171875,19926195.0,167.79136657714844
2001-06-13,324.24798583984375,317.23699951171875,319.8659973144531,321.6189880371094,23826599.0,167.3355712890625
2001-06-14,323.1440124511719,313.73199462890625,321.8380126953125,318.77099609375,35312995.0,165.8538055419922
2001-06-15,320.7430114746094,305.8450012207031,305.8450012207031,319.8659973144531,11308714.0,166.4235076904297
2001-06-18,320.7430114746094,316.79901123046875,319.8659973144531,318.1130065917969,5147917.0,165.51144409179688
2001-06-19,321.6189880371094,315.88800048828125,317.8940124511719,319.8659973144531,24005446.0,166.4235076904297
2001-06-20,325.56201171875,315.2650146484375,321.6189880371094,317.23699951171875,42896860.0,165.05564880371094
2001-06-21,316.3609924316406,300.5870056152344,316.3609924316406,306.72100830078125,29419070.0,159.58432006835938
2001-06-22,312.635986328125,300.36700439453125,308.1929931640625,303.87298583984375,11151103.0,158.10250854492188
2001-06-25,342.6510009765625,298.8340148925781,342.6510009765625,303.65399169921875,9724012.0,157.98855590820312
2001-06-26,306.72100830078125,298.39599609375,306.72100830078125,299.2720031738281,23480551.0,155.7086181640625
2001-06-27,306.0639953613281,300.5870056152344,300.5870056152344,304.9679870605469,20858222.0,158.6721649169922
2001-06-28,311.1029968261719,299.2720031738281,311.1029968261719,304.9679870605469,20584721.0,158.6721649169922
2001-06-29,311.0679931640625,301.4630126953125,307.8160095214844,310.44500732421875,13933944.0,161.52183532714844
2001-07-02,314.6080017089844,306.94000244140625,314.6080017089844,313.29400634765625,18519694.0,163.00418090820312
2001-07-03,320.7430114746094,314.6080017089844,316.3609924316406,316.5799865722656,13278369.0,164.71385192871094
2001-07-04,322.2619934082031,318.989990234375,319.8659973144531,320.7430114746094,27359193.0,166.8798065185547
2001-07-05,318.77099609375,312.8550109863281,318.1130065917969,315.4840087890625,16317148.0,164.1436309814453
2001-07-06,313.20599365234375,304.9679870605469,312.8550109863281,309.3500061035156,19688127.0,160.95211791992188
2001-07-09,308.2550048828125,295.5480041503906,306.72100830078125,308.2550048828125,6033006.0,160.3824005126953
2001-07-10,308.0360107421875,299.7099914550781,306.72100830078125,301.2439880371094,8175854.0,156.73464965820312
2001-07-11,303.21600341796875,296.2049865722656,299.2720031738281,301.9010009765625,8782896.0,157.0764923095703
2001-07-12,313.51300048828125,303.43499755859375,304.0920104980469,310.22601318359375,15575815.0,161.40792846679688
2001-07-13,310.22601318359375,310.22601318359375,310.22601318359375,310.22601318359375,14220031.0,161.40792846679688
2001-07-16,319.6470031738281,306.50201416015625,313.20599365234375,310.22601318359375,15002770.0,161.40792846679688
2001-07-17,309.7879943847656,305.18701171875,308.9119873046875,308.4739990234375,10675412.0,160.49636840820312
2001-07-18,310.22601318359375,297.9580078125,306.72100830078125,302.3389892578125,18723995.0,157.3043670654297
2001-07-19,302.3389892578125,296.2049865722656,302.3389892578125,300.5870056152344,9522200.0,156.39285278320312
2001-07-20,300.5870056152344,285.6889953613281,300.5870056152344,293.13800048828125,18923035.0,152.51719665527344
2001-07-23,293.57598876953125,285.6889953613281,290.9469909667969,287.8800048828125,8531788.0,149.78147888183594
2001-07-24,284.81201171875,270.7909851074219,283.9360046386719,276.48699951171875,30690061.0,143.85377502441406
2001-07-25,274.7340087890625,261.5889892578125,269.91400146484375,266.84698486328125,26903807.0,138.8381805419922
2001-07-26,272.98199462890625,269.072998046875,271.6669921875,271.6669921875,25770603.0,141.34596252441406
2001-07-27,279.239013671875,273.20098876953125,274.2959899902344,277.802001953125,12355255.0,144.53799438476562
2001-07-30,284.3739929199219,277.802001953125,277.802001953125,282.1830139160156,9127789.0,146.81736755371094
2001-07-31,288.3179931640625,278.6780090332031,282.6210021972656,287.4410095214844,20414859.0,149.5531005859375
2001-08-01,296.64300537109375,288.08599853515625,288.08599853515625,294.4519958496094,19605098.0,153.20083618164062
2001-08-02,297.9580078125,287.00299072265625,287.00299072265625,294.4519958496094,26301360.0,153.20083618164062
2001-08-03,297.9580078125,291.39898681640625,292.6990051269531,294.4519958496094,22759648.0,153.20083618164062
2001-08-06,299.7099914550781,295.5480041503906,297.9580078125,297.5190124511719,5743710.0,154.7965850830078
2001-08-07,296.2049865722656,289.1940002441406,294.4519958496094,292.260986328125,23484738.0,152.0608673095703
2001-08-08,291.2919921875,283.7170104980469,291.2919921875,285.6889953613281,20018609.0,148.64154052734375
2001-08-09,285.6889953613281,278.6780090332031,281.3070068359375,280.4309997558594,7431793.0,145.90586853027344
2001-08-10,283.9360046386719,277.802001953125,280.4309997558594,280.4309997558594,12036907.0,145.90586853027344
2001-08-13,284.81201171875,279.1159973144531,284.81201171875,283.05999755859375,9521140.0,147.273681640625
2001-08-14,283.6210021972656,278.6780090332031,278.6780090332031,282.6210021972656,34390266.0,147.0452880859375
2001-08-15,287.4410095214844,282.6210021972656,284.81201171875,284.3739929199219,6991174.0,147.95730590820312
2001-08-16,281.3070068359375,277.802001953125,278.6780090332031,278.8970031738281,15649878.0,145.10775756835938
2001-08-17,283.05999755859375,278.6780090332031,281.385986328125,278.6780090332031,9587478.0,144.99375915527344
2001-08-20,286.1820068359375,276.04901123046875,278.6780090332031,277.5830078125,10653932.0,144.42405700683594
2001-08-21,280.4309997558594,271.447998046875,280.4309997558594,275.6109924316406,21299083.0,143.39801025390625
2001-08-22,279.5539855957031,273.20098876953125,274.1719970703125,278.6780090332031,22511253.0,144.99375915527344
2001-08-23,286.34600830078125,279.5539855957031,280.4309997558594,283.9360046386719,13670639.0,147.7294158935547
2001-08-24,293.7950134277344,283.7170104980469,284.7330017089844,290.9469909667969,20687418.0,151.37718200683594
2001-08-27,290.9469909667969,290.9469909667969,290.9469909667969,290.9469909667969,0.0,151.37718200683594
2001-08-28,298.8340148925781,290.9469909667969,297.9580078125,290.9469909667969,25997060.0,151.37718200683594
2001-08-29,296.2049865722656,291.385009765625,291.49200439453125,292.0419921875,8382854.0,151.9469451904297
2001-08-30,295.9859924316406,285.2510070800781,292.2760009765625,286.34600830078125,14229259.0,148.98336791992188
2001-08-31,290.0419921875,282.4020080566406,290.0419921875,285.6889953613281,11995279.0,148.64154052734375
2001-09-03,289.1940002441406,277.802001953125,286.1409912109375,282.1830139160156,7179754.0,146.81736755371094
2001-09-04,293.35699462890625,282.6210021972656,283.05999755859375,288.9750061035156,13575063.0,150.3511962890625
2001-09-05,297.9580078125,287.4410095214844,287.6960144042969,295.1090087890625,18687344.0,153.5426788330078
2001-09-06,295.3290100097656,289.1940002441406,295.322998046875,290.07000732421875,26763077.0,150.92092895507812
2001-09-07,288.0989990234375,278.6780090332031,285.9519958496094,278.6780090332031,9614966.0,144.99375915527344
2001-09-10,278.6780090332031,271.22900390625,273.8580017089844,275.6109924316406,18530770.0,143.39801025390625
2001-09-11,280.4309997558594,267.2850036621094,276.656005859375,268.1619873046875,11179398.0,139.52235412597656
2001-09-12,271.6669921875,251.72999572753906,268.59600830078125,260.2749938964844,22803852.0,135.41883850097656
2001-09-13,266.40899658203125,260.2749938964844,262.90399169921875,262.0270080566406,12826124.0,136.33042907714844
2001-09-14,261.1510009765625,246.4720001220703,260.0559997558594,255.01699829101562,9905858.0,132.68316650390625
2001-09-17,255.01699829101562,240.9949951171875,252.38800048828125,249.75900268554688,24412998.0,129.9474334716797
2001-09-18,257.64599609375,245.81500244140625,249.75900268554688,250.19700622558594,14809171.0,130.17532348632812
2001-09-19,252.8260040283203,240.11900329589844,252.8260040283203,241.87100219726562,8038479.0,125.84339141845703
2001-09-20,238.36599731445312,224.34500122070312,238.36599731445312,226.0970001220703,25684078.0,117.63636016845703
2001-09-21,233.54600524902344,210.322998046875,227.85000610351562,228.7259979248047,21949331.0,119.00418853759766
2001-09-24,240.9949951171875,227.41200256347656,227.41200256347656,235.95599365234375,16291572.0,122.76583099365234
2001-09-25,244.5,230.47900390625,237.49000549316406,240.9949951171875,26668728.0,125.38760375976562
2001-09-26,242.9669952392578,237.49000549316406,239.68099975585938,238.36599731445312,13265717.0,124.0197982788086
2001-09-27,240.33799743652344,232.23199462890625,240.33799743652344,235.73699951171875,21211667.0,122.65190124511719
2001-09-28,245.20199584960938,245.20199584960938,245.20199584960938,245.20199584960938,16616539.0,127.57649993896484
2001-10-01,249.32000732421875,243.62399291992188,245.1580047607422,244.93899536132812,9010279.0,127.43966674804688
2001-10-02,248.8820037841797,241.21400451660156,248.8820037841797,246.2530059814453,9247974.0,128.12330627441406
2001-10-03,254.13999938964844,244.93899536132812,247.12899780273438,251.51100158691406,9554574.0,130.8590087890625
2001-10-04,262.0270080566406,254.35899353027344,258.5220031738281,258.5220031738281,40073628.0,134.50682067871094
2001-10-05,260.2749938964844,251.51100158691406,259.39801025390625,256.7690124511719,12349276.0,133.5947265625
2001-10-08,258.3030090332031,250.19700622558594,253.26400756835938,256.7690124511719,9568231.0,133.5947265625
2001-10-09,259.1789855957031,254.13999938964844,256.7690124511719,256.54998779296875,12172512.0,133.4807586669922
2001-10-10,261.8080139160156,251.51100158691406,254.13999938964844,260.2749938964844,12582499.0,135.41883850097656
2001-10-11,271.447998046875,260.6659851074219,266.40899658203125,269.91400146484375,23005298.0,140.43394470214844
2001-10-12,275.8299865722656,267.2850036621094,268.1619873046875,274.2959899902344,24360966.0,142.71380615234375
2001-10-15,277.802001953125,270.7909851074219,273.4200134277344,276.70599365234375,6429385.0,143.96775817871094
2001-10-16,276.70599365234375,276.70599365234375,276.70599365234375,276.70599365234375,18524414.0,143.96775817871094
2001-10-17,282.1830139160156,270.1340026855469,271.6669921875,279.5539855957031,12328463.0,145.44952392578125
2001-10-18,274.5769958496094,266.40899658203125,274.5769958496094,269.0379943847656,14666763.0,139.97816467285156
2001-10-19,271.6669921875,262.90399169921875,266.40899658203125,266.40899658203125,18342331.0,138.6103057861328
2001-10-22,267.2850036621094,256.7690124511719,267.2850036621094,256.7690124511719,21506026.0,133.5947265625
2001-10-23,266.40899658203125,260.2749938964844,261.5889892578125,262.46600341796875,24985137.0,136.55877685546875
2001-10-24,266.84698486328125,262.90399169921875,265.5329895019531,266.40899658203125,34240621.0,138.6103057861328
2001-10-25,272.3970031738281,237.98699951171875,272.07501220703125,270.1340026855469,14342916.0,140.54840087890625
2001-10-26,270.1340026855469,270.1340026855469,270.1340026855469,270.1340026855469,13237630.0,140.54840087890625
2001-10-29,269.0379943847656,263.9989929199219,265.3139953613281,268.8190002441406,35578532.0,139.8642120361328
2001-10-30,268.8190002441406,259.1789855957031,263.5610046386719,259.39801025390625,8588787.0,134.96258544921875
2001-10-31,260.7130126953125,251.94900512695312,257.2070007324219,256.33099365234375,10853313.0,133.3668212890625
2001-11-01,261.8080139160156,253.26400756835938,256.33099365234375,257.427001953125,7717851.0,133.93702697753906
2001-11-02,261.1510009765625,256.7690124511719,261.1510009765625,258.7409973144531,10963839.0,134.62069702148438
2001-11-05,260.4939880371094,250.63499450683594,258.6969909667969,258.5220031738281,16372425.0,134.50682067871094
2001-11-06,259.8370056152344,253.0449981689453,259.39801025390625,254.35899353027344,21487712.0,132.34080505371094
2001-11-07,256.33099365234375,253.0449981689453,255.01699829101562,253.0449981689453,33463677.0,131.65713500976562
2001-11-08,262.90399169921875,253.70199584960938,253.70199584960938,262.0270080566406,23566466.0,136.33042907714844
2001-11-09,268.6000061035156,259.39801025390625,261.1510009765625,267.7239990234375,21463034.0,139.29446411132812
2001-11-12,276.48699951171875,264.656005859375,269.91400146484375,273.4200134277344,23138916.0,142.25807189941406
2001-11-13,286.56500244140625,275.3919982910156,275.3919982910156,283.9360046386719,30937952.0,147.7294158935547
2001-11-14,304.9679870605469,283.9360046386719,283.9360046386719,292.6990051269531,37208329.0,154.7190399169922
2001-11-15,306.72100830078125,289.1940002441406,303.43499755859375,294.2330017089844,58848506.0,155.5299072265625
2001-11-16,285.6889953613281,239.8300018310547,280.010009765625,280.4309997558594,49445869.0,148.23426818847656
2001-11-19,291.60400390625,282.84100341796875,289.6319885253906,291.385009765625,24376619.0,154.02450561523438
2001-11-20,294.37298583984375,289.1940002441406,292.91900634765625,292.260986328125,13612557.0,154.4875030517578
2001-11-21,293.57598876953125,286.56500244140625,292.260986328125,287.4410095214844,19515469.0,151.93972778320312
2001-11-22,290.9469909667969,285.031005859375,287.4410095214844,288.5369873046875,7160558.0,152.51905822753906
2001-11-23,291.822998046875,282.84100341796875,291.822998046875,286.56500244140625,8835839.0,151.47665405273438
2001-11-26,295.7669982910156,284.718994140625,291.822998046875,294.2330017089844,8108607.0,155.5299072265625
2001-11-27,302.5580139160156,287.8800048828125,295.7669982910156,292.0419921875,21831318.0,154.3717803955078
2001-11-28,297.9580078125,289.1940002441406,292.0419921875,290.07000732421875,12217966.0,153.32937622070312
2001-11-29,294.8900146484375,286.78399658203125,288.9750061035156,293.57598876953125,12649393.0,155.1826171875
2001-11-30,305.9309997558594,290.9469909667969,295.9859924316406,295.3290100097656,13179155.0,156.10923767089844
2001-12-03,297.08099365234375,291.822998046875,294.4519958496094,294.4519958496094,16264102.0,155.64566040039062
2001-12-04,311.1029968261719,294.4519958496094,304.0920104980469,304.7489929199219,27761064.0,161.088623046875
2001-12-05,311.760009765625,302.7770080566406,308.0360107421875,306.72100830078125,11066199.0,162.13099670410156
2001-12-06,310.7229919433594,297.9580078125,306.50201416015625,307.15899658203125,11462622.0,162.36253356933594
2001-12-07,313.29400634765625,300.8059997558594,313.29400634765625,307.59698486328125,13091192.0,162.59408569335938
2001-12-10,306.72100830078125,292.91900634765625,305.18701171875,299.7099914550781,17986542.0,158.42501831054688
2001-12-11,302.1199951171875,294.4519958496094,299.7099914550781,296.64300537109375,11676925.0,156.8038330078125
2001-12-12,299.7099914550781,289.6319885253906,299.7099914550781,293.7950134277344,15615697.0,155.29837036132812
2001-12-13,292.6990051269531,287.4410095214844,290.07000732421875,291.385009765625,6199066.0,154.02450561523438
2001-12-14,292.4800109863281,284.81201171875,289.1940002441406,286.56500244140625,9977284.0,151.47665405273438
2001-12-17,293.13800048828125,286.56500244140625,289.4129943847656,291.822998046875,8767926.0,154.25601196289062
2001-12-18,302.1199951171875,289.6319885253906,291.385009765625,293.7950134277344,14127662.0,155.29837036132812
2001-12-19,297.9580078125,280.2120056152344,295.3290100097656,290.7279968261719,14328506.0,153.67718505859375
2001-12-20,293.57598876953125,283.9360046386719,293.57598876953125,286.12701416015625,8311016.0,151.2451629638672
2001-12-21,298.8340148925781,280.4309997558594,283.05999755859375,297.08099365234375,12369383.0,157.03538513183594
2001-12-24,308.9119873046875,289.1940002441406,289.1940002441406,304.0920104980469,2609145.0,160.74136352539062
2001-12-25,304.0920104980469,304.0920104980469,304.0920104980469,304.0920104980469,0.0,160.74136352539062
2001-12-26,304.0920104980469,304.0920104980469,304.0920104980469,304.0920104980469,0.0,160.74136352539062
2001-12-27,304.0920104980469,293.57598876953125,304.0920104980469,302.7770080566406,5665541.0,160.0462646484375
2001-12-28,309.9020080566406,299.7099914550781,300.36700439453125,304.5299987792969,10585569.0,160.9728546142578
2001-12-31,306.72100830078125,302.3389892578125,306.72100830078125,305.8450012207031,570981.0,161.66795349121094
2002-01-01,305.8450012207031,305.8450012207031,305.8450012207031,305.8450012207031,0.0,161.66795349121094
2002-01-02,311.760009765625,304.0920104980469,305.8450012207031,304.0920104980469,5455907.0,160.74136352539062
2002-01-03,318.552001953125,309.3500061035156,310.22601318359375,313.95098876953125,16303709.0,165.95272827148438
2002-01-04,324.24798583984375,313.95098876953125,319.4280090332031,322.4949951171875,12020832.0,170.46905517578125
2002-01-07,331.2590026855469,323.1520080566406,324.24798583984375,325.56201171875,14830937.0,172.0902862548828
2002-01-08,328.6300048828125,321.8380126953125,326.0010070800781,323.37200927734375,24725030.0,170.93263244628906
2002-01-09,332.135009765625,323.37200927734375,323.37200927734375,331.2590026855469,15155407.0,175.10169982910156
2002-01-10,331.2590026855469,324.6860046386719,326.2200012207031,328.6300048828125,15394294.0,173.7119903564453
2002-01-11,329.2869873046875,324.24798583984375,328.6300048828125,328.6300048828125,14784357.0,173.7119903564453
2002-01-14,318.552001953125,316.5799865722656,318.552001953125,318.3330078125,16011720.0,168.26905822753906
2002-01-15,320.3039855957031,312.8550109863281,312.8550109863281,318.989990234375,10033230.0,168.61636352539062
2002-01-16,318.1130065917969,312.635986328125,318.1130065917969,317.23699951171875,17026735.0,167.68968200683594
2002-01-17,317.23699951171875,311.1029968261719,315.4840087890625,312.635986328125,14033022.0,165.2576141357422
2002-01-18,315.4840087890625,308.2550048828125,312.197998046875,309.3500061035156,17103724.0,163.52069091796875
2002-01-21,320.90301513671875,311.0989990234375,317.45599365234375,320.7430114746094,11001224.0,169.54296875
2002-01-22,326.4389953613281,322.9330139160156,325.1239929199219,324.02899169921875,17312992.0,171.27996826171875
2002-01-23,331.2590026855469,325.3429870605469,327.31500244140625,331.2590026855469,23268536.0,175.10169982910156
2002-01-24,343.52801513671875,334.5450134277344,334.7640075683594,341.1180114746094,14755236.0,180.3131103515625
2002-01-25,340.89801025390625,331.0400085449219,340.89801025390625,331.2590026855469,29251038.0,175.10169982910156
2002-01-28,334.7640075683594,330.60101318359375,333.010986328125,332.135009765625,20422093.0,175.564697265625
2002-01-29,332.135009765625,324.4670104980469,331.6969909667969,327.75299072265625,15612828.0,173.24839782714844
2002-01-30,328.55999755859375,322.2760009765625,326.0010070800781,326.87701416015625,13569306.0,172.785400390625
2002-01-31,333.010986328125,326.87701416015625,326.87701416015625,332.572998046875,11104364.0,175.79620361328125
2002-02-01,338.7080078125,331.2590026855469,336.0790100097656,336.0790100097656,10945935.0,177.64952087402344
2002-02-04,345.0610046386719,335.447998046875,337.39300537109375,342.8699951171875,14627533.0,181.23916625976562
2002-02-05,345.93701171875,340.0220031738281,340.0220031738281,341.7749938964844,11594498.0,180.66033935546875
2002-02-06,350.97601318359375,346.1570129394531,346.3760070800781,348.7860107421875,17094886.0,184.36639404296875
2002-02-07,346.7040100097656,342.4849853515625,346.1570129394531,343.3080139160156,18094335.0,181.47067260742188
2002-02-08,345.2799987792969,341.3370056152344,343.52801513671875,342.6510009765625,9442481.0,181.12338256835938
2002-02-11,350.97601318359375,345.4989929199219,345.4989929199219,350.3190002441406,11932494.0,185.17665100097656
2002-02-12,354.9200134277344,349.0050048828125,351.1960144042969,349.6619873046875,12411659.0,184.829345703125
2002-02-13,364.12200927734375,349.6619873046875,353.1669921875,361.9309997558594,19315192.0,191.31471252441406
2002-02-14,367.1889953613281,362.0570068359375,362.8070068359375,364.55999755859375,3228175.0,192.70437622070312
2002-02-15,364.68701171875,349.8810119628906,355.5769958496094,350.97601318359375,20856235.0,185.52398681640625
2002-02-18,350.3190002441406,344.8420104980469,347.90899658203125,350.1000061035156,16028597.0,185.06089782714844
2002-02-19,348.7860107421875,346.1300048828125,347.90899658203125,346.8139953613281,18517709.0,183.32394409179688
2002-02-20,346.8139953613281,338.04998779296875,341.7749938964844,340.0220031738281,27199382.0,179.73374938964844
2002-02-21,343.52801513671875,336.7359924316406,343.52801513671875,338.927001953125,16015989.0,179.1549072265625
2002-02-22,340.89801025390625,334.9830017089844,338.2690124511719,339.8030090332031,9860209.0,179.61798095703125
2002-02-25,346.1570129394531,338.2690124511719,340.0220031738281,343.0889892578125,13139656.0,181.35487365722656
2002-02-26,353.385986328125,341.7749938964844,346.1570129394531,350.97601318359375,24510519.0,185.52398681640625
2002-02-27,355.5769958496094,350.1000061035156,350.5379943847656,354.9200134277344,15466487.0,187.60877990722656
2002-02-28,353.6050109863281,347.8900146484375,350.5379943847656,350.5379943847656,18434333.0,185.29244995117188
2002-03-01,352.72900390625,346.8139953613281,349.6619873046875,351.4150085449219,11675679.0,185.75601196289062
2002-03-04,365.6549987792969,352.2909851074219,352.2909851074219,361.9309997558594,17437533.0,191.31471252441406
2002-03-05,361.9309997558594,356.8919982910156,361.9309997558594,357.98699951171875,9655802.0,189.22994995117188
2002-03-06,364.55999755859375,352.2909851074219,357.98699951171875,361.4930114746094,15752888.0,191.0832061767578
2002-03-07,368.06500244140625,361.44000244140625,361.4930114746094,364.55999755859375,10102361.0,192.70437622070312
2002-03-08,368.9419860839844,357.98699951171875,361.0539855957031,365.4360046386719,11035755.0,193.16744995117188
2002-03-11,367.1889953613281,359.302001953125,362.8070068359375,362.5880126953125,5160644.0,191.66195678710938
2002-03-12,362.5880126953125,355.7959899902344,362.1499938964844,360.6159973144531,9216800.0,190.6196746826172
2002-03-13,360.1780090332031,352.510009765625,353.6050109863281,354.48199462890625,13430767.0,187.3771514892578
2002-03-14,350.5379943847656,344.18499755859375,350.5379943847656,346.8139953613281,11601500.0,183.32394409179688
2002-03-15,347.47100830078125,340.89801025390625,343.52801513671875,346.3760070800781,9685118.0,183.0924072265625
2002-03-18,352.0719909667969,333.010986328125,333.010986328125,349.2239990234375,6546926.0,184.59780883789062
2002-03-19,357.1109924316406,349.10101318359375,349.6619873046875,356.4540100097656,25608042.0,188.41961669921875
2002-03-20,361.7560119628906,352.947998046875,359.302001953125,354.9200134277344,22415343.0,187.60877990722656
2002-03-21,354.7959899902344,347.47100830078125,353.6050109863281,349.6619873046875,11464235.0,184.829345703125
2002-03-22,351.8529968261719,345.2799987792969,350.5379943847656,347.90899658203125,5938300.0,183.9027862548828
2002-03-25,351.8529968261719,342.6510009765625,348.5669860839844,344.40399169921875,10752178.0,182.050048828125
2002-03-26,345.0610046386719,337.39300537109375,345.0610046386719,340.4599914550781,14698377.0,179.9652557373047
2002-03-27,347.90899658203125,340.5790100097656,343.3080139160156,345.7179870605469,7077613.0,182.74459838867188
2002-03-28,345.7179870605469,345.7179870605469,345.7179870605469,345.7179870605469,9822594.0,182.74459838867188
2002-03-29,345.7179870605469,345.7179870605469,345.7179870605469,345.7179870605469,0.0,182.74459838867188
2002-04-01,345.7179870605469,345.7179870605469,345.7179870605469,345.7179870605469,0.0,182.74459838867188
2002-04-02,358.42498779296875,347.90899658203125,356.2349853515625,356.2349853515625,14242056.0,188.30386352539062
2002-04-03,363.1579895019531,356.8340148925781,357.76800537109375,361.9309997558594,15075252.0,191.31471252441406
2002-04-04,362.0570068359375,355.7959899902344,361.9309997558594,359.739990234375,19763296.0,190.15655517578125
2002-04-05,363.90301513671875,357.76800537109375,359.302001953125,359.739990234375,24398271.0,190.15655517578125
2002-04-08,362.3689880371094,354.9200134277344,359.302001953125,359.9590148925781,13548225.0,190.27236938476562
2002-04-09,363.6830139160156,358.5830078125,361.0539855957031,361.4930114746094,8266256.0,191.0832061767578
2002-04-10,362.8949890136719,356.4540100097656,359.9590148925781,359.302001953125,10209611.0,189.9251251220703
2002-04-11,362.8070068359375,341.7749938964844,360.6159973144531,350.5379943847656,9210278.0,185.29244995117188
2002-04-12,356.6730041503906,344.8420104980469,350.5379943847656,346.5950012207031,12719295.0,183.2082061767578
2002-04-15,354.9200134277344,347.25201416015625,350.5379943847656,352.2909851074219,6671193.0,186.2190399169922
2002-04-16,356.6730041503906,350.5379943847656,355.7959899902344,353.1669921875,10949503.0,186.68209838867188
2002-04-17,359.302001953125,353.1669921875,355.3580017089844,353.1669921875,14822481.0,186.68209838867188
2002-04-18,355.7959899902344,347.90899658203125,354.04400634765625,348.5669860839844,11206237.0,184.25054931640625
2002-04-19,354.9200134277344,348.2619934082031,348.7860107421875,352.510009765625,43834522.0,186.3348388671875
2002-04-22,357.3299865722656,349.6619873046875,353.1669921875,354.04400634765625,12831851.0,187.1456756591797
2002-04-23,354.1310119628906,341.09100341796875,352.72900390625,342.2130126953125,20431797.0,180.891845703125
2002-04-24,342.8699951171875,333.010986328125,338.7080078125,337.61199951171875,20840875.0,178.4598388671875
2002-04-25,336.9549865722656,329.5060119628906,336.2980041503906,331.0400085449219,21819225.0,174.98593139648438
2002-04-26,331.2590026855469,322.9330139160156,331.0400085449219,324.24798583984375,15285116.0,171.3956756591797
2002-04-29,331.2590026855469,322.0570068359375,326.4389953613281,325.1239929199219,55324088.0,171.8587188720703
2002-04-30,329.1199951171875,321.6189880371094,326.87701416015625,321.6189880371094,18187766.0,170.00604248046875
2002-05-01,323.37200927734375,314.3890075683594,318.77099609375,316.3609924316406,21331497.0,167.22666931152344
2002-05-02,321.1809997558594,314.8529968261719,317.67498779296875,320.7430114746094,23879156.0,169.54296875
2002-05-03,335.6400146484375,320.7430114746094,326.0010070800781,328.6300048828125,23973849.0,173.7119903564453
2002-05-06,328.6300048828125,328.6300048828125,328.6300048828125,328.6300048828125,0.0,173.7119903564453
2002-05-07,334.7640075683594,323.37200927734375,334.7640075683594,333.010986328125,21093520.0,176.02777099609375
2002-05-08,349.6619873046875,332.94500732421875,349.6619873046875,340.0220031738281,18275454.0,179.73374938964844
2002-05-09,344.9519958496094,337.32598876953125,340.0220031738281,342.6510009765625,13594989.0,181.12338256835938
2002-05-10,345.0610046386719,341.3370056152344,342.6510009765625,344.62298583984375,9288735.0,182.16580200195312
2002-05-13,344.40399169921875,339.5840148925781,342.2130126953125,343.0889892578125,2352233.0,181.35487365722656
2002-05-14,351.8529968261719,340.0220031738281,343.96600341796875,347.47100830078125,6064968.0,183.67123413085938
2002-05-15,353.82501220703125,348.7860107421875,348.7860107421875,350.3190002441406,7472473.0,185.17665100097656
2002-05-16,355.7959899902344,352.46600341796875,352.947998046875,354.26300048828125,10530402.0,187.26144409179688
2002-05-17,358.20599365234375,349.2239990234375,352.510009765625,352.2909851074219,10418496.0,186.2190399169922
2002-05-20,356.0150146484375,349.0050048828125,352.2909851074219,355.3580017089844,13155398.0,187.84027099609375
2002-05-21,352.510009765625,342.2130126953125,347.90899658203125,344.18499755859375,19353109.0,181.9342803955078
2002-05-22,349.6080017089844,339.5840148925781,347.0329895019531,344.40399169921875,12195074.0,182.050048828125
2002-05-23,344.40399169921875,336.5169982910156,343.3080139160156,343.3080139160156,14667853.0,181.47067260742188
2002-05-24,350.5379943847656,343.96600341796875,345.93701171875,349.6619873046875,11309884.0,184.829345703125
2002-05-27,351.4150085449219,346.5950012207031,349.6619873046875,348.12799072265625,10147305.0,184.01852416992188
2002-05-28,349.2239990234375,338.1990051269531,347.90899658203125,338.7080078125,23547390.0,179.0391387939453
2002-05-29,340.6789855957031,336.0790100097656,337.39300537109375,339.5840148925781,14545252.0,179.5022430419922
2002-05-30,344.40399169921875,336.7359924316406,339.14599609375,339.14599609375,19573478.0,179.27072143554688
2002-05-31,342.406005859375,334.32598876953125,340.89801025390625,341.7749938964844,33840953.0,180.66033935546875
2002-06-03,341.7749938964844,341.7749938964844,341.7749938964844,341.7749938964844,0.0,180.66033935546875
2002-06-04,341.7749938964844,341.7749938964844,341.7749938964844,341.7749938964844,0.0,180.66033935546875
2002-06-05,339.2770080566406,329.3320007324219,337.83099365234375,334.9830017089844,12423984.0,179.3050994873047
2002-06-06,340.1310119628906,331.2590026855469,336.5169982910156,336.9549865722656,16191212.0,180.36061096191406
2002-06-07,333.010986328125,326.1830139160156,329.7250061035156,330.8210144042969,14830139.0,177.0773162841797
2002-06-10,335.2019958496094,325.56201171875,332.135009765625,326.87701416015625,11232317.0,174.96624755859375
2002-06-11,328.1910095214844,321.8380126953125,326.4389953613281,326.0010070800781,19014909.0,174.497314453125
2002-06-12,328.4110107421875,318.989990234375,325.1239929199219,326.87701416015625,19143715.0,174.96624755859375
2002-06-13,331.2590026855469,323.80999755859375,330.3819885253906,325.3429870605469,18559745.0,174.14508056640625
2002-06-14,324.3970031738281,310.08599853515625,323.37200927734375,313.29400634765625,13835719.0,167.69566345214844
2002-06-17,323.37200927734375,313.73199462890625,317.67498779296875,321.3999938964844,9491989.0,172.0345001220703
2002-06-18,325.1239929199219,315.7040100097656,324.24798583984375,318.1130065917969,13029612.0,170.2751007080078
2002-06-19,323.4159851074219,312.8550109863281,322.4949951171875,319.2090148925781,26306335.0,170.8617706298828
2002-06-20,319.77899169921875,313.07501220703125,313.07501220703125,315.0459899902344,22516086.0,168.6334686279297
2002-06-21,317.3919982910156,309.3500061035156,313.73199462890625,309.3500061035156,12018152.0,165.58457946777344
2002-06-24,317.23699951171875,304.3110046386719,317.01800537109375,304.9679870605469,18428660.0,163.23904418945312
2002-06-25,314.7130126953125,304.2019958496094,309.3500061035156,314.3890075683594,23084113.0,168.28179931640625
2002-06-26,307.59698486328125,293.57598876953125,304.5299987792969,299.2720031738281,16588197.0,160.19017028808594
2002-06-27,308.0360107421875,0.8759999871253967,305.8450012207031,298.614990234375,20499752.0,159.8385009765625
2002-06-28,316.1419982910156,299.2720031738281,306.94000244140625,313.29400634765625,22573623.0,167.69566345214844
2002-07-01,318.552001953125,307.15899658203125,307.15899658203125,313.73199462890625,11628452.0,167.9301300048828
2002-07-02,316.5799865722656,301.4630126953125,313.73199462890625,312.197998046875,23358124.0,167.10902404785156
2002-07-03,314.6080017089844,303.21600341796875,308.9119873046875,305.18701171875,12203333.0,163.3562469482422
2002-07-04,315.2650146484375,306.72100830078125,313.07501220703125,314.6080017089844,10761287.0,168.39901733398438
2002-07-05,324.4670104980469,324.4670104980469,324.4670104980469,324.4670104980469,10691299.0,173.6762237548828
2002-07-08,325.1239929199219,325.1239929199219,325.1239929199219,325.1239929199219,10519581.0,174.02786254882812
2002-07-09,319.8659973144531,319.8659973144531,319.8659973144531,319.8659973144531,12136213.0,171.21347045898438
2002-07-10,306.72100830078125,306.72100830078125,306.72100830078125,306.72100830078125,18647982.0,164.1773681640625
2002-07-11,298.177001953125,298.177001953125,298.177001953125,298.177001953125,18790301.0,159.60406494140625
2002-07-12,304.0920104980469,304.0920104980469,304.0920104980469,304.0920104980469,20990903.0,162.7701873779297
2002-07-15,294.6709899902344,294.6709899902344,294.6709899902344,294.6709899902344,26443121.0,157.72744750976562
2002-07-16,287.8800048828125,287.8800048828125,287.8800048828125,287.8800048828125,14910934.0,154.09242248535156
2002-07-17,290.9469909667969,290.9469909667969,290.9469909667969,290.9469909667969,25047272.0,155.7340545654297
2002-07-18,307.59698486328125,307.59698486328125,307.59698486328125,307.59698486328125,22602660.0,164.6462860107422
2002-07-19,293.57598876953125,293.57598876953125,293.57598876953125,293.57598876953125,16085209.0,157.1412811279297
2002-07-22,303.1109924316406,287.02301025390625,303.1109924316406,287.9549865722656,12604717.0,154.132568359375
2002-07-23,296.5820007324219,280.4939880371094,288.93499755859375,281.6600036621094,18000931.0,150.76303100585938
2002-07-24,278.39599609375,257.4110107421875,278.39599609375,270.4679870605469,20561395.0,144.77236938476562
2002-07-25,280.72698974609375,263.94000244140625,265.0589904785156,274.1990051269531,16376892.0,146.7694549560547
2002-07-26,274.1990051269531,259.2760009765625,274.1990051269531,270.4679870605469,13482400.0,144.77236938476562
2002-07-29,279.5610046386719,270.2349853515625,270.4679870605469,279.5610046386719,11316233.0,149.63949584960938
2002-07-30,287.2560119628906,272.1470031738281,276.99700927734375,280.9599914550781,12151746.0,150.3883819580078
2002-07-31,298.447998046875,280.260986328125,284.4580078125,282.5929870605469,18649947.0,151.262451171875
2002-08-01,282.82598876953125,261.375,282.82598876953125,266.97100830078125,0.0,142.90054321289062
2002-08-02,271.6340026855469,254.61300659179688,267.0169982910156,255.54600524902344,15631031.0,136.78515625
2002-08-05,254.14700317382812,237.35899353027344,252.7480010986328,242.02200317382812,17657611.0,129.54620361328125
2002-08-06,255.54600524902344,231.2969970703125,247.71200561523438,252.7480010986328,34459208.0,135.2874755859375
2002-08-07,268.6029968261719,257.4110107421875,257.4110107421875,262.0740051269531,23840748.0,140.27932739257812
2002-08-08,278.39599609375,262.1679992675781,265.4320068359375,271.86700439453125,15170013.0,145.52122497558594
2002-08-09,286.322998046875,273.2659912109375,274.1990051269531,283.75799560546875,22318027.0,151.8860321044922
2002-08-12,283.5249938964844,275.1310119628906,279.5150146484375,276.5299987792969,9082767.0,148.0171356201172
2002-08-13,275.1310119628906,267.6700134277344,270.9339904785156,274.6650085449219,16116093.0,147.0189208984375
2002-08-14,270.00201416015625,261.1419982910156,261.1419982910156,265.3389892578125,12423705.0,142.02699279785156
2002-08-15,279.7950134277344,270.70098876953125,270.74798583984375,276.99700927734375,8713329.0,148.26710510253906
2002-08-16,282.5929870605469,274.1990051269531,278.39599609375,276.7640075683594,23887578.0,148.1423797607422
2002-08-19,287.02301025390625,273.2659912109375,276.80999755859375,285.1570129394531,13006019.0,152.63490295410156
2002-08-20,290.75299072265625,283.5249938964844,285.1570129394531,285.3909912109375,10947498.0,152.76014709472656
2002-08-21,295.1830139160156,283.5249938964844,283.5249938964844,291.2200012207031,14179132.0,155.88023376464844
2002-08-22,298.447998046875,289.35400390625,292.6650085449219,297.5150146484375,9667152.0,159.2497100830078
2002-08-23,300.77899169921875,289.1210021972656,292.6189880371094,293.3179931640625,15526676.0,157.0032196044922
2002-08-26,293.78399658203125,293.78399658203125,293.78399658203125,293.78399658203125,0.0,157.25267028808594
2002-08-27,305.90899658203125,289.1210021972656,289.1210021972656,303.1109924316406,9807026.0,162.24510192871094
2002-08-28,303.1109924316406,289.1210021972656,289.1210021972656,291.91900634765625,8969789.0,156.25436401367188
2002-08-29,293.5509948730469,281.89300537109375,291.91900634765625,284.4580078125,16459973.0,152.26075744628906
2002-08-30,287.2560119628906,280.4939880371094,285.6050109863281,283.99200439453125,11517678.0,152.01126098632812
2002-09-02,285.3909912109375,279.7950134277344,284.77801513671875,281.427001953125,7011887.0,150.6383514404297
2002-09-03,283.5249938964844,268.3699951171875,283.5249938964844,273.4989929199219,14085913.0,146.39479064941406
2002-09-04,275.1310119628906,264.1730041503906,268.6029968261719,266.5039978027344,18002799.0,142.65057373046875
2002-09-05,268.83599853515625,261.1419982910156,266.7380065917969,261.1419982910156,15667677.0,139.78045654296875
2002-09-06,271.1679992675781,261.6080017089844,264.218994140625,269.5350036621094,14419408.0,144.27297973632812
2002-09-09,273.3970031738281,264.1730041503906,269.5350036621094,269.302001953125,7887144.0,144.14822387695312
2002-09-10,283.5249938964844,273.2659912109375,275.1310119628906,282.5929870605469,12719768.0,151.262451171875
2002-09-11,287.5360107421875,279.3280029296875,286.1369934082031,286.322998046875,12767098.0,153.259033203125
2002-09-12,286.322998046875,278.6289978027344,286.322998046875,279.5610046386719,11592569.0,149.63949584960938
2002-09-13,281.1940002441406,272.3330078125,279.6080017089844,277.9289855957031,8695866.0,148.76600646972656
2002-09-16,288.4219970703125,277.6960144042969,277.7699890136719,281.427001953125,14435033.0,150.6383514404297
2002-09-17,290.0539855957031,281.6600036621094,285.3919982910156,283.2919921875,17222720.0,151.63658142089844
2002-09-18,282.5929870605469,274.1990051269531,279.3280029296875,275.364990234375,23167041.0,147.39358520507812
2002-09-19,279.88800048828125,265.80499267578125,278.86199951171875,270.4679870605469,13895717.0,144.77236938476562
2002-09-20,280.72698974609375,255.8260040283203,267.6700134277344,267.2040100097656,31750859.0,143.02525329589844
2002-09-23,269.302001953125,258.1109924316406,266.0379943847656,260.9079895019531,9669622.0,139.6552276611328
2002-09-24,266.7380065917969,254.14700317382812,263.94000244140625,258.1109924316406,16795481.0,138.1580352783203
2002-09-25,266.5039978027344,254.61300659179688,257.2250061035156,259.97601318359375,13177984.0,139.1563720703125
2002-09-26,276.7640075683594,260.4419860839844,260.4419860839844,276.0639953613281,0.0,147.76766967773438
2002-09-27,286.322998046875,273.2659912109375,276.0639953613281,284.4580078125,15471122.0,152.26075744628906
2002-09-30,284.6910095214844,269.7690124511719,284.6910095214844,274.6650085449219,16608083.0,147.0189208984375
2002-10-01,283.2919921875,275.83099365234375,278.1619873046875,280.72698974609375,0.0,150.26368713378906
2002-10-02,286.322998046875,278.39599609375,278.86199951171875,282.1260070800781,10695539.0,151.0125274658203
2002-10-03,281.6600036621094,274.4320068359375,281.6600036621094,276.5299987792969,13177753.0,148.0171356201172
2002-10-04,282.5929870605469,270.9339904785156,279.7950134277344,274.1990051269531,17001146.0,146.7694549560547
2002-10-07,274.1990051269531,265.3389892578125,274.1990051269531,268.3699951171875,9068043.0,143.64938354492188
2002-10-08,277.3139953613281,266.5039978027344,266.5039978027344,270.00201416015625,10142434.0,144.52296447753906
2002-10-09,274.0119934082031,264.1730041503906,274.0119934082031,271.1679992675781,15052015.0,145.14707946777344
2002-10-10,274.1990051269531,265.80499267578125,269.3489990234375,273.2659912109375,18204384.0,146.27005004882812
2002-10-11,289.1210021972656,275.364990234375,275.4110107421875,289.1210021972656,11951249.0,154.75668334960938
2002-10-14,289.1210021972656,281.6600036621094,281.6600036621094,284.6910095214844,11042336.0,152.38543701171875
2002-10-15,300.77899169921875,288.18798828125,288.18798828125,300.31298828125,17529104.0,160.74742126464844
2002-10-16,300.77899169921875,291.91900634765625,299.6600036621094,295.1830139160156,9583072.0,158.00149536132812
2002-10-17,311.0379943847656,295.1830139160156,295.6499938964844,305.4419860839844,0.0,163.49276733398438
2002-10-18,310.5719909667969,297.5150146484375,297.7950134277344,307.5409851074219,21583765.0,164.6162872314453
2002-10-21,308.1470031738281,302.1780090332031,308.1470031738281,304.2770080566406,9676238.0,162.86917114257812
2002-10-22,307.3080139160156,300.31298828125,303.95001220703125,306.375,12143710.0,163.99221801757812
2002-10-23,312.43701171875,300.5459899902344,306.375,300.77899169921875,11821383.0,160.99679565429688
2002-10-24,306.93499755859375,299.3800048828125,303.2969970703125,306.375,9609637.0,163.99221801757812
2002-10-25,306.375,293.78399658203125,302.6449890136719,295.6499938964844,13648537.0,158.25144958496094
2002-10-28,298.6809997558594,292.85198974609375,295.6499938964844,296.5820007324219,10924548.0,158.75030517578125
2002-10-29,295.6499938964844,280.260986328125,295.6499938964844,285.85699462890625,13245090.0,153.00958251953125
2002-10-30,288.18798828125,281.427001953125,285.3909912109375,287.9549865722656,10952391.0,154.132568359375
2002-10-31,296.3489990234375,285.1570129394531,293.78399658203125,290.9859924316406,17345179.0,155.7549591064453
2002-11-01,290.9859924316406,282.1260070800781,290.9859924316406,283.2919921875,17840631.0,151.63658142089844
2002-11-04,297.5150146484375,289.5870056152344,289.5870056152344,294.7170104980469,19343218.0,157.7520294189453
2002-11-05,303.5769958496094,293.78399658203125,296.1159973144531,301.47900390625,20430662.0,161.37152099609375
2002-11-06,307.77398681640625,299.1470031738281,299.84698486328125,300.31298828125,16840051.0,160.74742126464844
2002-11-07,306.84100341796875,295.88299560546875,302.1780090332031,301.2460021972656,15272625.0,161.2467803955078
2002-11-08,301.2460021972656,294.7170104980469,301.2460021972656,294.7170104980469,11765446.0,157.7520294189453
2002-11-11,297.9809875488281,287.2560119628906,297.9809875488281,292.85198974609375,13581517.0,156.75372314453125
2002-11-12,297.9809875488281,290.0539855957031,291.82598876953125,296.81500244140625,17680899.0,158.87498474121094
2002-11-13,295.7430114746094,287.2560119628906,295.7430114746094,289.5870056152344,8481849.0,155.0061798095703
2002-11-14,291.0799865722656,283.2919921875,291.0799865722656,288.88800048828125,11781441.0,154.63198852539062
2002-11-15,298.2139892578125,286.0899963378906,294.7170104980469,290.0539855957031,18209363.0,155.2560577392578
2002-11-18,297.70098876953125,287.0690002441406,290.0539855957031,296.5820007324219,18628123.0,158.75030517578125
2002-11-19,299.3800048828125,291.4530029296875,291.91900634765625,296.81500244140625,18473565.0,158.87498474121094
2002-11-20,297.9809875488281,293.3179931640625,297.5150146484375,294.4840087890625,9144730.0,157.62730407714844
2002-11-21,306.1419982910156,293.3179931640625,293.3179931640625,305.4419860839844,10233118.0,163.49276733398438
2002-11-22,310.5719909667969,303.5769958496094,304.97601318359375,307.3080139160156,9568809.0,164.4916229248047
2002-11-25,308.4739990234375,303.343994140625,307.3080139160156,303.80999755859375,6479880.0,162.6192169189453
2002-11-26,305.8160095214844,291.91900634765625,305.8160095214844,295.1830139160156,10888993.0,158.00149536132812
2002-11-27,303.343994140625,288.6549987792969,293.5979919433594,300.31298828125,9467996.0,160.74742126464844
2002-11-28,311.0379943847656,301.2460021972656,301.2460021972656,304.2770080566406,11105518.0,162.86917114257812
2002-11-29,320.1319885253906,305.90899658203125,305.90899658203125,318.0329895019531,9915027.0,170.23228454589844
2002-12-02,326.1940002441406,315.2349853515625,318.0329895019531,321.99700927734375,11765844.0,172.35406494140625
2002-12-03,321.2040100097656,308.94000244140625,321.2040100097656,310.5719909667969,12147198.0,166.2386932373047
2002-12-04,313.3710021972656,303.343994140625,313.3710021972656,310.5719909667969,6212379.0,166.2386932373047
2002-12-05,313.1369934082031,305.6759948730469,307.02801513671875,311.7380065917969,12798160.0,166.86279296875
2002-12-06,310.1059875488281,300.77899169921875,308.7070007324219,307.3080139160156,21374308.0,164.4916229248047
2002-12-09,306.0950012207031,301.47900390625,304.510009765625,302.1780090332031,9620843.0,161.74563598632812
2002-12-10,303.1109924316406,294.4840087890625,302.7380065917969,300.31298828125,14484521.0,160.74742126464844
2002-12-11,304.0429992675781,296.81500244140625,299.5669860839844,303.1109924316406,14923473.0,162.24510192871094
2002-12-12,304.2770080566406,290.75299072265625,301.2460021972656,300.31298828125,12049459.0,160.74742126464844
2002-12-13,302.4580078125,291.91900634765625,301.0119934082031,299.84698486328125,10192513.0,160.49794006347656
2002-12-16,302.87799072265625,292.1990051269531,295.6499938964844,300.77899169921875,8570830.0,160.99679565429688
2002-12-17,308.7070007324219,296.489013671875,298.07501220703125,307.77398681640625,17999325.0,164.74105834960938
2002-12-18,306.84100341796875,292.385009765625,305.2560119628906,295.4159851074219,14668159.0,158.126220703125
2002-12-19,301.2460021972656,290.75299072265625,297.9809875488281,294.2510070800781,15294928.0,157.50262451171875
2002-12-20,300.0799865722656,293.78399658203125,294.2510070800781,300.0799865722656,14102955.0,160.6226806640625
2002-12-23,304.0429992675781,300.0799865722656,300.1260070800781,300.77899169921875,5198325.0,160.99679565429688
2002-12-24,307.77398681640625,300.31298828125,300.77899169921875,307.77398681640625,0.0,164.74105834960938
2002-12-25,307.77398681640625,307.77398681640625,307.77398681640625,307.77398681640625,0.0,164.74105834960938
2002-12-26,307.77398681640625,307.77398681640625,307.77398681640625,307.77398681640625,0.0,164.74105834960938
2002-12-27,309.87298583984375,302.6449890136719,306.84100341796875,303.1109924316406,4091965.0,162.24510192871094
2002-12-30,306.6080017089844,297.9809875488281,297.9809875488281,304.0429992675781,2886813.0,162.74391174316406
2002-12-31,310.5719909667969,304.7430114746094,308.98699951171875,309.406005859375,1748492.0,165.61456298828125
2003-01-01,309.406005859375,309.406005859375,309.406005859375,309.406005859375,0.0,165.61456298828125
2003-01-02,317.10101318359375,304.510009765625,309.4530029296875,315.4679870605469,4192602.0,168.85934448242188
2003-01-03,320.83099365234375,310.80499267578125,317.10101318359375,313.3699951171875,8156769.0,167.736328125
2003-01-06,304.510009765625,299.84698486328125,301.7120056152344,303.1109924316406,32646511.0,162.24510192871094
2003-01-07,309.1730041503906,303.1109924316406,303.343994140625,303.1109924316406,9700678.0,162.24510192871094
2003-01-08,312.43701171875,304.0429992675781,307.77398681640625,305.4419860839844,15855475.0,163.49276733398438
2003-01-09,305.90899658203125,297.9809875488281,303.1109924316406,305.90899658203125,12530745.0,163.74270629882812
2003-01-10,308.7070007324219,300.1260070800781,305.90899658203125,308.7070007324219,12296037.0,165.24037170410156
2003-01-13,311.0379943847656,303.5769958496094,303.5769958496094,307.77398681640625,12287343.0,164.74105834960938
2003-01-14,311.0379943847656,305.90899658203125,309.1730041503906,308.7070007324219,10503243.0,165.24037170410156
2003-01-15,310.5719909667969,301.94500732421875,308.7070007324219,304.0429992675781,11075071.0,162.74391174316406
2003-01-16,304.0429992675781,297.9809875488281,301.7120056152344,302.6449890136719,11891539.0,161.99563598632812
2003-01-17,301.99200439453125,292.85198974609375,301.99200439453125,294.7170104980469,21467479.0,157.7520294189453
2003-01-20,297.2820129394531,292.385009765625,294.2510070800781,293.78399658203125,10791294.0,157.25267028808594
2003-01-21,298.447998046875,293.5979919433594,297.04901123046875,294.4840087890625,13320179.0,157.62730407714844
2003-01-22,295.1830139160156,286.5559997558594,292.85198974609375,288.6549987792969,11874981.0,154.50723266601562
2003-01-23,296.5820007324219,283.0589904785156,288.6549987792969,283.75799560546875,18191322.0,151.8860321044922
2003-01-24,290.75299072265625,278.86199951171875,287.2560119628906,278.86199951171875,14766073.0,149.26539611816406
2003-01-27,277.9289855957031,267.4840087890625,277.6960144042969,273.73199462890625,14374604.0,146.5194854736328
2003-01-28,280.72698974609375,271.6340026855469,274.89801025390625,272.3330078125,0.0,145.77066040039062
2003-01-29,271.4010009765625,260.9079895019531,271.2139892578125,265.1050109863281,29385386.0,141.9017333984375
2003-01-30,271.4010009765625,263.239990234375,266.7380065917969,269.5350036621094,26234772.0,144.27297973632812
2003-01-31,270.2349853515625,262.5409851074219,262.5409851074219,264.87200927734375,17696137.0,141.7770233154297
2003-02-03,277.9289855957031,264.87200927734375,268.6029968261719,276.2969970703125,16209071.0,147.89242553710938
2003-02-04,281.1940002441406,274.6650085449219,275.4110107421875,275.5979919433594,18387514.0,147.5182647705078
2003-02-05,287.72198486328125,272.6130065917969,273.73199462890625,286.322998046875,26252116.0,153.259033203125
2003-02-06,287.1629943847656,278.86199951171875,282.5929870605469,281.6600036621094,20704637.0,150.76303100585938
2003-02-07,290.75299072265625,282.5929870605469,284.4580078125,284.4580078125,59749989.0,152.26075744628906
2003-02-10,291.91900634765625,283.5249938964844,283.80499267578125,287.2560119628906,8630512.0,153.75840759277344
2003-02-11,290.0539855957031,283.5249938964844,283.5249938964844,288.4219970703125,12364375.0,154.38255310058594
2003-02-12,290.9859924316406,283.0589904785156,290.9859924316406,284.4580078125,17779518.0,152.26075744628906
2003-02-13,282.1260070800781,275.364990234375,282.1260070800781,278.39599609375,10124239.0,149.0159454345703
2003-02-14,286.78900146484375,276.7640075683594,276.80999755859375,281.89300537109375,9986972.0,150.88778686523438
2003-02-17,291.6860046386719,286.0899963378906,287.2560119628906,288.6549987792969,7365199.0,154.50723266601562
2003-02-18,296.3489990234375,285.6239929199219,289.5870056152344,294.95001220703125,11396276.0,157.8767547607422
2003-02-19,297.9809875488281,291.91900634765625,294.4840087890625,292.1520080566406,11170825.0,156.37908935546875
2003-02-20,295.88299560546875,286.5559997558594,289.1210021972656,292.85198974609375,14292676.0,156.75372314453125
2003-02-21,294.4840087890625,287.2560119628906,289.1210021972656,294.4840087890625,10876678.0,157.62730407714844
2003-02-24,309.87298583984375,298.447998046875,300.31298828125,307.77398681640625,21182787.0,164.74105834960938
2003-02-25,304.97601318359375,300.77899169921875,303.3909912109375,300.77899169921875,15928547.0,160.99679565429688
2003-02-26,308.98699951171875,297.7950134277344,304.0429992675781,305.2090148925781,10761158.0,163.36807250976562
2003-02-27,310.5719909667969,300.31298828125,305.90899658203125,303.5769958496094,12017578.0,162.49447631835938
2003-02-28,307.77398681640625,301.2460021972656,304.510009765625,307.77398681640625,11783486.0,164.74105834960938
2003-03-03,316.1679992675781,304.322998046875,316.1679992675781,311.5050048828125,9582994.0,166.73809814453125
2003-03-04,309.6390075683594,303.85699462890625,309.6390075683594,304.510009765625,12069996.0,162.99388122558594
2003-03-05,303.1109924316406,291.2200012207031,303.1109924316406,294.2510070800781,11883504.0,157.50262451171875
2003-03-06,292.85198974609375,286.88299560546875,291.6860046386719,287.72198486328125,9270010.0,154.00784301757812
2003-03-07,286.322998046875,279.7950134277344,284.7380065917969,285.3909912109375,19422602.0,152.76014709472656
2003-03-10,290.75299072265625,282.5929870605469,282.87200927734375,285.85699462890625,4946837.0,153.00958251953125
2003-03-11,285.85699462890625,279.3280029296875,283.3389892578125,284.4580078125,17736050.0,152.26075744628906
2003-03-12,284.92401123046875,273.2659912109375,284.7380065917969,275.5979919433594,21486194.0,147.5182647705078
2003-03-13,287.2560119628906,276.0639953613281,280.260986328125,286.322998046875,42595697.0,153.259033203125
2003-03-14,297.5150146484375,288.18798828125,288.18798828125,297.5150146484375,19360868.0,159.2497100830078
2003-03-17,307.77398681640625,287.2560119628906,287.2560119628906,304.0429992675781,12031701.0,162.74391174316406
2003-03-18,316.91400146484375,304.0429992675781,304.0429992675781,311.0379943847656,25182522.0,166.4880828857422
2003-03-19,318.96600341796875,309.6390075683594,312.43701171875,315.2349853515625,21475589.0,168.734619140625
2003-03-20,315.2349853515625,305.4419860839844,315.2349853515625,308.0069885253906,13485839.0,164.86572265625
2003-03-21,316.6340026855469,307.77398681640625,307.77398681640625,313.6029968261719,13266753.0,167.86109924316406
2003-03-24,309.6390075683594,301.0119934082031,309.6390075683594,301.2460021972656,11773428.0,161.2467803955078
2003-03-25,309.406005859375,299.84698486328125,301.2460021972656,307.5409851074219,10778481.0,164.6162872314453
2003-03-26,309.6390075683594,304.0429992675781,309.6390075683594,308.7070007324219,10393859.0,165.24037170410156
2003-03-27,309.6390075683594,304.0429992675781,308.7070007324219,309.406005859375,21752060.0,165.61456298828125
2003-03-28,308.7070007324219,301.2460021972656,308.7070007324219,302.87799072265625,16523211.0,162.12033081054688
2003-03-31,304.322998046875,295.6499938964844,304.0429992675781,295.6499938964844,11907633.0,158.25144958496094
2003-04-01,304.510009765625,295.6499938964844,297.04901123046875,303.5769958496094,16508802.0,162.49447631835938
2003-04-02,313.1369934082031,298.447998046875,298.447998046875,311.97100830078125,17368629.0,166.9875030517578
2003-04-03,317.10101318359375,309.87298583984375,312.43701171875,314.7690124511719,12433184.0,168.4851837158203
2003-04-04,315.2349853515625,307.3080139160156,311.97100830078125,311.97100830078125,14694985.0,166.9875030517578
2003-04-07,327.82598876953125,313.3699951171875,313.3699951171875,327.82598876953125,15926871.0,175.4741668701172
2003-04-08,323.6289978027344,315.7019958496094,323.6289978027344,319.89898681640625,12048908.0,171.2311248779297
2003-04-09,318.31298828125,312.6700134277344,317.5669860839844,312.6700134277344,9392693.0,167.36166381835938
2003-04-10,312.43701171875,304.0429992675781,311.97100830078125,304.0429992675781,12785321.0,162.74391174316406
2003-04-11,312.43701171875,306.84100341796875,307.77398681640625,311.2720031738281,11728748.0,166.61337280273438
2003-04-14,313.83599853515625,308.7070007324219,313.1369934082031,312.90399169921875,7647139.0,167.48696899414062
2003-04-15,319.6650085449219,314.3030090332031,314.7690124511719,319.6650085449219,12388126.0,171.10585021972656
2003-04-16,322.2300109863281,314.3030090332031,321.5769958496094,315.2349853515625,19161164.0,168.734619140625
2003-04-17,318.96600341796875,312.6700134277344,315.04901123046875,317.3340148925781,7067954.0,169.858154296875
2003-04-18,318.96600341796875,312.6700134277344,317.3340148925781,317.3340148925781,0.0,169.858154296875
2003-04-21,318.96600341796875,312.6700134277344,317.3340148925781,317.3340148925781,0.0,169.858154296875
2003-04-22,321.7640075683594,314.3030090332031,321.7640075683594,315.93499755859375,7272850.0,169.10926818847656
2003-04-23,321.2980041503906,310.5719909667969,317.5669860839844,313.1369934082031,19768895.0,167.61163330078125
2003-04-24,305.4419860839844,287.489013671875,304.97601318359375,287.489013671875,0.0,153.8831329345703
2003-04-25,298.2139892578125,287.2560119628906,289.1210021972656,290.2869873046875,20263564.0,155.3807830810547
2003-04-28,297.5150146484375,288.88800048828125,290.3340148925781,297.2820129394531,10245681.0,159.125
2003-04-29,303.1109924316406,297.3280029296875,298.447998046875,299.3800048828125,14607805.0,160.24794006347656
2003-04-30,302.1780090332031,297.2820129394531,299.84698486328125,298.447998046875,10486127.0,159.74908447265625
2003-05-01,303.343994140625,296.1159973144531,300.77899169921875,297.9809875488281,7266762.0,159.49913024902344
2003-05-02,300.31298828125,290.9859924316406,300.31298828125,295.4159851074219,13558497.0,158.126220703125
2003-05-05,295.4159851074219,295.4159851074219,295.4159851074219,295.4159851074219,0.0,158.126220703125
2003-05-06,300.0799865722656,293.1319885253906,297.5150146484375,294.2510070800781,6719934.0,157.50262451171875
2003-05-07,295.6499938964844,283.75799560546875,295.6499938964844,284.4580078125,25057506.0,152.26075744628906
2003-05-08,291.91900634765625,285.3909912109375,285.3909912109375,288.88800048828125,15260137.0,154.63198852539062
2003-05-09,291.91900634765625,286.78900146484375,288.93499755859375,291.6860046386719,11348437.0,156.12966918945312
2003-05-12,295.1830139160156,292.385009765625,293.78399658203125,294.4840087890625,9986339.0,157.62730407714844
2003-05-13,296.489013671875,291.6860046386719,294.7170104980469,294.01800537109375,17519137.0,157.37789916992188
2003-05-14,294.2510070800781,287.2560119628906,294.2510070800781,288.18798828125,29529697.0,154.25729370117188
2003-05-15,289.1210021972656,283.80499267578125,285.85699462890625,285.1570129394531,17600611.0,152.63490295410156
2003-05-16,291.91900634765625,283.5249938964844,283.5249938964844,290.5199890136719,29986740.0,155.50550842285156
2003-05-19,289.2139892578125,279.7950134277344,288.18798828125,280.9599914550781,14192168.0,150.3883819580078
2003-05-20,286.322998046875,278.86199951171875,282.82598876953125,279.7950134277344,16982515.0,149.76480102539062
2003-05-21,281.89300537109375,275.364990234375,281.6600036621094,279.7950134277344,19727920.0,149.76480102539062
2003-05-22,285.85699462890625,281.1940002441406,284.4580078125,285.85699462890625,13539460.0,153.00958251953125
2003-05-23,288.6549987792969,284.4580078125,285.85699462890625,288.6549987792969,7426537.0,154.50723266601562
2003-05-26,288.6549987792969,288.6549987792969,288.6549987792969,288.6549987792969,0.0,154.50723266601562
2003-05-27,290.2869873046875,282.6860046386719,287.2560119628906,290.0539855957031,13914951.0,155.2560577392578
2003-05-28,296.3489990234375,290.9859924316406,291.2659912109375,294.95001220703125,20768678.0,157.8767547607422
2003-05-29,295.88299560546875,293.78399658203125,295.1830139160156,294.2510070800781,0.0,157.50262451171875
2003-05-30,297.5150146484375,290.9859924316406,293.5509948730469,296.1159973144531,0.0,158.50082397460938
2003-06-02,302.4110107421875,297.5150146484375,299.3800048828125,300.5459899902344,10167111.0,160.8721160888672
2003-06-03,301.7120056152344,295.6499938964844,298.07501220703125,300.77899169921875,8268241.0,160.99679565429688
2003-06-04,301.2460021972656,295.1830139160156,299.3800048828125,298.2139892578125,10893656.0,159.6238555908203
2003-06-05,305.90899658203125,300.31298828125,301.0589904785156,301.2460021972656,18065341.0,161.2467803955078
2003-06-06,306.1419982910156,301.7120056152344,301.7120056152344,305.90899658203125,20795614.0,163.74270629882812
2003-06-09,305.6759948730469,300.5459899902344,301.5249938964844,305.6759948730469,7614614.0,163.61798095703125
2003-06-10,307.77398681640625,302.6449890136719,302.6449890136719,307.07501220703125,15015588.0,164.36688232421875
2003-06-11,304.7900085449219,298.6809997558594,304.0429992675781,302.1780090332031,14632944.0,164.17288208007812
2003-06-12,306.6080017089844,301.94500732421875,306.6549987792969,303.1109924316406,23530144.0,164.67984008789062
2003-06-13,306.6080017089844,302.6449890136719,304.0429992675781,304.0429992675781,9540520.0,165.18612670898438
2003-06-16,307.77398681640625,300.2200012207031,300.2200012207031,307.77398681640625,9894821.0,167.21324157714844
2003-06-17,312.6700134277344,306.1419982910156,308.239990234375,311.5050048828125,13599007.0,169.24024963378906
2003-06-18,310.5719909667969,304.0429992675781,306.84100341796875,308.7070007324219,0.0,167.72006225585938
2003-06-19,310.5719909667969,304.2770080566406,310.5719909667969,305.4419860839844,11846700.0,165.94622802734375
2003-06-20,308.7070007324219,303.5769958496094,306.375,307.5409851074219,7290943.0,167.08660888671875
2003-06-23,307.3080139160156,299.84698486328125,304.97601318359375,301.2460021972656,11516368.0,163.66653442382812
2003-06-24,301.2460021972656,294.95001220703125,300.31298828125,297.5150146484375,9325500.0,161.63949584960938
2003-06-25,300.31298828125,295.6499938964844,296.5820007324219,297.5150146484375,12033062.0,161.63949584960938
2003-06-26,294.7170104980469,290.5199890136719,293.3179931640625,292.85198974609375,16602821.0,159.1060333251953
2003-06-27,296.1159973144531,292.1990051269531,293.1319885253906,294.7170104980469,10755954.0,160.1193389892578
2003-06-30,300.0799865722656,291.91900634765625,291.91900634765625,297.5150146484375,9510481.0,161.63949584960938
2003-07-01,297.9809875488281,289.1210021972656,297.9809875488281,290.0539855957031,11427109.0,157.58592224121094
2003-07-02,293.78399658203125,289.96099853515625,292.6189880371094,291.4530029296875,8917026.0,158.3460235595703
2003-07-03,297.5150146484375,292.6189880371094,295.1830139160156,294.95001220703125,24756153.0,160.24594116210938
2003-07-04,300.0799865722656,294.7170104980469,295.1830139160156,297.9809875488281,10848847.0,161.89263916015625
2003-07-07,309.1730041503906,298.447998046875,300.31298828125,308.7070007324219,16124741.0,167.72006225585938
2003-07-08,313.1369934082031,308.7070007324219,308.7070007324219,309.6390075683594,10863460.0,168.22645568847656
2003-07-09,310.3389892578125,307.77398681640625,310.3389892578125,308.94000244140625,11815755.0,167.84669494628906
2003-07-10,312.6700134277344,307.77398681640625,308.5199890136719,312.43701171875,12189602.0,169.74661254882812
2003-07-11,316.4010009765625,308.4739990234375,316.447998046875,312.6700134277344,6594525.0,169.8731689453125
2003-07-14,323.6289978027344,313.3699951171875,313.3699951171875,322.6960144042969,22670142.0,175.32032775878906
2003-07-15,322.92999267578125,316.1679992675781,319.4320068359375,321.2980041503906,17334318.0,174.560791015625
2003-07-16,323.39599609375,319.89898681640625,323.4429931640625,320.5979919433594,13190242.0,174.180419921875
2003-07-17,321.7640075683594,316.86700439453125,320.1780090332031,320.5979919433594,10218314.0,174.180419921875
2003-07-18,324.0950012207031,319.1990051269531,320.364990234375,323.6289978027344,11572889.0,175.82717895507812
2003-07-21,326.1940002441406,321.7640075683594,325.02801513671875,321.7640075683594,10199674.0,174.81399536132812
2003-07-22,324.3290100097656,318.2200012207031,321.531005859375,324.3290100097656,15320645.0,176.20751953125
2003-07-23,332.489013671875,325.4939880371094,326.427001953125,332.02301025390625,15532995.0,180.3876495361328
2003-07-24,341.8160095214844,334.8210144042969,336.6860046386719,341.8160095214844,20442180.0,185.70822143554688
2003-07-25,349.7430114746094,340.1839904785156,340.1839904785156,349.2770080566406,0.0,189.76174926757812
2003-07-28,349.7430114746094,342.5150146484375,349.7430114746094,347.87799072265625,14773490.0,189.0016326904297
2003-07-29,345.5740051269531,340.4169921875,344.614013671875,342.2820129394531,16057644.0,185.96133422851562
2003-07-30,342.98199462890625,338.552001953125,338.552001953125,340.4169921875,8850134.0,184.94808959960938
2003-07-31,347.1789855957031,335.2869873046875,338.552001953125,346.2460021972656,18507379.0,188.11500549316406
2003-08-01,351.375,346.94500732421875,347.87799072265625,347.87799072265625,14638090.0,189.0016326904297
2003-08-04,347.4119873046875,342.04901123046875,347.4119873046875,343.447998046875,15346933.0,186.59483337402344
2003-08-05,350.2099914550781,341.3489990234375,345.3599853515625,350.2099914550781,26707951.0,190.26861572265625
2003-08-06,348.1109924316406,345.0799865722656,347.87799072265625,348.1109924316406,10959575.0,189.12818908691406
2003-08-07,348.8110046386719,344.3810119628906,348.1109924316406,348.8110046386719,8072922.0,189.50860595703125
2003-08-08,354.4070129394531,347.6449890136719,350.95599365234375,351.6090087890625,11481219.0,191.02859497070312
2003-08-11,355.8059997558594,351.375,351.4219970703125,354.1730041503906,6741041.0,192.42172241210938
2003-08-12,356.97100830078125,351.6090087890625,355.3389892578125,356.2720031738281,15541699.0,193.5621337890625
2003-08-13,363.96600341796875,355.7120056152344,357.6709899902344,360.2359924316406,16937300.0,195.71572875976562
2003-08-14,366.99700927734375,355.3389892578125,362.3340148925781,363.5,15296923.0,197.48902893066406
2003-08-15,372.12701416015625,358.8370056152344,365.5979919433594,372.12701416015625,10237466.0,202.17613220214844
2003-08-18,379.8210144042969,373.05999755859375,373.05999755859375,379.5880126953125,13086365.0,206.2296142578125
2003-08-19,382.85198974609375,376.2309875488281,381.4530029296875,377.7229919433594,20603330.0,205.21640014648438
2003-08-20,378.8890075683594,365.03900146484375,375.85699462890625,371.427001953125,15407576.0,201.7958221435547
2003-08-21,378.1889953613281,370.7279968261719,370.7279968261719,377.7229919433594,10732904.0,205.21640014648438
2003-08-22,386.11700439453125,375.3909912109375,378.4219970703125,381.9200134277344,10744996.0,207.49656677246094
2003-08-25,381.9200134277344,381.9200134277344,381.9200134277344,381.9200134277344,0.0,207.49656677246094
2003-08-26,379.5880126953125,370.7279968261719,379.5880126953125,372.5929870605469,22128746.0,202.42926025390625
2003-08-27,377.489990234375,370.7279968261719,377.5360107421875,376.3240051269531,15152051.0,204.45635986328125
2003-08-28,389.10101318359375,376.4169921875,379.8210144042969,385.1839904785156,20365493.0,209.2699737548828
2003-08-29,390.3139953613281,383.3190002441406,384.2510070800781,387.5159912109375,7655426.0,210.53692626953125
2003-09-01,400.3389892578125,386.5830078125,389.14801025390625,397.3080139160156,12486464.0,215.85690307617188
2003-09-02,403.60400390625,391.2460021972656,399.6400146484375,392.1789855957031,17400472.0,213.07032775878906
2003-09-03,401.6919860839844,390.3139953613281,391.01300048828125,399.4070129394531,18400129.0,216.99725341796875
2003-09-04,405.7019958496094,398.2409973144531,401.03900146484375,400.3389892578125,24584711.0,217.50363159179688
2003-09-05,404.5360107421875,394.97698974609375,396.8420104980469,404.5360107421875,19320596.0,219.78390502929688
2003-09-08,408.7330017089844,400.3389892578125,404.7699890136719,408.03399658203125,13710793.0,221.68429565429688
2003-09-09,410.364990234375,404.07000732421875,405.93499755859375,407.10101318359375,0.0,221.17742919921875
2003-09-10,406.593994140625,395.7229919433594,402.90399169921875,401.03900146484375,25181947.0,217.8839569091797
2003-09-11,401.03900146484375,394.04400634765625,396.3760070800781,398.2409973144531,13459768.0,216.36378479003906
2003-09-12,404.07000732421875,396.8420104980469,397.3080139160156,398.4739990234375,13008001.0,216.4904022216797
2003-09-15,401.03900146484375,395.6759948730469,398.00799560546875,397.3080139160156,13966262.0,215.85690307617188
2003-09-16,401.2720031738281,395.7229919433594,398.2409973144531,401.2720031738281,7191488.0,218.0105438232422
2003-09-17,405.7019958496094,395.2099914550781,401.97198486328125,395.90899658203125,14771508.0,215.09677124023438
2003-09-18,400.9460144042969,388.6809997558594,392.6449890136719,400.3389892578125,14382148.0,217.50363159179688
2003-09-19,401.03900146484375,393.5780029296875,400.1059875488281,395.90899658203125,11939600.0,215.09677124023438
2003-09-22,392.92498779296875,385.6499938964844,389.84698486328125,388.6809997558594,13829817.0,211.16986083984375
2003-09-23,390.7799987792969,382.385986328125,388.6809997558594,386.8160095214844,0.0,210.15658569335938
2003-09-24,398.2409973144531,386.7690124511719,388.6809997558594,392.4119873046875,10023484.0,213.19688415527344
2003-09-25,389.84698486328125,383.3190002441406,389.84698486328125,385.1839904785156,13888549.0,209.2699737548828
2003-09-26,385.09100341796875,378.1889953613281,382.385986328125,379.5880126953125,7529809.0,206.2296142578125
2003-09-29,384.2510070800781,378.4219970703125,380.52099609375,378.4219970703125,5986175.0,205.59617614746094
2003-09-30,381.4530029296875,367.4639892578125,380.98699951171875,372.5929870605469,0.0,202.42926025390625
2003-10-01,378.6549987792969,366.7640075683594,372.4070129394531,371.1940002441406,16439670.0,201.669189453125
2003-10-02,379.3550109863281,369.5150146484375,377.2560119628906,378.6549987792969,16578698.0,205.72279357910156
2003-10-03,395.4429931640625,379.4020080566406,381.9200134277344,395.4429931640625,14984195.0,214.8436279296875
2003-10-06,403.60400390625,393.5780029296875,394.510009765625,403.1369934082031,15242507.0,219.02383422851562
2003-10-07,402.6709899902344,394.97698974609375,400.572998046875,396.3760070800781,0.0,215.3505096435547
2003-10-08,405.468994140625,395.4429931640625,397.12200927734375,402.6709899902344,15631809.0,218.7707061767578
2003-10-09,422.7229919433594,407.10101318359375,407.10101318359375,421.3240051269531,20783262.0,228.90476989746094
2003-10-10,424.3550109863281,415.96099853515625,419.22601318359375,421.5570068359375,9046641.0,229.03138732910156
2003-10-13,443.00799560546875,421.5570068359375,421.5570068359375,443.00799560546875,22016786.0,240.6856231689453
2003-10-14,451.16900634765625,433.9150085449219,440.677001953125,434.614013671875,19154958.0,236.1251678466797
2003-10-15,453.9670104980469,430.97698974609375,433.6820068359375,448.8370056152344,22430313.0,243.85256958007812
2003-10-16,452.3349914550781,433.6820068359375,449.5369873046875,433.6820068359375,21823066.0,235.6188201904297
2003-10-17,443.00799560546875,432.2829895019531,438.3450012207031,441.14300537109375,0.0,239.67239379882812
2003-10-20,439.04400634765625,434.14801025390625,437.4119873046875,436.4800109863281,10126764.0,237.1390380859375
2003-10-21,443.9410095214844,435.3599853515625,437.8789978027344,437.8789978027344,11165429.0,237.89910888671875
2003-10-22,439.97698974609375,426.2200012207031,439.97698974609375,427.8529968261719,19303146.0,232.4519500732422
2003-10-23,421.5570068359375,412.2309875488281,421.5570068359375,419.6919860839844,22541416.0,228.01806640625
2003-10-24,418.1059875488281,412.6969909667969,415.4949951171875,415.02899169921875,8504282.0,225.4846954345703
2003-10-27,417.6400146484375,410.8320007324219,417.5929870605469,413.1629943847656,12489382.0,224.470947265625
2003-10-28,423.4230041503906,412.6969909667969,416.6610107421875,423.4230041503906,12025100.0,230.045166015625
2003-10-29,420.625,416.7070007324219,420.625,418.7590026855469,11018053.0,227.51124572753906
2003-10-30,445.8059997558594,421.5570068359375,422.95599365234375,438.5780029296875,22021911.0,238.27877807617188
2003-10-31,439.5570068359375,430.8840026855469,437.4119873046875,431.5830078125,11993224.0,234.47845458984375
2003-11-03,440.4429931640625,429.01800537109375,430.8840026855469,436.9460144042969,13700206.0,237.3922119140625
2003-11-04,443.2409973144531,435.7799987792969,438.11199951171875,442.5419921875,17259401.0,240.4324188232422
2003-11-05,437.8789978027344,431.9100036621094,436.2460021972656,432.98199462890625,19017359.0,235.23855590820312
2003-11-06,438.3450012207031,427.89898681640625,437.1789855957031,437.4119873046875,15109276.0,237.6453857421875
2003-11-07,443.4739990234375,434.84698486328125,441.14300537109375,435.3139953613281,18742385.0,236.5055389404297
2003-11-10,435.08099365234375,430.1839904785156,434.614013671875,431.8160095214844,11883878.0,234.6051483154297
2003-11-11,426.68701171875,420.90399169921875,426.68701171875,425.98699951171875,13988284.0,231.43814086914062
2003-11-12,432.5159912109375,422.1099853515625,422.7229919433594,431.8160095214844,15369553.0,237.233642578125
2003-11-13,439.97698974609375,424.16900634765625,436.01300048828125,425.98699951171875,18687530.0,234.03121948242188
2003-11-14,429.25201416015625,418.5260009765625,425.98699951171875,421.3240051269531,19941694.0,231.46946716308594
2003-11-17,418.99200439453125,411.7640075683594,415.4949951171875,411.99798583984375,9395052.0,226.3459014892578
2003-11-18,416.8940124511719,407.3340148925781,415.02899169921875,408.96600341796875,9069974.0,224.68017578125
2003-11-19,411.99798583984375,405.00299072265625,406.635009765625,410.1319885253906,14344809.0,225.32073974609375
2003-11-20,413.8630065917969,400.1059875488281,413.8630065917969,406.4020080566406,12918768.0,223.27154541015625
2003-11-21,408.96600341796875,401.03900146484375,405.7019958496094,403.3710021972656,9197001.0,221.6063232421875
2003-11-24,409.4330139160156,403.8370056152344,405.7019958496094,406.8680114746094,7758980.0,223.52755737304688
2003-11-25,416.8940124511719,408.03399658203125,415.02899169921875,409.6659851074219,22539557.0,225.06471252441406
2003-11-26,417.3599853515625,407.3810119628906,411.531005859375,411.7640075683594,9663071.0,226.2173309326172
2003-11-27,420.625,410.364990234375,416.19500732421875,411.531005859375,9394836.0,226.08932495117188
2003-11-28,416.4280090332031,405.93499755859375,413.3970031738281,406.635009765625,9317575.0,223.39956665039062
2003-12-01,429.95098876953125,409.89898681640625,410.364990234375,427.385986328125,14448449.0,234.79983520507812
2003-12-02,432.2829895019531,420.90399169921875,429.4849853515625,424.12200927734375,14773647.0,233.00660705566406
2003-12-03,430.8840026855469,427.15301513671875,428.7850036621094,429.95098876953125,19377546.0,236.20899963378906
2003-12-04,433.96099853515625,427.385986328125,429.01800537109375,433.4490051269531,12968789.0,238.13075256347656
2003-12-05,438.8110046386719,429.01800537109375,429.01800537109375,438.8110046386719,12809290.0,241.07655334472656
2003-12-08,439.27801513671875,428.3659973144531,436.9460144042969,430.4169921875,10683593.0,236.4650115966797
2003-12-09,442.3089904785156,430.2309875488281,432.2829895019531,440.4429931640625,13808161.0,241.9732208251953
2003-12-10,438.3450012207031,428.92498779296875,437.4119873046875,438.3450012207031,23769750.0,240.82066345214844
2003-12-11,438.3450012207031,424.12200927734375,438.3450012207031,427.15301513671875,19234226.0,234.6717987060547
2003-12-12,430.97698974609375,425.2879943847656,427.15301513671875,427.15301513671875,9509638.0,234.6717987060547
2003-12-15,440.2099914550781,434.3349914550781,434.3810119628906,434.3810119628906,7273299.0,238.6428680419922
2003-12-16,437.1319885253906,424.3550109863281,430.1839904785156,427.15301513671875,15834052.0,234.6717987060547
2003-12-17,430.8840026855469,426.5,430.4169921875,429.01800537109375,15317927.0,235.69647216796875
2003-12-18,439.510986328125,425.2879943847656,429.01800537109375,438.3450012207031,14345948.0,240.82066345214844
2003-12-19,447.4849853515625,436.4800109863281,437.6449890136719,444.17401123046875,10756199.0,244.02294921875
2003-12-22,450.2829895019531,440.95599365234375,443.00799560546875,444.87298583984375,7323168.0,244.40699768066406
2003-12-23,445.8059997558594,434.4280090332031,445.10699462890625,443.2409973144531,8528323.0,243.51034545898438
2003-12-24,448.8840026855469,443.4739990234375,443.4739990234375,447.6709899902344,2868409.0,245.94412231445312
2003-12-25,447.6709899902344,447.6709899902344,447.6709899902344,447.6709899902344,0.0,245.94412231445312
2003-12-26,447.6709899902344,447.6709899902344,447.6709899902344,447.6709899902344,0.0,245.94412231445312
2003-12-29,454.89898681640625,446.739013671875,447.2049865722656,454.20001220703125,3505636.0,249.53111267089844
2003-12-30,458.6300048828125,451.8680114746094,454.20001220703125,455.13299560546875,8315006.0,250.04373168945312
2003-12-31,457.2309875488281,452.3349914550781,457.2309875488281,455.13299560546875,2045684.0,250.04373168945312
2004-01-01,455.13299560546875,455.13299560546875,455.13299560546875,455.13299560546875,0.0,250.04373168945312
2004-01-02,460.7279968261719,452.3349914550781,458.8630065917969,460.2619934082031,3533805.0,252.86141967773438
2004-01-05,469.8219909667969,460.5419921875,461.19500732421875,466.3240051269531,8357810.0,256.19183349609375
2004-01-06,472.3869934082031,456.06500244140625,469.12200927734375,456.2980041503906,9670147.0,250.6836700439453
2004-01-07,456.8110046386719,441.14300537109375,456.7650146484375,443.00799560546875,10061968.0,243.38233947753906
2004-01-08,446.72900390625,438.8110046386719,443.4739990234375,443.00799560546875,15369425.0,243.38233947753906
2004-01-09,443.9410095214844,429.4849853515625,442.8219909667969,432.04998779296875,14436181.0,237.36212158203125
2004-01-12,440.95599365234375,432.2829895019531,434.14801025390625,434.614013671875,9406285.0,238.77081298828125
2004-01-13,440.677001953125,432.2829895019531,438.8110046386719,433.6820068359375,8152878.0,238.25880432128906
2004-01-14,442.7279968261719,434.8940124511719,439.27801513671875,436.01300048828125,13027055.0,239.53939819335938
2004-01-15,434.84698486328125,426.2200012207031,432.7489929199219,429.25201416015625,0.0,235.82501220703125
2004-01-16,438.11199951171875,420.625,426.5,433.2149963378906,16664465.0,238.0022430419922
2004-01-19,443.00799560546875,436.2460021972656,436.4800109863281,440.4429931640625,12085795.0,241.9732208251953
2004-01-20,442.3550109863281,433.4949951171875,440.4429931640625,434.614013671875,14929824.0,238.77081298828125
2004-01-21,436.9460144042969,429.01800537109375,432.04998779296875,436.9460144042969,10847062.0,240.052001953125
2004-01-22,441.8420104980469,430.4169921875,435.08099365234375,431.3500061035156,13506941.0,236.97755432128906
2004-01-23,440.2099914550781,429.95098876953125,434.614013671875,433.9150085449219,13149889.0,238.38682556152344
2004-01-26,440.8819885253906,432.98199462890625,440.2099914550781,436.01300048828125,0.0,239.53939819335938
2004-01-27,438.8110046386719,429.95098876953125,437.1789855957031,432.04998779296875,15802460.0,237.36212158203125
2004-01-28,437.1789855957031,427.15301513671875,429.01800537109375,432.5159912109375,10389270.0,237.6181640625
2004-01-29,430.4169921875,418.5260009765625,429.95098876953125,419.22601318359375,17392478.0,230.3168487548828
2004-01-30,424.3550109863281,416.19500732421875,424.3550109863281,421.09100341796875,21176866.0,231.3414764404297
2004-02-02,423.8890075683594,415.4949951171875,420.625,417.12701416015625,12233812.0,229.16372680664062
2004-02-03,423.8890075683594,411.99798583984375,422.7229919433594,414.56201171875,14324558.0,227.7545623779297
2004-02-04,421.2489929199219,415.7279968261719,415.96099853515625,417.12701416015625,11328999.0,229.16372680664062
2004-02-05,423.4230041503906,413.6300048828125,419.6919860839844,416.4280090332031,8229066.0,228.7797088623047
2004-02-06,421.5570068359375,413.4989929199219,419.6919860839844,415.4949951171875,6438611.0,228.26707458496094
2004-02-09,435.5469970703125,418.7590026855469,420.625,432.04998779296875,14663740.0,237.36212158203125
2004-02-10,436.01300048828125,423.656005859375,433.6820068359375,424.8219909667969,16224787.0,233.39120483398438
2004-02-11,432.2829895019531,421.09100341796875,432.2829895019531,424.5880126953125,10288748.0,233.2625732421875
2004-02-12,442.3550109863281,429.95098876953125,429.95098876953125,441.6090087890625,20537485.0,242.61380004882812
2004-02-13,456.06500244140625,440.489990234375,443.7080078125,443.7080078125,10401945.0,243.76693725585938
2004-02-16,448.60400390625,434.4280090332031,443.9410095214844,448.60400390625,5437145.0,246.45675659179688
2004-02-17,453.2669982910156,445.8059997558594,448.13800048828125,451.16900634765625,17150862.0,247.8658905029297
2004-02-18,458.16400146484375,447.2049865722656,454.20001220703125,447.2049865722656,11947040.0,245.6880645751953
2004-02-19,475.4549865722656,452.3349914550781,454.20001220703125,473.3190002441406,30331789.0,260.0347900390625
2004-02-20,475.6510009765625,465.15899658203125,470.52099609375,466.3240051269531,28726424.0,256.19183349609375
2004-02-23,468.19000244140625,457.4639892578125,465.15899658203125,462.8269958496094,13575107.0,254.27059936523438
2004-02-24,460.2619934082031,449.5369873046875,458.8630065917969,453.7340087890625,14629660.0,249.27499389648438
2004-02-25,459.7959899902344,448.9209899902344,451.8680114746094,457.4639892578125,16190323.0,251.32424926757812
2004-02-26,468.656005859375,460.4949951171875,461.4280090332031,466.09100341796875,9670823.0,256.0638732910156
2004-02-27,469.12200927734375,460.2619934082031,464.92498779296875,460.7279968261719,8895982.0,253.1174774169922
2004-03-01,483.11199951171875,465.3919982910156,468.656005859375,479.614990234375,12591848.0,263.49371337890625
2004-03-02,491.5539855957031,480.3139953613281,483.11199951171875,490.8059997558594,21949991.0,269.6419372558594
2004-03-03,484.97698974609375,470.05499267578125,484.97698974609375,471.68701171875,23412463.0,259.1381530761719
2004-03-04,475.6510009765625,470.05499267578125,471.22100830078125,471.9200134277344,8175854.0,259.2662658691406
2004-03-05,478.4490051269531,464.92498779296875,475.8840026855469,475.18499755859375,18374431.0,261.0599365234375
2004-03-08,476.11700439453125,472.6659851074219,474.7179870605469,474.95098876953125,8835595.0,260.9313659667969
2004-03-09,475.6510009765625,467.5369873046875,472.6199951171875,470.05499267578125,14495418.0,258.2416076660156
2004-03-10,467.3500061035156,460.0379943847656,466.7909851074219,463.2929992675781,16000752.0,254.52659606933594
2004-03-11,464.92498779296875,449.5369873046875,459.09600830078125,453.5,26507805.0,249.14649963378906
2004-03-12,462.12701416015625,449.7699890136719,452.3349914550781,461.6610107421875,15337124.0,253.63002014160156
2004-03-15,467.2569885253906,450.7030029296875,459.3299865722656,450.7030029296875,8688632.0,247.60992431640625
2004-03-16,462.593994140625,450.468994140625,451.8680114746094,457.9309997558594,10216036.0,251.58084106445312
2004-03-17,468.19000244140625,462.12701416015625,462.3609924316406,466.09100341796875,13178561.0,256.0638732910156
2004-03-18,471.9200134277344,460.9620056152344,467.2569885253906,465.3919982910156,10945942.0,255.6798095703125
2004-03-19,472.2929992675781,463.5260009765625,472.2929992675781,467.2569885253906,10493911.0,256.70440673828125
2004-03-22,463.05999755859375,449.5369873046875,459.7959899902344,452.3349914550781,11316533.0,248.5065460205078
2004-03-23,460.7279968261719,450.468994140625,454.760009765625,450.468994140625,10995665.0,247.4813690185547
2004-03-24,455.5989990234375,438.3450012207031,450.00299072265625,440.2099914550781,15977613.0,241.84515380859375
2004-03-25,449.5369873046875,441.6090087890625,443.9410095214844,447.6709899902344,10539513.0,245.94412231445312
2004-03-26,462.8739929199219,450.468994140625,450.468994140625,460.7279968261719,10845679.0,253.1174774169922
2004-03-29,471.4729919433594,457.9309997558594,460.7279968261719,469.12200927734375,7567827.0,257.7289733886719
2004-03-30,470.05499267578125,463.9930114746094,470.05499267578125,466.3240051269531,8360232.0,256.19183349609375
2004-03-31,469.5889892578125,462.593994140625,466.7909851074219,462.593994140625,10514879.0,254.14259338378906
2004-04-01,474.25201416015625,466.3240051269531,466.3240051269531,473.3190002441406,9715315.0,260.0347900390625
2004-04-02,491.5060119628906,473.5989990234375,475.6510009765625,491.0400085449219,13626059.0,269.77044677734375
2004-04-05,490.572998046875,482.1789855957031,489.6409912109375,484.510986328125,11331576.0,266.18359375
2004-04-06,480.3139953613281,471.4540100097656,480.3139953613281,475.18499755859375,12233299.0,261.0599365234375
2004-04-07,480.7799987792969,472.8529968261719,476.5840148925781,476.5840148925781,10638440.0,261.82855224609375
2004-04-08,486.8429870605469,476.5840148925781,477.5159912109375,482.64599609375,5100678.0,265.15899658203125
2004-04-09,482.64599609375,482.64599609375,482.64599609375,482.64599609375,0.0,265.15899658203125
2004-04-12,482.64599609375,482.64599609375,482.64599609375,482.64599609375,0.0,265.15899658203125
2004-04-13,487.7749938964844,477.4230041503906,484.510986328125,477.98199462890625,5219409.0,262.5965881347656
2004-04-14,472.8529968261719,457.4639892578125,472.8529968261719,462.12701416015625,16458390.0,256.369384765625
2004-04-15,465.99798583984375,452.3349914550781,463.9930114746094,458.3970031738281,10992690.0,254.30018615722656
2004-04-16,467.2569885253906,457.4639892578125,463.5260009765625,461.19500732421875,7946049.0,255.85238647460938
2004-04-19,463.9930114746094,453.2669982910156,459.3299865722656,456.06500244140625,7267977.0,253.00637817382812
2004-04-20,464.4590148925781,456.06500244140625,458.8630065917969,458.3970031738281,4740989.0,254.30018615722656
2004-04-21,453.1929931640625,440.2099914550781,451.4020080566406,441.14300537109375,24794087.0,244.72830200195312
2004-04-22,447.6709899902344,435.5469970703125,445.8059997558594,443.9410095214844,24511976.0,246.28053283691406
2004-04-23,459.09600830078125,444.4070129394531,450.468994140625,447.2049865722656,14229436.0,248.09124755859375
2004-04-26,449.78900146484375,444.4070129394531,446.739013671875,447.6709899902344,5316719.0,248.3497772216797
2004-04-27,450.468994140625,442.5419921875,447.2049865722656,445.3399963378906,8716989.0,247.05662536621094
2004-04-28,444.87298583984375,427.6189880371094,442.07598876953125,427.6189880371094,27661898.0,237.2257537841797
2004-04-29,426.2200012207031,411.7640075683594,424.3550109863281,419.22601318359375,36618806.0,232.5696258544922
2004-04-30,424.3550109863281,415.02899169921875,418.2929992675781,420.1579895019531,17334211.0,233.08668518066406
2004-05-03,420.1579895019531,420.1579895019531,420.1579895019531,420.1579895019531,0.0,233.08668518066406
2004-05-04,436.01300048828125,420.1579895019531,423.4230041503906,434.614013671875,24983238.0,241.1063232421875
2004-05-05,440.95599365234375,433.6820068359375,436.01300048828125,434.14801025390625,22155852.0,240.8477783203125
2004-05-06,434.14801025390625,423.4230041503906,434.14801025390625,424.3550109863281,15910580.0,235.41506958007812
2004-05-07,424.3550109863281,415.4949951171875,422.489990234375,422.489990234375,14124310.0,234.3804168701172
2004-05-10,413.1629943847656,403.3710021972656,412.2309875488281,403.3710021972656,18523289.0,223.77392578125
2004-05-11,413.1629943847656,405.7019958496094,410.364990234375,408.5,24971740.0,226.6193084716797
2004-05-12,416.8940124511719,410.8320007324219,414.56201171875,412.2309875488281,27802444.0,228.68907165527344
2004-05-13,416.8940124511719,409.89898681640625,413.6300048828125,414.56201171875,11806808.0,229.98228454589844
2004-05-14,415.4949951171875,403.8370056152344,413.1629943847656,407.5679931640625,18892201.0,226.10231018066406
2004-05-17,409.89898681640625,396.3760070800781,402.90399169921875,409.4330139160156,14461086.0,227.13685607910156
2004-05-18,415.96099853515625,405.2359924316406,412.2309875488281,407.10101318359375,22002572.0,225.84323120117188
2004-05-19,434.14801025390625,415.4949951171875,415.4949951171875,430.8840026855469,30839181.0,239.0370635986328
2004-05-20,428.08599853515625,420.9230041503906,428.08599853515625,422.02398681640625,20926652.0,234.1218719482422
2004-05-21,433.2149963378906,422.95599365234375,423.4230041503906,432.7489929199219,13461385.0,240.0716552734375
2004-05-24,439.510986328125,426.68701171875,430.8840026855469,427.6189880371094,12429779.0,237.2257537841797
2004-05-25,426.68701171875,421.09100341796875,426.68701171875,424.3550109863281,9552662.0,235.41506958007812
2004-05-26,435.5469970703125,422.02398681640625,429.95098876953125,433.2149963378906,7456606.0,240.3302001953125
2004-05-27,439.27801513671875,432.2829895019531,432.2829895019531,433.2149963378906,10542201.0,240.3302001953125
2004-05-28,435.08099365234375,427.15301513671875,434.14801025390625,428.08599853515625,10769476.0,237.48486328125
2004-05-31,428.08599853515625,428.08599853515625,428.08599853515625,428.08599853515625,0.0,237.48486328125
2004-06-01,434.614013671875,427.15301513671875,433.6820068359375,432.7489929199219,15201325.0,240.0716552734375
2004-06-02,435.62200927734375,416.8940124511719,432.2829895019531,417.3599853515625,15640384.0,231.53443908691406
2004-06-03,418.7590026855469,412.2309875488281,415.4949951171875,415.02899169921875,16126014.0,230.24130249023438
2004-06-04,417.8269958496094,412.6969909667969,415.02899169921875,415.96099853515625,10884533.0,230.7583770751953
2004-06-07,429.4849853515625,419.6919860839844,419.6919860839844,429.01800537109375,14186500.0,238.0018768310547
2004-06-08,433.6820068359375,427.5820007324219,430.8840026855469,429.95098876953125,8112025.0,238.5194091796875
2004-06-09,429.95098876953125,422.02398681640625,424.3550109863281,426.68701171875,18236095.0,236.70872497558594
2004-06-10,428.08599853515625,420.2799987792969,425.7539978027344,426.2200012207031,14674292.0,236.44967651367188
2004-06-11,427.15301513671875,418.7590026855469,427.15301513671875,422.95599365234375,0.0,234.63893127441406
2004-06-14,422.489990234375,413.6300048828125,422.489990234375,415.02899169921875,12714779.0,230.24130249023438
2004-06-15,417.8269958496094,410.8320007324219,417.3599853515625,415.96099853515625,14568844.0,230.7583770751953
2004-06-16,424.8219909667969,418.7590026855469,418.7590026855469,421.09100341796875,12573348.0,233.60430908203125
2004-06-17,429.01800537109375,419.22601318359375,421.09100341796875,427.6189880371094,15909616.0,237.2257537841797
2004-06-18,436.01300048828125,422.95599365234375,426.2200012207031,434.614013671875,22826758.0,241.1063232421875
2004-06-21,438.5780029296875,431.07000732421875,436.4800109863281,437.6449890136719,10020519.0,242.78775024414062
2004-06-22,434.614013671875,429.01800537109375,433.2149963378906,429.95098876953125,12961336.0,238.5194091796875
2004-06-23,433.8479919433594,427.8529968261719,430.4169921875,428.7850036621094,6918132.0,237.87266540527344
2004-06-24,440.677001953125,431.16400146484375,432.7489929199219,440.4429931640625,23513551.0,244.33995056152344
2004-06-25,449.7699890136719,436.4800109863281,436.4800109863281,448.60400390625,18703165.0,248.86740112304688
2004-06-28,450.5530090332031,443.00799560546875,445.8059997558594,447.2049865722656,0.0,248.09124755859375
2004-06-29,448.13800048828125,440.55499267578125,443.00799560546875,447.43798828125,9760287.0,248.22048950195312
2004-06-30,450.00299072265625,443.2409973144531,447.9049987792969,446.2720031738281,13158138.0,247.5736846923828
2004-07-01,451.16900634765625,444.87298583984375,447.2049865722656,444.87298583984375,9507040.0,246.79757690429688
2004-07-02,447.43798828125,441.3760070800781,445.8059997558594,445.8059997558594,11124557.0,247.31515502929688
2004-07-05,450.468994140625,447.2049865722656,447.6709899902344,449.07000732421875,10503764.0,249.12588500976562
2004-07-06,456.99798583984375,436.79998779296875,454.6659851074219,446.739013671875,15245171.0,247.83270263671875
2004-07-07,453.2669982910156,448.13800048828125,448.13800048828125,450.00299072265625,8737178.0,249.64346313476562
2004-07-08,456.7650146484375,447.6709899902344,451.4020080566406,455.3659973144531,13627094.0,252.6186981201172
2004-07-09,461.6610107421875,451.4020080566406,453.2669982910156,461.6610107421875,9555348.0,256.1108703613281
2004-07-12,465.8580017089844,458.4110107421875,458.8630065917969,464.4590148925781,17918767.0,257.6630859375
2004-07-13,469.12200927734375,462.8269958496094,465.15899658203125,463.05999755859375,16149595.0,256.8869323730469
2004-07-14,465.625,458.5660095214844,458.8630065917969,464.4590148925781,10331201.0,257.6630859375
2004-07-15,470.05499267578125,462.12701416015625,463.5260009765625,466.7909851074219,9904087.0,258.956787109375
2004-07-16,470.9880065917969,463.9930114746094,468.19000244140625,467.2569885253906,10654791.0,259.2152404785156
2004-07-19,468.656005859375,460.07598876953125,468.656005859375,460.4949951171875,7691802.0,255.46400451660156
2004-07-20,461.4280090332031,453.5,457.9309997558594,459.09600830078125,6213961.0,254.6879119873047
2004-07-21,467.9570007324219,462.12701416015625,462.593994140625,463.05999755859375,10398016.0,256.8869323730469
2004-07-22,460.2619934082031,450.468994140625,460.2619934082031,450.9360046386719,18251773.0,250.1610870361328
2004-07-23,453.3609924316406,442.7749938964844,452.10101318359375,442.7749938964844,10153774.0,245.6336212158203
2004-07-26,449.3039855957031,442.7749938964844,442.7749938964844,444.4070129394531,5524415.0,246.5389862060547
2004-07-27,449.5369873046875,443.7080078125,446.97198486328125,449.5369873046875,8378252.0,249.38499450683594
2004-07-28,460.02899169921875,451.4020080566406,452.8009948730469,453.7340087890625,16049862.0,251.71327209472656
2004-07-29,468.19000244140625,456.7650146484375,457.2309875488281,467.2569885253906,15722280.0,259.2152404785156
2004-07-30,474.4849853515625,467.2569885253906,469.12200927734375,467.2569885253906,8273720.0,259.2152404785156
2004-08-02,467.7229919433594,461.6610107421875,467.7229919433594,464.92498779296875,9916100.0,257.921630859375
2004-08-03,477.5159912109375,464.92498779296875,468.19000244140625,477.04998779296875,12138166.0,264.6480407714844
2004-08-04,482.1789855957031,472.8529968261719,473.552001953125,479.8479919433594,12581270.0,266.2003479003906
2004-08-05,482.4129943847656,476.5840148925781,479.3810119628906,477.98199462890625,9391118.0,265.1650695800781
2004-08-06,479.4469909667969,468.19000244140625,473.7860107421875,468.656005859375,9324763.0,259.99139404296875
2004-08-09,467.7229919433594,460.97100830078125,467.7229919433594,463.5260009765625,7586269.0,257.1454162597656
2004-08-10,473.3190002441406,462.8739929199219,465.3919982910156,473.3190002441406,7492413.0,262.5782775878906
2004-08-11,473.7860107421875,463.9960021972656,473.7860107421875,467.7229919433594,12973048.0,259.4738464355469
2004-08-12,476.11700439453125,468.19000244140625,468.8890075683594,475.6510009765625,13863319.0,263.87200927734375
2004-08-13,477.4320068359375,469.8219909667969,469.8219909667969,474.25201416015625,8804392.0,263.0958251953125
2004-08-16,489.6409912109375,471.9200134277344,474.4849853515625,488.00799560546875,7463385.0,270.7271423339844
2004-08-17,491.5060119628906,480.5469970703125,487.7749938964844,488.7080078125,6906157.0,271.1154479980469
2004-08-18,483.5780029296875,475.6510009765625,481.24700927734375,482.1789855957031,26462096.0,267.49346923828125
2004-08-19,494.5369873046875,477.04998779296875,483.5780029296875,494.5369873046875,14970144.0,274.3491516113281
2004-08-20,495.9360046386719,491.0400085449219,494.3039855957031,495.00299072265625,11165662.0,274.6076965332031
2004-08-23,503.7699890136719,495.32000732421875,495.9360046386719,500.8320007324219,10591993.0,277.8413391113281
2004-08-24,498.03399658203125,491.5060119628906,498.03399658203125,491.97198486328125,12357925.0,272.9261474609375
2004-08-25,487.57000732421875,481.0140075683594,484.97698974609375,484.27801513671875,15754026.0,268.6579284667969
2004-08-26,492.9049987792969,484.72601318359375,488.7080078125,489.6409912109375,8392390.0,271.633056640625
2004-08-27,492.489013671875,487.5419921875,489.6409912109375,490.572998046875,0.0,272.1500549316406
2004-08-30,490.572998046875,490.572998046875,490.572998046875,490.572998046875,0.0,272.1500549316406
2004-08-31,490.8059997558594,483.11199951171875,483.11199951171875,487.7749938964844,15475154.0,270.5979309082031
2004-09-01,490.10699462890625,485.4440002441406,486.14300537109375,489.6409912109375,7041297.0,274.5372619628906
2004-09-02,494.3039855957031,488.24200439453125,490.572998046875,491.97198486328125,8668012.0,275.8442077636719
2004-09-03,495.7030029296875,488.19500732421875,490.572998046875,491.5060119628906,7725552.0,275.5830383300781
2004-09-06,497.5679931640625,491.5060119628906,491.5060119628906,491.739013671875,5002806.0,275.7137145996094
2004-09-07,494.3039855957031,482.4129943847656,493.3710021972656,483.5780029296875,13734928.0,271.1378479003906
2004-09-08,488.7080078125,481.9930114746094,481.9460144042969,486.3760070800781,9024828.0,272.7066345214844
2004-09-09,488.9410095214844,479.5769958496094,485.4440002441406,485.9100036621094,9552648.0,272.4453430175781
2004-09-10,487.7749938964844,484.0450134277344,485.9100036621094,484.97698974609375,8228071.0,271.92218017578125
2004-09-13,489.17401123046875,483.11199951171875,484.510986328125,488.24200439453125,4930410.0,273.7528991699219
2004-09-14,489.6409912109375,485.4440002441406,487.7749938964844,486.8429870605469,7835549.0,272.96844482421875
2004-09-15,494.7699890136719,486.3760070800781,486.8429870605469,492.9049987792969,13671255.0,276.367431640625
2004-09-16,502.2309875488281,491.0119934082031,493.8380126953125,501.29901123046875,13561288.0,281.0737609863281
2004-09-17,519.4849853515625,498.49798583984375,498.5010070800781,518.7860107421875,23089136.0,290.8786315917969
2004-09-20,522.2830200195312,508.760009765625,522.2830200195312,513.4229736328125,11646074.0,287.87158203125
2004-09-21,525.1370239257812,512.489990234375,513.4229736328125,524.1489868164062,11349872.0,293.8856506347656
2004-09-22,527.8790283203125,521.8170166015625,525.0809936523438,523.6820068359375,10359666.0,293.6238098144531
2004-09-23,525.0809936523438,518.552978515625,522.75,522.2830200195312,11992297.0,292.83941650390625
2004-09-24,521.8170166015625,514.822021484375,517.1539916992188,519.9520263671875,14643535.0,291.5324401855469
2004-09-27,520.4180297851562,514.822021484375,517.6199951171875,518.0859985351562,8314969.0,290.4861145019531
2004-09-28,546.531982421875,519.0189819335938,519.0189819335938,545.1329956054688,27444471.0,305.651123046875
2004-09-29,555.177978515625,546.531982421875,546.531982421875,553.5269775390625,26174126.0,310.3576354980469
2004-09-30,551.1950073242188,541.4030151367188,550.2630004882812,542.3350219726562,0.0,304.08233642578125
2004-10-01,557.2579956054688,541.4030151367188,545.5999755859375,554.926025390625,19783441.0,311.1420593261719
2004-10-04,564.2529907226562,546.0659790039062,561.4550170898438,546.0659790039062,25313250.0,306.17425537109375
2004-10-05,558.656982421875,549.3300170898438,553.9929809570312,557.7239990234375,24807131.0,312.7107849121094
2004-10-06,565.6510009765625,551.1950073242188,554.926025390625,563.7860107421875,19141124.0,316.1096496582031
2004-10-07,578.2420043945312,567.5170288085938,568.916015625,574.97802734375,23160629.0,322.38494873046875
2004-10-08,581.9730224609375,570.781005859375,574.5120239257812,579.1749877929688,23678041.0,324.7382507324219
2004-10-11,585.6099853515625,570.3150024414062,579.1749877929688,571.7139892578125,11177087.0,320.5549011230469
2004-10-12,572.64599609375,556.3250122070312,572.64599609375,559.1229858398438,20658405.0,313.4951477050781
2004-10-13,561.4550170898438,529.7449951171875,561.4550170898438,534.4080200195312,35079751.0,299.6377258300781
2004-10-14,540.469970703125,521.3510131835938,531.6099853515625,537.6719970703125,26696848.0,301.4678039550781
2004-10-15,540.0040283203125,526.947021484375,539.0709838867188,533.9409790039062,18748715.0,299.3758850097656
2004-10-18,541.448974609375,526.947021484375,536.2730102539062,528.81201171875,8595419.0,296.5001220703125
2004-10-19,532.5419921875,520.4180297851562,528.81201171875,523.2160034179688,19208007.0,293.36248779296875
2004-10-20,523.0759887695312,507.8269958496094,519.0189819335938,521.3510131835938,31891131.0,292.3168029785156
2004-10-21,531.6099853515625,521.8170166015625,527.8790283203125,529.2780151367188,11707407.0,296.76141357421875
2004-10-22,536.5250244140625,528.81201171875,533.0089721679688,530.677001953125,13072876.0,297.5458068847656
2004-10-25,529.2780151367188,519.4849853515625,525.0809936523438,528.3460083007812,9209554.0,296.2388000488281
2004-10-26,535.3400268554688,528.81201171875,529.2780151367188,531.6099853515625,11055319.0,298.06890869140625
2004-10-27,540.469970703125,533.4749755859375,538.1380004882812,540.469970703125,9248485.0,303.0365905761719
2004-10-28,548.3040161132812,511.0920104980469,544.6669921875,520.4180297851562,36851564.0,291.7936706542969
2004-10-29,524.2420043945312,511.0920104980469,521.8170166015625,516.2210083007812,14173508.0,289.4404296875
2004-11-01,531.1430053710938,520.1380004882812,520.8839721679688,529.2780151367188,9612103.0,296.76141357421875
2004-11-02,532.5419921875,522.1900024414062,532.5419921875,523.2160034179688,6920703.0,293.36248779296875
2004-11-03,531.6099853515625,525.0809936523438,528.3460083007812,527.8790283203125,9427572.0,295.9770202636719
2004-11-04,534.8740234375,525.2210083007812,534.8740234375,530.2109985351562,11895310.0,297.28448486328125
2004-11-05,534.8740234375,520.4180297851562,534.8740234375,526.47998046875,11820841.0,295.192626953125
2004-11-08,526.947021484375,520.4180297851562,526.947021484375,522.75,8030788.0,293.1011962890625
2004-11-09,532.5419921875,525.0809936523438,526.0139770507812,530.677001953125,15691161.0,297.5458068847656
2004-11-10,548.864013671875,534.2680053710938,534.4080200195312,545.1329956054688,24787016.0,305.651123046875
2004-11-11,548.39697265625,537.5789794921875,544.6669921875,547.9310302734375,8897196.0,307.2200012207031
2004-11-12,546.9990234375,536.2730102539062,546.0659790039062,544.2009887695312,11047174.0,305.12860107421875
2004-11-15,551.1950073242188,544.2009887695312,546.9990234375,546.9990234375,10934607.0,306.6973571777344
2004-11-16,546.1959838867188,536.739013671875,540.9359741210938,539.5369873046875,8175504.0,302.5135803222656
2004-11-17,553.5269775390625,539.5369873046875,539.5369873046875,552.593994140625,11516283.0,309.83447265625
2004-11-18,558.1900024414062,548.864013671875,554.926025390625,550.72900390625,12896131.0,308.78875732421875
2004-11-19,556.3250122070312,547.9310302734375,552.1279907226562,554.926025390625,13572741.0,311.1420593261719
2004-11-22,554.926025390625,539.0709838867188,550.72900390625,546.531982421875,11091274.0,306.435546875
2004-11-23,566.1179809570312,557.2579956054688,564.2529907226562,560.9879760742188,20462154.0,314.54095458984375
2004-11-24,567.0499877929688,561.9210205078125,562.85400390625,566.1179809570312,12687234.0,317.4172668457031
2004-11-25,578.2420043945312,570.0540161132812,571.2470092773438,578.2420043945312,9183114.0,324.2149353027344
2004-11-26,577.7760009765625,572.1799926757812,576.3770141601562,574.5120239257812,9016022.0,322.1236267089844
2004-11-29,581.5070190429688,571.6480102539062,574.0449829101562,575.9110107421875,12860410.0,322.90802001953125
2004-11-30,577.7760009765625,565.6510009765625,577.7760009765625,570.781005859375,14652884.0,320.03173828125
2004-12-01,573.1129760742188,565.6510009765625,567.0499877929688,571.2470092773438,12881223.0,320.29302978515625
2004-12-02,574.5120239257812,554.4600219726562,573.1129760742188,558.1900024414062,21400340.0,312.9720764160156
2004-12-03,557.7239990234375,544.2009887695312,555.8590087890625,551.1950073242188,28529793.0,309.050048828125
2004-12-06,552.593994140625,543.7340087890625,551.1950073242188,550.72900390625,13847248.0,308.78875732421875
2004-12-07,546.9990234375,538.60498046875,540.9359741210938,544.6669921875,14794706.0,305.3898010253906
2004-12-08,536.926025390625,528.3460083007812,536.2730102539062,533.4749755859375,16261720.0,299.1146545410156
2004-12-09,536.739013671875,522.75,530.2109985351562,526.47998046875,26086129.0,295.192626953125
2004-12-10,532.0759887695312,524.614990234375,529.7449951171875,527.4130249023438,12144447.0,295.71575927734375
2004-12-13,569.5689697265625,528.81201171875,531.6099853515625,539.0709838867188,11367390.0,302.252197265625
2004-12-14,546.0659790039062,535.3400268554688,544.2009887695312,537.2059936523438,7975820.0,301.20654296875
2004-12-15,542.802001953125,532.5419921875,540.0040283203125,533.4749755859375,11887305.0,299.1146545410156
2004-12-16,543.7340087890625,536.2730102539062,537.2059936523438,540.0040283203125,8809286.0,302.7753601074219
2004-12-17,549.8790283203125,539.5369873046875,540.9359741210938,548.864013671875,14517795.0,307.74310302734375
2004-12-20,555.8590087890625,546.9990234375,548.864013671875,553.5269775390625,7580829.0,310.3576354980469
2004-12-21,564.2529907226562,553.9929809570312,555.8590087890625,558.1900024414062,6895693.0,312.9720764160156
2004-12-22,569.3820190429688,559.5889892578125,562.85400390625,562.85400390625,14776343.0,315.5871276855469
2004-12-23,567.5170288085938,561.9210205078125,564.2529907226562,565.6510009765625,4728052.0,317.15545654296875
2004-12-24,569.3820190429688,562.3870239257812,562.3870239257812,565.1849975585938,885591.0,316.8941345214844
2004-12-27,565.1849975585938,565.1849975585938,565.1849975585938,565.1849975585938,0.0,316.8941345214844
2004-12-28,565.1849975585938,565.1849975585938,565.1849975585938,565.1849975585938,0.0,316.8941345214844
2004-12-29,571.6389770507812,563.7860107421875,568.448974609375,569.8480224609375,3422222.0,319.5085754394531
2004-12-30,570.781005859375,566.1179809570312,567.9829711914062,566.583984375,3193406.0,317.678466796875
2004-12-31,571.7139892578125,564.2529907226562,567.0499877929688,569.3820190429688,816091.0,319.24737548828125
2005-01-03,569.3820190429688,569.3820190429688,569.3820190429688,569.3820190429688,0.0,319.24737548828125
2005-01-04,568.916015625,544.6669921875,568.916015625,546.531982421875,20300505.0,306.435546875
2005-01-05,547.4650268554688,538.1380004882812,547.4650268554688,542.802001953125,20639855.0,304.3441467285156
2005-01-06,557.2579956054688,542.3350219726562,546.9990234375,556.3250122070312,10203549.0,311.9264221191406
2005-01-07,558.843017578125,545.5999755859375,557.2579956054688,549.7960205078125,10168605.0,308.2656555175781
2005-01-10,553.5269775390625,547.2319946289062,547.4650268554688,551.1950073242188,6832591.0,309.050048828125
2005-01-11,565.1849975585938,547.9310302734375,551.6619873046875,562.3870239257812,0.0,315.32525634765625
2005-01-12,564.718994140625,555.3920288085938,561.4550170898438,560.9879760742188,8432835.0,314.54095458984375
2005-01-13,567.6099853515625,560.52197265625,564.2529907226562,562.3870239257812,8575881.0,315.32525634765625
2005-01-14,587.1019897460938,565.697998046875,566.583984375,583.3720092773438,26275022.0,327.09130859375
2005-01-17,599.6929931640625,586.635986328125,587.5689697265625,598.760986328125,13208964.0,335.71990966796875
2005-01-18,595.9630126953125,589.4340209960938,594.0969848632812,591.2990112304688,28000577.0,331.5360412597656
2005-01-19,598.760986328125,585.7030029296875,593.6309814453125,587.1019897460938,12978986.0,329.1827392578125
2005-01-20,586.635986328125,579.1749877929688,582.905029296875,586.1699829101562,6750918.0,328.66015625
2005-01-21,597.8280029296875,582.905029296875,585.2369995117188,594.0969848632812,16157521.0,333.1048278808594
2005-01-24,609.02001953125,596.802001953125,599.6929931640625,608.552978515625,13852453.0,341.21014404296875
2005-01-25,609.7100219726562,601.5579833984375,604.822998046875,607.6209716796875,14960050.0,340.6876220703125
2005-01-26,612.2839965820312,604.3560180664062,609.02001953125,609.02001953125,8730704.0,341.47198486328125
2005-01-27,623.4760131835938,608.0869750976562,619.2789916992188,610.885009765625,20629806.0,342.5177001953125
2005-01-28,613.6829833984375,600.1589965820312,609.02001953125,601.5579833984375,10708475.0,337.28814697265625
2005-01-31,613.6829833984375,604.3560180664062,606.2219848632812,612.75,10460235.0,343.5634765625
2005-02-01,636.1599731445312,614.1489868164062,614.1489868164062,633.7349853515625,21256637.0,355.32940673828125
2005-02-02,650.0560302734375,629.072021484375,636.9990234375,640.72998046875,16349993.0,359.2514343261719
2005-02-03,642.594970703125,623.4760131835938,642.594970703125,627.2059936523438,15526506.0,351.6687927246094
2005-02-04,630.0040283203125,616.4810180664062,626.2739868164062,618.3460083007812,20504531.0,346.7010498046875
2005-02-07,637.9600219726562,625.8070068359375,629.5380249023438,635.1339721679688,13368266.0,356.1138610839844
2005-02-08,634.6669921875,627.155029296875,633.2689819335938,628.60498046875,15832638.0,352.4530944824219
2005-02-09,631.5900268554688,617.4130249023438,624.875,618.3460083007812,19603397.0,346.7010498046875
2005-02-10,623.9420166015625,616.4810180664062,618.3460083007812,621.1439819335938,16578382.0,348.2697448730469
2005-02-11,643.5280151367188,625.8070068359375,625.8070068359375,634.6669921875,9978140.0,355.85211181640625
2005-02-14,641.1959838867188,632.3359985351562,636.9990234375,633.7349853515625,8385904.0,355.32940673828125
2005-02-15,646.7919921875,637.9320068359375,637.9320068359375,646.7919921875,9791218.0,362.6503601074219
2005-02-16,671.041015625,658.8319702148438,662.1810302734375,669.1749877929688,35582247.0,375.20037841796875
2005-02-17,682.698974609375,672.906005859375,672.906005859375,676.1699829101562,17522566.0,379.12237548828125
2005-02-18,679.4349975585938,672.4400024414062,672.4400024414062,678.968017578125,11451303.0,380.691162109375
2005-02-21,682.698974609375,674.77099609375,677.10302734375,677.10302734375,4212103.0,379.6456298828125
2005-02-22,690.5980224609375,672.719970703125,681.7659912109375,678.5020141601562,23121860.0,380.4299011230469
2005-02-23,690.6259765625,676.6370239257812,686.89599609375,682.698974609375,16575688.0,382.78314208984375
2005-02-24,692.4920043945312,679.9010009765625,679.9010009765625,687.8280029296875,19129832.0,385.6589050292969
2005-02-25,716.2739868164062,694.822998046875,696.2219848632812,716.2739868164062,26216660.0,401.6083068847656
2005-02-28,734.4140014648438,721.3569946289062,722.802978515625,724.2020263671875,26336543.0,406.0534973144531
2005-03-01,720.93701171875,705.0819702148438,720.93701171875,707.8800048828125,16024757.0,396.9018859863281
2005-03-02,703.2169799804688,685.4970092773438,703.2169799804688,690.6259765625,17684011.0,391.1844177246094
2005-03-03,701.3519897460938,690.6259765625,694.3569946289062,698.0880126953125,22852410.0,395.4112243652344
2005-03-04,706.4810180664062,689.2739868164062,696.2219848632812,706.0150146484375,12214924.0,399.9010925292969
2005-03-07,712.0770263671875,672.9619750976562,705.0819702148438,699.02001953125,15042720.0,395.93902587890625
2005-03-08,710.677978515625,687.8280029296875,699.02001953125,690.1599731445312,0.0,390.92047119140625
2005-03-09,710.677978515625,699.4869995117188,708.3469848632812,702.2849731445312,25958931.0,397.7882995605469
2005-03-10,708.510009765625,686.89599609375,692.9580078125,687.3619995117188,18083954.0,389.335693359375
2005-03-11,705.791015625,676.6370239257812,692.9580078125,687.3619995117188,18151708.0,389.335693359375
2005-03-14,700.885986328125,686.989013671875,694.822998046875,689.2269897460938,6944182.0,390.39202880859375
2005-03-15,690.1599731445312,678.968017578125,687.3619995117188,680.833984375,14021166.0,385.6380920410156
2005-03-16,695.2899780273438,676.6370239257812,678.968017578125,682.2329711914062,14649604.0,386.4305419921875
2005-03-17,703.3380126953125,684.5640258789062,685.031005859375,699.9530029296875,14993424.0,396.46746826171875
2005-03-18,713.7650146484375,700.885986328125,700.885986328125,705.5490112304688,12802197.0,399.6372375488281
2005-03-21,715.8079833984375,701.3519897460938,709.7459716796875,703.2169799804688,5106117.0,398.31622314453125
2005-03-22,711.14501953125,615.8159790039062,703.2169799804688,698.5540161132812,12264012.0,395.6751403808594
2005-03-23,689.3270263671875,676.1699829101562,689.2269897460938,677.10302734375,27127978.0,383.5248718261719
2005-03-24,675.2379760742188,659.3829956054688,675.2379760742188,661.2479858398438,24341562.0,374.54425048828125
2005-03-25,661.2479858398438,661.2479858398438,661.2479858398438,661.2479858398438,0.0,374.54425048828125
2005-03-28,661.2479858398438,661.2479858398438,661.2479858398438,661.2479858398438,0.0,374.54425048828125
2005-03-29,653.7869873046875,652.3880004882812,652.3880004882812,653.7869873046875,689034.0,370.31805419921875
2005-03-30,660.781982421875,647.0250244140625,651.9210205078125,657.5170288085938,16898102.0,372.43084716796875
2005-03-31,671.5070190429688,661.2479858398438,664.0460205078125,663.1129760742188,12809586.0,375.6005554199219
2005-04-01,683.6320190429688,663.1129760742188,672.4400024414062,674.3049926757812,17654214.0,381.9399719238281
2005-04-04,676.1699829101562,665.4450073242188,676.1699829101562,671.041015625,9814679.0,380.0910949707031
2005-04-05,676.1699829101562,654.718994140625,673.3720092773438,659.8489990234375,18587243.0,373.7516784667969
2005-04-06,668.4940185546875,656.5850219726562,660.781982421875,660.3150024414062,17387874.0,374.0157775878906
2005-04-07,674.8460083007812,658.916015625,662.64697265625,673.3720092773438,14193511.0,381.41143798828125
2005-04-08,684.5640258789062,673.3720092773438,684.5640258789062,680.3670043945312,12192018.0,385.37359619140625
2005-04-11,670.1079711914062,662.1810302734375,669.6420288085938,668.2429809570312,8684718.0,378.50628662109375
2005-04-12,673.8389892578125,662.5540161132812,673.8389892578125,664.5120239257812,15275849.0,376.39288330078125
2005-04-13,667.7769775390625,644.4600219726562,665.9110107421875,648.656982421875,25411036.0,367.4123229980469
2005-04-14,643.2670288085938,627.4860229492188,641.6619873046875,628.60498046875,26831198.0,356.0545349121094
2005-04-15,618.81201171875,608.0869750976562,617.8800048828125,611.8179931640625,29256750.0,346.54608154296875
2005-04-18,610.885009765625,588.968017578125,602.0250244140625,609.02001953125,24944709.0,344.9612121582031
2005-04-19,622.0770263671875,612.5640258789062,615.5479736328125,618.3460083007812,14410684.0,350.2436828613281
2005-04-20,628.60498046875,617.4130249023438,623.9420166015625,620.677978515625,21576910.0,351.56451416015625
2005-04-21,623.9420166015625,615.4550170898438,617.4130249023438,621.1439819335938,11334461.0,351.82843017578125
2005-04-22,627.5789794921875,622.0770263671875,625.3410034179688,626.739990234375,9239236.0,354.9981384277344
2005-04-25,632.3359985351562,620.2109985351562,627.6729736328125,631.4030151367188,8630071.0,357.6393127441406
2005-04-26,632.3359985351562,618.81201171875,629.5380249023438,621.6099853515625,10200736.0,352.09246826171875
2005-04-27,630.3300170898438,598.2940063476562,616.947021484375,602.4910278320312,15730979.0,341.2630615234375
2005-04-28,599.2269897460938,575.4439697265625,598.760986328125,581.9730224609375,29154384.0,329.64129638671875
2005-04-29,599.6929931640625,582.0750122070312,582.4390258789062,595.9630126953125,17712986.0,337.5654602050781
2005-05-02,595.9630126953125,595.9630126953125,595.9630126953125,595.9630126953125,0.0,337.5654602050781
2005-05-03,608.552978515625,594.1909790039062,601.0919799804688,606.2219848632812,13071017.0,343.3763427734375
2005-05-04,609.02001953125,600.1589965820312,604.3560180664062,605.7550048828125,10638485.0,343.11181640625
2005-05-05,623.9420166015625,608.552978515625,609.02001953125,622.5430297851562,12169093.0,352.620849609375
2005-05-06,625.3410034179688,600.822021484375,618.3460083007812,623.0089721679688,13218173.0,352.88482666015625
2005-05-09,635.5999755859375,616.6630249023438,629.5380249023438,621.6099853515625,9241552.0,352.09246826171875
2005-05-10,631.4710083007812,607.6209716796875,621.6099853515625,609.4860229492188,9955014.0,345.2251281738281
2005-05-11,616.4719848632812,602.864013671875,608.0869750976562,604.822998046875,16428145.0,342.583984375
2005-05-12,609.4860229492188,598.760986328125,609.4860229492188,600.6259765625,13020882.0,340.20672607421875
2005-05-13,594.0969848632812,579.1749877929688,594.0969848632812,582.905029296875,22320199.0,330.1691589355469
2005-05-16,589.4340209960938,575.4439697265625,578.2420043945312,587.5689697265625,12288489.0,332.8108825683594
2005-05-17,593.1649780273438,580.1079711914062,587.5689697265625,586.1699829101562,11922294.0,332.0184631347656
2005-05-18,616.4719848632812,589.9000244140625,592.2319946289062,603.4240112304688,17045292.0,341.7915344238281
2005-05-19,611.3510131835938,595.9630126953125,609.9520263671875,600.6259765625,12211490.0,340.20672607421875
2005-05-20,601.8660278320312,590.8330078125,596.89501953125,593.6309814453125,10480032.0,336.2445983886719
2005-05-23,598.2940063476562,592.697998046875,598.2940063476562,595.030029296875,6154739.0,337.03704833984375
2005-05-24,612.2839965820312,600.1589965820312,606.2219848632812,608.0869750976562,13706527.0,344.4327392578125
2005-05-25,610.4190063476562,594.0969848632812,609.02001953125,595.030029296875,12092281.0,337.03704833984375
2005-05-26,615.5479736328125,598.760986328125,598.760986328125,614.1489868164062,18098985.0,347.8663330078125
2005-05-27,619.2789916992188,610.1290283203125,618.3460083007812,618.81201171875,13218841.0,350.50762939453125
2005-05-30,618.81201171875,618.81201171875,618.81201171875,618.81201171875,0.0,350.50762939453125
2005-05-31,629.072021484375,615.5479736328125,624.875,619.2789916992188,18563332.0,350.7720642089844
2005-06-01,629.8179931640625,619.2789916992188,622.0770263671875,629.072021484375,12071742.0,356.319091796875
2005-06-02,639.3309936523438,624.0260009765625,636.0659790039062,637.4650268554688,12256000.0,361.0730895996094
2005-06-03,652.85400390625,633.2689819335938,650.0560302734375,640.2630004882812,16847819.0,362.6578369140625
2005-06-06,650.0560302734375,639.7969970703125,649.5900268554688,641.1959838867188,9758144.0,363.186279296875
2005-06-07,643.9940185546875,628.60498046875,640.72998046875,636.0659790039062,14603005.0,360.2805480957031
2005-06-08,635.5999755859375,626.739990234375,635.5999755859375,630.4710083007812,10043868.0,357.1115417480469
2005-06-09,636.4550170898438,621.2369995117188,633.2689819335938,624.875,13851237.0,353.9417419433594
2005-06-10,633.7509765625,625.0609741210938,633.2689819335938,631.4030151367188,18125297.0,357.6393127441406
2005-06-13,636.9990234375,630.0040283203125,631.8699951171875,636.0659790039062,16792745.0,360.2805480957031
2005-06-14,643.0609741210938,630.0040283203125,640.72998046875,632.802001953125,8783601.0,358.4317932128906
2005-06-15,648.1909790039062,638.3980102539062,639.7969970703125,640.72998046875,16363014.0,362.92230224609375
2005-06-16,670.573974609375,650.989013671875,650.989013671875,667.7769775390625,19755210.0,378.2423095703125
2005-06-17,680.3670043945312,670.1079711914062,675.2379760742188,676.1699829101562,26269316.0,382.99627685546875
2005-06-20,679.9010009765625,673.8389892578125,677.5689697265625,678.968017578125,12340565.0,384.5810852050781
2005-06-21,683.6320190429688,668.2429809570312,683.6320190429688,670.573974609375,19224716.0,379.82659912109375
2005-06-22,669.6420288085938,655.6519775390625,669.1749877929688,663.1129760742188,13153124.0,375.6005554199219
2005-06-23,662.1810302734375,650.989013671875,659.3829956054688,656.1179809570312,14239900.0,371.6384582519531
2005-06-24,656.1179809570312,641.1959838867188,656.1179809570312,650.0560302734375,20090410.0,368.20489501953125
2005-06-27,660.3150024414062,643.2750244140625,648.656982421875,657.051025390625,14204960.0,372.1669006347656
2005-06-28,673.8389892578125,660.3150024414062,667.3099975585938,671.041015625,20341268.0,380.0910949707031
2005-06-29,672.906005859375,664.5120239257812,671.5070190429688,667.3099975585938,13258699.0,377.97796630859375
2005-06-30,675.9840087890625,663.1129760742188,669.6420288085938,664.0460205078125,12951004.0,376.1290588378906
2005-07-01,674.77099609375,661.155029296875,669.1749877929688,673.3720092773438,10837081.0,381.41143798828125
2005-07-04,689.2269897460938,674.77099609375,679.9010009765625,687.3619995117188,9645115.0,389.335693359375
2005-07-05,698.0880126953125,683.1649780273438,691.093017578125,691.093017578125,17913144.0,391.4490661621094
2005-07-06,707.8800048828125,680.2739868164062,688.760986328125,705.5490112304688,23460439.0,399.6372375488281
2005-07-07,702.2849731445312,674.3049926757812,700.4190063476562,692.9580078125,23689227.0,392.5051574707031
2005-07-08,709.8759765625,691.093017578125,696.6890258789062,706.947998046875,15075528.0,400.4296569824219
2005-07-11,713.010009765625,699.8599853515625,713.010009765625,708.81298828125,12864941.0,401.4859619140625
2005-07-12,710.8090209960938,701.3519897460938,705.0819702148438,707.8800048828125,8771866.0,400.9574890136719
2005-07-13,713.4760131835938,705.885009765625,706.947998046875,708.3469848632812,7631326.0,401.2220458984375
2005-07-14,716.7689819335938,706.4810180664062,712.0770263671875,709.2789916992188,7948532.0,401.7498779296875
2005-07-15,708.81298828125,697.155029296875,706.947998046875,697.6209716796875,13615145.0,395.1466369628906
2005-07-18,700.885986328125,687.8280029296875,700.885986328125,691.5590209960938,11293057.0,391.7129821777344
2005-07-19,698.5540161132812,688.2949829101562,692.0250244140625,692.9580078125,17629334.0,392.5051574707031
2005-07-20,721.4039916992188,704.1500244140625,708.81298828125,720.0050048828125,18086957.0,407.8254089355469
2005-07-21,741.4559936523438,717.8599853515625,727.4660034179688,729.3309936523438,21005232.0,413.1077575683594
2005-07-22,740.5230102539062,726.0670166015625,731.197021484375,739.1240234375,11887284.0,418.6547546386719
2005-07-25,742.4819946289062,728.5289916992188,740.989013671875,739.5900268554688,8146557.0,418.9186706542969
2005-07-26,740.5230102539062,731.197021484375,740.5230102539062,734.927001953125,6465010.0,416.2774353027344
2005-07-27,740.989013671875,729.3309936523438,736.7930297851562,732.5960083007812,7797412.0,414.9571228027344
2005-07-28,744.4359741210938,733.5280151367188,739.1240234375,736.7930297851562,13146622.0,417.33441162109375
2005-07-29,752.7410278320312,735.4630126953125,743.3209838867188,752.1810302734375,20024514.0,426.050537109375
2005-08-01,752.1810302734375,733.9949951171875,749.8499755859375,736.7930297851562,8056461.0,417.33441162109375
2005-08-02,758.7100219726562,734.4609985351562,736.7930297851562,755.4459838867188,0.0,427.89984130859375
2005-08-03,780.6270141601562,761.041015625,764.77197265625,780.6270141601562,16497055.0,442.1628723144531
2005-08-04,779.6939697265625,768.5029907226562,775.9639892578125,769.4349975585938,14837314.0,435.8233337402344
2005-08-05,779.4149780273438,758.2429809570312,763.3729858398438,768.968994140625,13254923.0,435.5594787597656
2005-08-08,786.4089965820312,759.4559936523438,778.2949829101562,783.4249877929688,9674338.0,443.74774169921875
2005-08-09,801.8909912109375,782.4920043945312,782.4920043945312,794.1500244140625,17532998.0,449.8226318359375
2005-08-10,803.3189697265625,785.7570190429688,791.3519897460938,789.9539794921875,10739430.0,447.44580078125
2005-08-11,800.2130126953125,783.8909912109375,791.8189697265625,795.0830078125,8517807.0,450.35107421875
2005-08-12,809.2589721679688,795.0830078125,803.9429931640625,800.6790161132812,6836548.0,453.5206604003906
2005-08-15,806.9739990234375,799.280029296875,799.280029296875,802.0780029296875,6711557.0,454.3130798339844
2005-08-16,801.14501953125,776.89599609375,798.3469848632812,780.6270141601562,11540853.0,442.1628723144531
2005-08-17,778.7620239257812,757.0189819335938,774.0980224609375,758.2429809570312,17983484.0,429.4841613769531
2005-08-18,755.4459838867188,746.1190185546875,753.5800170898438,752.1810302734375,0.0,426.050537109375
2005-08-19,770.3679809570312,752.1810302734375,762.906982421875,763.8389892578125,16131121.0,432.6537170410156
2005-08-22,789.02099609375,780.1610107421875,782.4920043945312,787.6220092773438,11882305.0,446.12493896484375
2005-08-23,790.885986328125,775.9639892578125,779.6939697265625,778.7620239257812,9596405.0,441.1065368652344
2005-08-24,778.7620239257812,747.052001953125,755.4459838867188,749.8499755859375,29674932.0,424.7300720214844
2005-08-25,764.3060302734375,734.927001953125,737.7249755859375,761.041015625,22117196.0,431.0690002441406
2005-08-26,788.0880126953125,750.3159790039062,788.0880126953125,754.97900390625,9896160.0,427.6352844238281
2005-08-29,754.97900390625,754.97900390625,754.97900390625,754.97900390625,0.0,427.6352844238281
2005-08-30,763.3729858398438,754.5130004882812,757.7769775390625,761.9739990234375,10732528.0,431.59747314453125
2005-08-31,774.5650024414062,760.1090087890625,762.906982421875,768.5029907226562,11279235.0,435.2955322265625
2005-09-01,792.2849731445312,775.031005859375,778.7620239257812,786.2230224609375,14260931.0,445.3325500488281
2005-09-02,785.7570190429688,775.4970092773438,779.6939697265625,784.3579711914062,10690033.0,444.2760925292969
2005-09-05,775.4970092773438,764.4920043945312,772.2329711914062,766.6370239257812,8352570.0,434.2386169433594
2005-09-06,777.0360107421875,758.7100219726562,761.5079956054688,770.3679809570312,9041897.0,436.3518981933594
2005-09-07,773.7160034179688,764.3060302734375,769.9019775390625,768.0360107421875,8151935.0,439.625
2005-09-08,761.6290283203125,753.5800170898438,759.176025390625,756.3779907226562,8935338.0,432.9517822265625
2005-09-09,763.9650268554688,756.3779907226562,761.5079956054688,762.906982421875,5664583.0,436.6892395019531
2005-09-12,776.89599609375,766.5440063476562,770.3679809570312,774.5650024414062,6776369.0,443.3621826171875
2005-09-13,782.4920043945312,766.0960083007812,782.4920043945312,771.301025390625,9401620.0,441.4938049316406
2005-09-14,775.4970092773438,764.1740112304688,775.4970092773438,771.301025390625,12165764.0,441.4938049316406
2005-09-15,790.4199829101562,776.2440185546875,781.093017578125,789.4869995117188,25993432.0,451.903564453125
2005-09-16,816.0679931640625,792.7509765625,792.7509765625,814.6690063476562,27664034.0,466.3177795410156
2005-09-19,822.9130249023438,808.1400146484375,813.27001953125,814.2020263671875,13939027.0,466.0504150390625
2005-09-20,823.06298828125,801.6119995117188,816.0679931640625,803.010986328125,18754307.0,459.6446533203125
2005-09-21,803.9429931640625,784.64697265625,794.6170043945312,800.2130126953125,0.0,458.0431823730469
2005-09-22,817.0,798.9349975585938,807.6740112304688,799.280029296875,16804627.0,457.5090026855469
2005-09-23,808.6060180664062,795.0830078125,802.0780029296875,802.5440063476562,8817370.0,459.37738037109375
2005-09-26,834.2540283203125,816.2360229492188,823.5289916992188,830.989990234375,11345401.0,475.6597900390625
2005-09-27,836.5859985351562,821.197021484375,830.5239868164062,826.3270263671875,11715469.0,472.9908142089844
2005-09-28,850.1090087890625,826.3270263671875,831.9229736328125,847.3109741210938,16467162.0,485.00213623046875
2005-09-29,861.7670288085938,833.7880249023438,852.4409790039062,846.3790283203125,23862145.0,484.4685974121094
2005-09-30,856.6380004882812,840.9130249023438,850.5759887695312,854.3060302734375,11324188.0,489.0060119628906
2005-10-03,856.0130004882812,833.322021484375,852.906982421875,837.052001953125,14966764.0,479.1297607421875
2005-10-04,846.844970703125,827.0260009765625,837.9849853515625,832.3889770507812,15448551.0,476.460693359375
2005-10-05,817.0,794.6170043945312,815.6010131835938,800.2130126953125,22957526.0,458.0431823730469
2005-10-06,799.280029296875,771.7670288085938,788.0880126953125,797.4149780273438,39790679.0,456.4415283203125
2005-10-07,789.9539794921875,767.10400390625,783.4249877929688,769.9019775390625,17603125.0,440.6929931640625
2005-10-10,794.6170043945312,775.9639892578125,779.6939697265625,783.4249877929688,20327391.0,448.4336853027344
2005-10-11,794.6170043945312,779.6939697265625,783.8909912109375,783.4249877929688,16735259.0,448.4336853027344
2005-10-12,794.010986328125,782.958984375,793.218017578125,785.7570190429688,11062384.0,449.7684631347656
2005-10-13,776.89599609375,746.1190185546875,774.0980224609375,749.8499755859375,17792548.0,429.21514892578125
2005-10-14,793.3109741210938,739.4119873046875,754.0469970703125,751.2490234375,22569787.0,430.01611328125
2005-10-17,764.3519897460938,750.3159790039062,753.3939819335938,762.4400024414062,9793531.0,436.421630859375
2005-10-18,780.6270141601562,759.6420288085938,775.9639892578125,762.906982421875,14467359.0,436.6892395019531
2005-10-19,746.1190185546875,723.9219970703125,746.1190185546875,731.6630249023438,26478708.0,418.8050231933594
2005-10-20,763.093017578125,737.7249755859375,747.9840087890625,738.6580200195312,18368879.0,422.80889892578125
2005-10-21,754.5130004882812,722.3270263671875,738.6580200195312,726.5330200195312,15430845.0,415.8686218261719
2005-10-24,753.5800170898438,724.6680297851562,730.2639770507812,753.114013671875,8940942.0,431.0834655761719
2005-10-25,768.968994140625,749.8499755859375,755.4459838867188,750.3159790039062,11934862.0,429.48199462890625
2005-10-26,783.1270141601562,759.176025390625,759.176025390625,778.7620239257812,19695159.0,445.7645568847656
2005-10-27,770.833984375,754.97900390625,770.3679809570312,761.041015625,17434287.0,435.6210021972656
2005-10-28,767.2899780273438,736.3259887695312,748.9169921875,758.7100219726562,14365403.0,434.2867736816406
2005-10-31,780.6270141601562,768.5029907226562,774.0980224609375,774.5650024414062,19424346.0,443.3621826171875
2005-11-01,794.6170043945312,772.2329711914062,772.2329711914062,786.6890258789062,17490251.0,450.30194091796875
2005-11-02,787.156005859375,767.5700073242188,778.7620239257812,780.6270141601562,14576704.0,446.8320617675781
2005-11-03,803.9429931640625,780.6270141601562,788.0880126953125,803.9429931640625,15511057.0,460.17822265625
2005-11-04,797.3209838867188,777.3629760742188,792.7509765625,779.6939697265625,10523032.0,446.2978820800781
2005-11-07,791.8189697265625,766.6370239257812,784.3579711914062,783.4249877929688,14167302.0,448.4336853027344
2005-11-08,802.0780029296875,786.2230224609375,795.5490112304688,789.9539794921875,14035271.0,452.17071533203125
2005-11-09,794.6170043945312,777.3629760742188,787.156005859375,779.22802734375,11690497.0,446.0314025878906
2005-11-10,784.3579711914062,769.9019775390625,783.4249877929688,769.9019775390625,16008728.0,440.6929931640625
2005-11-11,789.4869995117188,769.9019775390625,779.22802734375,784.3579711914062,12257235.0,448.9676208496094
2005-11-14,800.6790161132812,787.156005859375,797.4149780273438,790.4199829101562,0.0,452.4375305175781
2005-11-15,798.3469848632812,786.6890258789062,791.8189697265625,792.7509765625,9998462.0,453.77178955078125
2005-11-16,796.0159912109375,772.2329711914062,796.0159912109375,781.093017578125,17655412.0,447.0988464355469
2005-11-17,809.5390014648438,785.2899780273438,785.2899780273438,801.14501953125,17606358.0,458.57666015625
2005-11-18,826.3270263671875,801.14501953125,813.27001953125,806.7410278320312,17340042.0,461.7797546386719
2005-11-21,817.4669799804688,795.0830078125,795.0830078125,811.8709716796875,9523156.0,464.7161865234375
2005-11-22,819.3319702148438,803.4769897460938,809.5390014648438,806.7410278320312,17249158.0,461.7797546386719
2005-11-23,818.3989868164062,799.5780029296875,804.8759765625,816.0679931640625,12623833.0,467.11846923828125
2005-11-24,833.7880249023438,797.8809814453125,823.5289916992188,824.927978515625,11278032.0,472.19000244140625
2005-11-25,836.5859985351562,827.2130126953125,828.1920166015625,833.322021484375,8778622.0,476.9948425292969
2005-11-28,836.8569946289062,815.135009765625,835.6530151367188,817.4669799804688,8511452.0,467.9192810058594
2005-11-29,829.125,808.6060180664062,818.8660278320312,824.4619750976562,16746524.0,471.9230651855469
2005-11-30,821.6640014648438,805.8090209960938,820.7310180664062,808.1400146484375,14801760.0,462.5804748535156
2005-12-01,824.4619750976562,804.4099731445312,808.6060180664062,819.7979736328125,21478118.0,469.2535400390625
2005-12-02,843.5809936523438,826.7930297851562,828.1920166015625,842.1820068359375,22422640.0,482.066162109375
2005-12-05,838.4509887695312,825.8599853515625,838.4509887695312,830.0570068359375,12237781.0,475.1258239746094
2005-12-06,837.5189819335938,819.7979736328125,825.3939819335938,836.1199951171875,8826749.0,478.596435546875
2005-12-07,852.906982421875,828.1920166015625,836.1199951171875,832.85498046875,16502532.0,476.72735595703125
2005-12-08,829.5910034179688,814.2020263671875,824.4619750976562,829.125,12598743.0,474.5924377441406
2005-12-09,838.4509887695312,825.3939819335938,825.3939819335938,831.4559936523438,8577182.0,475.92657470703125
2005-12-12,847.7780151367188,834.7210083007812,839.8499755859375,834.7210083007812,6299218.0,477.7955017089844
2005-12-13,840.3170166015625,817.0,817.0,830.5239868164062,9466508.0,475.3931579589844
2005-12-14,836.5859985351562,826.7930297851562,831.4559936523438,830.989990234375,8500896.0,475.6597900390625
2005-12-15,829.125,817.0,829.125,819.3319702148438,20263997.0,468.9868469238281
2005-12-16,827.7260131835938,816.0679931640625,816.0679931640625,821.197021484375,14338669.0,470.0544128417969
2005-12-19,836.1199951171875,821.6640014648438,821.6640014648438,833.322021484375,6826295.0,476.9948425292969
2005-12-20,847.3109741210938,833.322021484375,833.322021484375,844.97998046875,19027184.0,483.6678161621094
2005-12-21,864.5650024414062,849.6430053710938,849.6430053710938,858.969970703125,8628237.0,491.6757507324219
2005-12-22,858.969970703125,850.1090087890625,856.1719970703125,851.5079956054688,11211834.0,487.4045104980469
2005-12-23,862.7000122070312,849.177001953125,851.5079956054688,862.7000122070312,2802249.0,493.81072998046875
2005-12-26,862.7000122070312,862.7000122070312,862.7000122070312,862.7000122070312,0.0,493.81072998046875
2005-12-27,862.7000122070312,862.7000122070312,862.7000122070312,862.7000122070312,0.0,493.81072998046875
2005-12-28,874.8250122070312,865.4979858398438,867.3629760742188,872.0269775390625,7323484.0,499.1495056152344
2005-12-29,886.948974609375,875.7570190429688,877.6220092773438,880.4199829101562,6578231.0,503.9537048339844
2005-12-30,885.5499877929688,876.6900024414062,883.218017578125,885.5499877929688,2486247.0,506.89019775390625
2006-01-03,906.0679931640625,892.0789794921875,892.5449829101562,898.6069946289062,15817168.0,514.364013671875
2006-01-04,916.3270263671875,898.1409912109375,909.7990112304688,906.5349731445312,24448453.0,518.9019165039062
2006-01-05,908.4000244140625,887.4149780273438,904.6690063476562,889.281005859375,18272679.0,509.0257263183594
2006-01-06,912.1300048828125,882.2860107421875,888.8140258789062,912.1300048828125,14493088.0,522.1044921875
2006-01-09,928.9180297851562,915.8610229492188,923.322021484375,920.5239868164062,13820320.0,526.9092407226562
2006-01-10,918.1929931640625,893.010986328125,916.3270263671875,900.9390258789062,27980570.0,515.6988525390625
2006-01-11,918.6589965820312,905.6019897460938,907.0009765625,912.5969848632812,13298360.0,522.3717651367188
2006-01-12,920.9910278320312,892.0789794921875,914.927978515625,905.6019897460938,20481472.0,518.367919921875
2006-01-13,905.6019897460938,890.6799926757812,905.6019897460938,898.1409912109375,15710821.0,514.09716796875
2006-01-16,907.4669799804688,891.6119995117188,898.1409912109375,893.47802734375,14189339.0,511.42816162109375
2006-01-17,923.7890014648438,890.2130126953125,896.7420043945312,920.0579833984375,23065506.0,526.6425170898438
2006-01-18,930.7830200195312,892.5449829101562,897.2080078125,920.9910278320312,27210604.0,527.1765747070312
2006-01-19,967.156982421875,935.9130249023438,937.31201171875,956.4310302734375,22511544.0,547.4625244140625
2006-01-20,974.6179809570312,948.5040283203125,962.9600219726562,951.302001953125,18255603.0,544.5267333984375
2006-01-23,953.1669921875,937.31201171875,937.31201171875,942.9080200195312,13339270.0,539.721923828125
2006-01-24,955.9650268554688,927.052978515625,955.9650268554688,932.6489868164062,20309695.0,533.8497924804688
2006-01-25,977.416015625,943.3740234375,943.3740234375,977.416015625,18332398.0,559.474365234375
2006-01-26,989.073974609375,960.6279907226562,982.0789794921875,969.4879760742188,16524403.0,554.936279296875
2006-01-27,1002.5999755859375,973.6849975585938,992.3380126953125,981.14697265625,22646866.0,561.6099853515625
2006-01-30,1002.5999755859375,981.6129760742188,1000.72998046875,988.6079711914062,14410754.0,565.880615234375
2006-01-31,984.4110107421875,963.426025390625,980.2139892578125,968.5560302734375,24699523.0,554.4028930664062
2006-02-01,993.27099609375,972.7529907226562,974.6179809570312,979.281005859375,22462788.0,560.5418090820312
2006-02-02,997.9340209960938,951.302001953125,988.6079711914062,957.8300170898438,18919963.0,548.2632446289062
2006-02-03,965.291015625,939.177001953125,962.4940185546875,949.4359741210938,19746002.0,543.4586181640625
2006-02-06,961.5609741210938,948.5040283203125,961.094970703125,957.8300170898438,14497950.0,548.2632446289062
2006-02-07,968.5560302734375,937.7780151367188,965.291015625,945.239990234375,23712732.0,541.0567016601562
2006-02-08,923.322021484375,895.343017578125,902.8040161132812,910.7319946289062,29145870.0,521.3043212890625
2006-02-09,940.1099853515625,917.7260131835938,926.1199951171875,938.2449951171875,17571556.0,537.0526733398438
2006-02-10,938.2449951171875,890.6799926757812,934.97998046875,891.6119995117188,24092791.0,510.3599548339844
2006-02-13,887.8820190429688,870.6279907226562,878.0889892578125,879.9539794921875,27144675.0,503.68701171875
2006-02-14,897.2080078125,878.0889892578125,886.4829711914062,889.7470092773438,17992508.0,509.2925720214844
2006-02-15,909.7990112304688,888.8140258789062,890.6799926757812,897.2080078125,29938910.0,513.5631103515625
2006-02-16,904.2030029296875,881.8189697265625,900.0059814453125,896.2750244140625,21885332.0,513.0291137695312
2006-02-17,934.97998046875,884.1510009765625,895.343017578125,917.7260131835938,25162691.0,525.307861328125
2006-02-20,943.3740234375,927.052978515625,931.7160034179688,938.2449951171875,16919792.0,537.0526733398438
2006-02-21,943.3740234375,925.18798828125,940.5759887695312,931.25,13180637.0,533.048828125
2006-02-22,942.4420166015625,929.8510131835938,929.8510131835938,940.1099853515625,12512404.0,538.120361328125
2006-02-23,954.5659790039062,914.4619750976562,947.5709838867188,922.3900146484375,22389756.0,527.9774169921875
2006-02-24,920.5239868164062,894.8759765625,920.5239868164062,913.9959716796875,16026356.0,523.1726684570312
2006-02-27,931.7160034179688,908.8660278320312,914.4619750976562,911.6640014648438,15603766.0,521.8378295898438
2006-02-28,907.9340209960938,892.0789794921875,907.4669799804688,895.343017578125,26545504.0,512.49560546875
2006-03-01,907.0009765625,876.6900024414062,886.4829711914062,907.0009765625,12711516.0,525.0682983398438
2006-03-02,919.5919799804688,892.0789794921875,914.4619750976562,902.8040161132812,17842480.0,522.6386108398438
2006-03-03,917.7260131835938,891.14599609375,901.8709716796875,900.0059814453125,15192163.0,521.0189208984375
2006-03-06,914.4619750976562,894.4099731445312,904.6690063476562,899.072998046875,15140995.0,520.478759765625
2006-03-07,885.5499877929688,862.7000122070312,885.083984375,871.5599975585938,25437136.0,504.5513000488281
2006-03-08,870.6279907226562,837.052001953125,865.9639892578125,854.7730102539062,46403932.0,494.83319091796875
2006-03-09,875.7570190429688,850.5759887695312,865.4979858398438,860.8350219726562,20526656.0,498.3425598144531
2006-03-10,874.3579711914062,850.5759887695312,853.8400268554688,874.3579711914062,17281158.0,506.171142578125
2006-03-13,892.0789794921875,864.0989990234375,886.948974609375,874.3579711914062,22302996.0,506.171142578125
2006-03-14,880.4199829101562,865.4979858398438,875.291015625,879.02099609375,11188884.0,508.87054443359375
2006-03-15,918.1929931640625,885.5499877929688,886.0159912109375,913.9959716796875,27800333.0,529.1178588867188
2006-03-16,923.322021484375,898.1409912109375,921.4569702148438,916.3270263671875,19348631.0,530.4672241210938
2006-03-17,931.7160034179688,900.0059814453125,913.9959716796875,903.27001953125,18410227.0,522.9083251953125
2006-03-20,923.322021484375,907.4669799804688,918.6589965820312,910.7319946289062,12899413.0,527.2282104492188
2006-03-21,914.927978515625,894.4099731445312,908.4000244140625,897.2080078125,12042851.0,519.3990478515625
2006-03-22,909.3330078125,889.281005859375,894.8759765625,903.27001953125,11627482.0,522.9083251953125
2006-03-23,929.3839721679688,913.5289916992188,916.7940063476562,924.2550048828125,19430238.0,535.0567626953125
2006-03-24,955.4990234375,928.4520263671875,930.3170166015625,952.7009887695312,16419278.0,551.5242919921875
2006-03-27,969.02197265625,942.4420166015625,966.6900024414062,946.1719970703125,13505610.0,547.7447509765625
2006-03-28,960.1619873046875,925.6539916992188,952.2340087890625,941.0430297851562,16658524.0,544.7753295898438
2006-03-29,960.6279907226562,931.7160034179688,936.3790283203125,954.0999755859375,11170319.0,552.3341064453125
2006-03-30,1011.4600219726562,970.4210205078125,974.6179809570312,999.3330078125,25499859.0,578.5199584960938
2006-03-31,1002.1300048828125,979.281005859375,995.135986328125,980.6799926757812,17618470.0,567.721435546875
2006-04-03,1046.4300537109375,1017.989990234375,1023.5800170898438,1043.1700439453125,31952901.0,603.8973388671875
2006-04-04,1049.699951171875,1027.780029296875,1044.5699462890625,1046.4300537109375,22001024.0,605.7846069335938
2006-04-05,1081.8699951171875,1047.8299560546875,1049.22998046875,1069.75,15956154.0,619.28466796875
2006-04-06,1093.06005859375,1059.949951171875,1081.8699951171875,1066.02001953125,15623455.0,617.1254272460938
2006-04-07,1070.6800537109375,1033.8399658203125,1067.4200439453125,1044.0999755859375,19989851.0,604.4357299804688
2006-04-10,1069.75,1038.0400390625,1053.8900146484375,1065.0799560546875,20295769.0,616.5812377929688
2006-04-11,1105.18994140625,1074.8800048828125,1100.989990234375,1077.6800537109375,28630281.0,623.87548828125
2006-04-12,1069.280029296875,1033.3800048828125,1069.280029296875,1057.6199951171875,21205977.0,612.2625122070312
2006-04-13,1066.02001953125,1032.43994140625,1063.219970703125,1048.300048828125,17651037.0,606.8671875
2006-04-18,1103.3199462890625,1072.550048828125,1081.8699951171875,1100.989990234375,20907249.0,637.3697509765625
2006-04-19,1126.6400146484375,1095.8599853515625,1116.8499755859375,1109.3900146484375,18213380.0,642.232421875
2006-04-20,1113.5799560546875,1062.2900390625,1109.8499755859375,1071.1500244140625,25899554.0,620.0951538085938
2006-04-21,1105.18994140625,1052.030029296875,1064.1500244140625,1102.3900146484375,19997893.0,638.1801147460938
2006-04-24,1130.3699951171875,1093.530029296875,1096.3299560546875,1094.4599609375,19885974.0,633.5892944335938
2006-04-25,1104.260009765625,1069.280029296875,1100.530029296875,1090.72998046875,23273619.0,631.43017578125
2006-04-26,1111.719970703125,1084.199951171875,1108.9200439453125,1093.06005859375,21102040.0,632.7789306640625
2006-04-27,1086.5400390625,1026.8499755859375,1086.5400390625,1061.8199462890625,43739484.0,614.6939697265625
2006-04-28,1066.949951171875,1032.9100341796875,1062.75,1052.9599609375,23474080.0,609.5650024414062
2006-05-02,1092.5999755859375,1063.219970703125,1070.6800537109375,1091.199951171875,18484147.0,631.7022094726562
2006-05-03,1106.1199951171875,1068.81005859375,1102.8599853515625,1070.2099609375,16298691.0,619.5509643554688
2006-05-04,1093.06005859375,1052.489990234375,1062.2900390625,1090.27001953125,22424931.0,631.1638793945312
2006-05-05,1121.0400390625,1089.3299560546875,1089.3299560546875,1116.8499755859375,23278307.0,646.5512084960938
2006-05-08,1145.2900390625,1094.0,1132.699951171875,1097.72998046875,24306158.0,635.4825439453125
2006-05-09,1114.52001953125,1080.93994140625,1103.3199462890625,1113.5799560546875,27364870.0,644.658203125
2006-05-10,1133.6400146484375,1114.97998046875,1129.43994140625,1120.5799560546875,15166067.0,648.7102661132812
2006-05-11,1158.3499755859375,1126.1700439453125,1132.239990234375,1129.9000244140625,24588845.0,654.1058959960938
2006-05-12,1127.1099853515625,1083.739990234375,1127.1099853515625,1089.3299560546875,30442903.0,630.6196899414062
2006-05-15,1077.2099609375,1007.72998046875,1077.2099609375,1027.780029296875,38496152.0,594.9879150390625
2006-05-16,1044.5699462890625,993.7369995117188,1025.9100341796875,1009.1300048828125,0.0,584.1915283203125
2006-05-17,1056.68994140625,962.4940185546875,1042.22998046875,969.4879760742188,43742302.0,561.242431640625
2006-05-18,990.9390258789062,936.3790283203125,979.281005859375,969.02197265625,38649872.0,560.9725341796875
2006-05-19,997.9340209960938,941.5089721679688,969.9550170898438,944.7730102539062,33742700.0,546.9347534179688
2006-05-22,941.0430297851562,882.2860107421875,913.9959716796875,898.6069946289062,48279903.0,520.2090454101562
2006-05-23,976.9500122070312,917.7260131835938,925.18798828125,971.8200073242188,38792447.0,562.5924072265625
2006-05-24,981.6129760742188,918.6589965820312,960.1619873046875,936.8460083007812,31671640.0,542.3457641601562
2006-05-25,965.291015625,918.1929931640625,934.5139770507812,965.291015625,14826065.0,558.812744140625
2006-05-26,1008.1900024414062,975.083984375,988.6079711914062,1004.4600219726562,29824900.0,581.4879150390625
2006-05-30,1016.5900268554688,969.4879760742188,1014.260009765625,970.8870239257812,19242900.0,562.05224609375
2006-05-31,984.4110107421875,940.1099853515625,960.6279907226562,979.281005859375,21844548.0,566.9117431640625
2006-06-01,977.416015625,940.5759887695312,977.416015625,957.364013671875,23233737.0,554.2238159179688
2006-06-02,971.8200073242188,951.302001953125,969.9550170898438,955.9650268554688,14588118.0,553.413818359375
2006-06-05,987.6749877929688,958.7630004882812,987.6749877929688,969.02197265625,11529475.0,560.9725341796875
2006-06-06,948.969970703125,917.260009765625,945.7059936523438,925.6539916992188,22459265.0,535.8665771484375
2006-06-07,942.9080200195312,902.8040161132812,937.31201171875,933.5809936523438,20387555.0,540.45556640625
2006-06-08,909.3330078125,864.5650024414062,897.6740112304688,872.4929809570312,49223233.0,505.09136962890625
2006-06-09,924.7210083007812,880.8870239257812,910.2650146484375,900.9390258789062,33514990.0,521.5590209960938
2006-06-12,920.5239868164062,879.4879760742188,890.6799926757812,891.14599609375,18681161.0,515.8897705078125
2006-06-13,863.6329956054688,833.7880249023438,857.10400390625,848.7100219726562,34344123.0,491.3233642578125
2006-06-14,867.3629760742188,837.052001953125,861.301025390625,854.3060302734375,35555833.0,494.5628967285156
2006-06-15,925.18798828125,872.958984375,881.35302734375,915.8610229492188,42991593.0,530.197509765625
2006-06-16,944.3070068359375,889.281005859375,932.6489868164062,895.343017578125,33395723.0,518.3193969726562
2006-06-19,932.6489868164062,886.0159912109375,907.4669799804688,890.6799926757812,15152341.0,515.6198120117188
2006-06-20,924.2550048828125,873.8920288085938,881.35302734375,921.4569702148438,21157148.0,533.4371337890625
2006-06-21,937.31201171875,902.8040161132812,922.3900146484375,934.5139770507812,15733939.0,540.9957885742188
2006-06-22,959.6959838867188,918.6589965820312,959.6959838867188,932.6489868164062,18974183.0,539.9161987304688
2006-06-23,943.8410034179688,906.5349731445312,941.0430297851562,927.052978515625,17814887.0,536.6764526367188
2006-06-26,950.3690185546875,926.1199951171875,941.9749755859375,929.8510131835938,26349908.0,538.2962646484375
2006-06-27,953.1669921875,919.5919799804688,950.3690185546875,924.2550048828125,22042699.0,535.0567626953125
2006-06-28,926.1199951171875,905.6019897460938,915.8610229492188,916.7940063476562,15720442.0,530.7376708984375
2006-06-29,961.5609741210938,926.1199951171875,937.31201171875,961.5609741210938,20441869.0,556.6535034179688
2006-06-30,1002.5999755859375,975.551025390625,999.7990112304688,978.3489990234375,28475719.0,566.3720703125
2006-07-03,995.135986328125,975.551025390625,989.5399780273438,988.6079711914062,15831414.0,572.31103515625
2006-07-04,990.4730224609375,979.281005859375,988.6079711914062,987.6749877929688,7194394.0,571.7709350585938
2006-07-05,984.8770141601562,947.5709838867188,984.8770141601562,956.8980102539062,18257469.0,553.9540405273438
2006-07-06,981.14697265625,953.1669921875,965.291015625,978.3489990234375,20233546.0,566.3720703125
2006-07-07,1000.72998046875,973.6849975585938,989.5399780273438,988.6079711914062,20902437.0,572.31103515625
2006-07-10,997.0020141601562,977.416015625,997.0020141601562,989.5399780273438,9996131.0,572.8505859375
2006-07-11,1000.72998046875,982.0789794921875,986.7420043945312,998.8670043945312,18518323.0,578.2500610351562
2006-07-12,1028.7099609375,1009.1300048828125,1009.1300048828125,1020.3200073242188,22411923.0,590.66943359375
2006-07-13,1010.989990234375,972.7529907226562,1009.1300048828125,980.2139892578125,17448844.0,567.4517822265625
2006-07-14,979.281005859375,951.302001953125,965.291015625,951.302001953125,19997468.0,550.7144775390625
2006-07-17,968.0889892578125,936.3790283203125,968.0889892578125,941.9749755859375,20107829.0,545.31494140625
2006-07-18,948.5040283203125,923.322021484375,935.447021484375,932.6489868164062,17153626.0,539.9161987304688
2006-07-19,975.551025390625,931.7160034179688,941.9749755859375,970.8870239257812,21109224.0,562.05224609375
2006-07-20,996.0689697265625,962.4940185546875,996.0689697265625,970.8870239257812,11443650.0,562.05224609375
2006-07-21,971.8200073242188,933.5809936523438,965.291015625,938.2449951171875,14728806.0,543.1556396484375
2006-07-24,953.1669921875,935.447021484375,938.2449951171875,951.302001953125,16320167.0,550.7144775390625
2006-07-25,967.156982421875,946.6389770507812,961.5609741210938,948.5040283203125,15386336.0,549.0947265625
2006-07-26,968.0889892578125,944.7730102539062,951.302001953125,955.031982421875,23625422.0,552.8737182617188
2006-07-27,979.281005859375,962.4940185546875,972.7529907226562,969.02197265625,21644949.0,560.9725341796875
2006-07-28,969.02197265625,947.5709838867188,960.6279907226562,964.3590087890625,15057032.0,558.2733154296875
2006-07-31,972.7529907226562,944.7730102539062,969.02197265625,945.7059936523438,16091419.0,547.474853515625
2006-08-01,956.8980102539062,921.4569702148438,951.302001953125,926.1199951171875,24115128.0,536.1365356445312
2006-08-02,959.6959838867188,927.9860229492188,937.31201171875,955.9650268554688,21822809.0,553.413818359375
2006-08-03,965.291015625,929.8510131835938,962.4940185546875,935.447021484375,15191725.0,541.5359497070312
2006-08-04,964.3590087890625,938.2449951171875,941.9749755859375,960.6279907226562,17735121.0,556.11328125
2006-08-07,948.5040283203125,932.6489868164062,942.9080200195312,935.447021484375,12681774.0,541.5359497070312
2006-08-08,944.7730102539062,927.9860229492188,942.9080200195312,930.7830200195312,18120509.0,538.8359375
2006-08-09,930.7830200195312,899.072998046875,927.9860229492188,922.3900146484375,21703776.0,533.9771118164062
2006-08-10,924.2550048828125,902.8040161132812,910.2650146484375,916.7940063476562,24260477.0,530.7376708984375
2006-08-11,927.9860229492188,913.9959716796875,918.6589965820312,916.7940063476562,13551505.0,530.7376708984375
2006-08-14,929.8510131835938,919.5919799804688,928.9180297851562,928.9180297851562,8620307.0,537.7561645507812
2006-08-15,927.052978515625,911.197998046875,921.4569702148438,922.3900146484375,18826093.0,533.9771118164062
2006-08-16,962.4940185546875,925.18798828125,926.1199951171875,957.8300170898438,25928365.0,554.4934692382812
2006-08-17,996.0689697265625,962.4940185546875,966.2239990234375,969.02197265625,34229188.0,560.9725341796875
2006-08-18,982.0789794921875,954.0999755859375,968.0889892578125,962.4940185546875,27464084.0,557.193359375
2006-08-21,981.14697265625,961.5609741210938,969.02197265625,979.281005859375,15142806.0,566.9117431640625
2006-08-22,993.27099609375,973.6849975585938,988.6079711914062,984.8770141601562,33952246.0,570.1512451171875
2006-08-23,967.156982421875,945.7059936523438,962.4940185546875,945.7059936523438,26301112.0,547.474853515625
2006-08-24,943.8410034179688,920.5239868164062,941.0430297851562,922.3900146484375,30533205.0,533.9771118164062
2006-08-25,937.31201171875,921.4569702148438,932.6489868164062,932.6489868164062,25295928.0,539.9161987304688
2006-08-29,951.302001953125,927.052978515625,947.5709838867188,933.5809936523438,31797136.0,540.45556640625
2006-08-30,948.5040283203125,929.8510131835938,937.31201171875,942.9080200195312,21712139.0,545.855224609375
2006-08-31,955.9650268554688,932.6489868164062,955.9650268554688,933.5809936523438,18505294.0,540.45556640625
2006-09-01,951.302001953125,935.447021484375,938.2449951171875,939.177001953125,18667246.0,543.6951293945312
2006-09-04,966.2239990234375,945.7059936523438,948.5040283203125,965.291015625,16359099.0,558.812744140625
2006-09-05,979.281005859375,957.8300170898438,969.9550170898438,979.281005859375,20706805.0,566.9117431640625
2006-09-06,971.8200073242188,942.9080200195312,971.8200073242188,947.5709838867188,19934735.0,554.0767822265625
2006-09-07,944.7730102539062,916.7940063476562,941.0430297851562,921.4569702148438,30330134.0,538.8070068359375
2006-09-08,936.3790283203125,904.6690063476562,927.9860229492188,915.8610229492188,26997928.0,535.5348510742188
2006-09-11,899.072998046875,859.9019775390625,888.8140258789062,871.093994140625,42528361.0,509.3580017089844
2006-09-12,882.2860107421875,845.9119873046875,853.3740234375,869.22900390625,55218901.0,508.2676696777344
2006-09-13,880.4199829101562,859.9019775390625,865.4979858398438,866.4310302734375,34865198.0,506.6314392089844
2006-09-14,891.6119995117188,864.5650024414062,881.35302734375,868.2960205078125,25985474.0,507.7220458984375
2006-09-15,866.4310302734375,847.7780151367188,864.5650024414062,848.7100219726562,33143881.0,496.2694091796875
2006-09-18,873.8920288085938,849.6430053710938,857.10400390625,864.5650024414062,18340426.0,505.5404357910156
2006-09-19,873.8920288085938,845.9119873046875,866.4310302734375,848.7100219726562,23565235.0,496.2694091796875
2006-09-20,862.7000122070312,822.5960083007812,844.0469970703125,850.5759887695312,42552868.0,497.3604431152344
2006-09-21,866.4310302734375,838.4509887695312,846.844970703125,854.3060302734375,32447563.0,499.5416259765625
2006-09-22,865.4979858398438,825.3939819335938,849.6430053710938,827.2589721679688,26894236.0,483.7261657714844
2006-09-25,835.6530151367188,782.4920043945312,835.6530151367188,795.5490112304688,52383064.0,465.1842956542969
2006-09-26,832.85498046875,807.6740112304688,812.3369750976562,830.989990234375,30170329.0,485.90777587890625
2006-09-27,862.7000122070312,845.9119873046875,847.7780151367188,858.969970703125,40887075.0,502.2687683105469
2006-09-28,873.8920288085938,861.7670288085938,866.4310302734375,867.3629760742188,26901607.0,507.1763916015625
2006-09-29,888.8140258789062,853.3740234375,888.8140258789062,859.9019775390625,27705268.0,502.813720703125
2006-10-02,881.35302734375,866.4310302734375,873.8920288085938,874.8250122070312,16715635.0,511.5396423339844
2006-10-03,876.6900024414062,842.1820068359375,876.6900024414062,852.4409790039062,34176085.0,498.45111083984375
2006-10-04,837.5189819335938,807.6740112304688,837.5189819335938,811.4039916992188,52283356.0,474.4553527832031
2006-10-05,844.97998046875,825.3939819335938,834.7210083007812,844.97998046875,54017244.0,494.0882873535156
2006-10-06,857.10400390625,832.85498046875,844.0469970703125,844.0469970703125,37403063.0,493.5428161621094
2006-10-09,877.6220092773438,839.3839721679688,844.0469970703125,873.8920288085938,22470284.0,510.9942932128906
2006-10-10,890.6799926757812,870.1610107421875,880.4199829101562,886.948974609375,25171774.0,518.6290283203125
2006-10-11,890.6799926757812,872.0269775390625,887.8820190429688,884.1510009765625,23142363.0,516.9928588867188
2006-10-12,910.2650146484375,883.218017578125,892.5449829101562,905.6019897460938,30157657.0,529.5360107421875
2006-10-13,934.5139770507812,902.8040161132812,911.197998046875,930.7830200195312,32594282.0,544.2601928710938
2006-10-16,950.3690185546875,930.7830200195312,946.6389770507812,941.0430297851562,21897552.0,550.2596435546875
2006-10-17,952.2340087890625,921.4569702148438,941.9749755859375,926.1199951171875,40774590.0,541.5336303710938
2006-10-18,947.5709838867188,928.9180297851562,941.9749755859375,936.3790283203125,25679356.0,547.5322875976562
2006-10-19,965.291015625,928.9180297851562,939.177001953125,951.302001953125,20546847.0,556.2584228515625
2006-10-20,977.416015625,948.5040283203125,966.2239990234375,951.302001953125,38853401.0,556.2584228515625
2006-10-23,967.156982421875,935.447021484375,967.156982421875,951.302001953125,22250876.0,556.2584228515625
2006-10-24,947.5709838867188,927.052978515625,941.0430297851562,945.7059936523438,24938636.0,552.9862060546875
2006-10-25,960.6279907226562,947.5709838867188,960.6279907226562,953.1669921875,21959645.0,557.348876953125
2006-10-26,969.02197265625,945.7059936523438,969.02197265625,946.6389770507812,27377337.0,553.5316162109375
2006-10-27,957.8300170898438,935.447021484375,955.031982421875,952.2340087890625,26490856.0,556.80322265625
2006-10-30,960.6279907226562,928.9180297851562,960.6279907226562,932.6489868164062,29658316.0,545.3513793945312
2006-10-31,949.4359741210938,928.9180297851562,943.8410034179688,942.9080200195312,26645692.0,551.3501586914062
2006-11-01,976.4829711914062,947.5709838867188,949.4359741210938,966.2239990234375,35938893.0,564.9837036132812
2006-11-02,965.291015625,945.7059936523438,959.6959838867188,956.8980102539062,31623532.0,559.5305786132812
2006-11-03,970.8870239257812,947.5709838867188,959.6959838867188,956.8980102539062,22463783.0,559.5305786132812
2006-11-06,989.5399780273438,959.6959838867188,964.3590087890625,987.6749877929688,24672800.0,577.5269165039062
2006-11-07,998.8670043945312,983.9439697265625,993.27099609375,988.6079711914062,21889739.0,578.0724487304688
2006-11-08,977.416015625,958.7630004882812,969.9550170898438,976.4829711914062,28088731.0,570.9825439453125
2006-11-09,976.4829711914062,956.8980102539062,973.6849975585938,972.7529907226562,29923612.0,568.8014526367188
2006-11-10,990.4730224609375,944.7730102539062,976.4829711914062,947.5709838867188,35632938.0,554.0767822265625
2006-11-13,934.5139770507812,909.3330078125,932.6489868164062,912.1300048828125,41972632.0,533.3530883789062
2006-11-14,928.9180297851562,905.6019897460938,927.052978515625,917.7260131835938,30407872.0,536.625244140625
2006-11-15,927.052978515625,900.0059814453125,917.7260131835938,920.5239868164062,28135449.0,538.2613525390625
2006-11-16,933.5809936523438,914.927978515625,926.1199951171875,928.9180297851562,23836210.0,543.1697998046875
2006-11-17,923.322021484375,883.218017578125,919.5919799804688,895.343017578125,41567262.0,523.537353515625
2006-11-20,916.7940063476562,887.8820190429688,891.6119995117188,906.5349731445312,26438257.0,530.0814819335938
2006-11-21,909.3330078125,890.6799926757812,896.2750244140625,900.9390258789062,26310359.0,526.8096313476562
2006-11-22,927.9860229492188,900.9390258789062,922.3900146484375,904.6690063476562,39046262.0,528.990478515625
2006-11-23,915.8610229492188,892.5449829101562,915.8610229492188,899.072998046875,15678307.0,525.7183837890625
2006-11-24,902.8040161132812,881.35302734375,897.2080078125,898.1409912109375,26984664.0,525.1732788085938
2006-11-27,913.06298828125,888.8140258789062,901.8709716796875,892.5449829101562,26120244.0,521.9010620117188
2006-11-28,899.072998046875,870.1610107421875,886.0159912109375,873.8920288085938,36262140.0,510.9942932128906
2006-11-29,897.2080078125,879.4879760742188,886.948974609375,889.7470092773438,27239682.0,520.2650146484375
2006-11-30,912.1300048828125,894.4099731445312,908.4000244140625,900.0059814453125,23527832.0,526.2638549804688
2006-12-01,913.06298828125,887.8820190429688,893.47802734375,893.47802734375,20250869.0,522.4466552734375
2006-12-04,907.4669799804688,885.083984375,891.6119995117188,900.9390258789062,20529396.0,526.8096313476562
2006-12-05,924.2550048828125,901.8709716796875,906.5349731445312,913.9959716796875,30625154.0,534.4442749023438
2006-12-06,919.5919799804688,900.0059814453125,916.7940063476562,908.4000244140625,20689827.0,531.172119140625
2006-12-07,909.3330078125,896.2750244140625,902.8040161132812,906.5349731445312,17303578.0,530.0814819335938
2006-12-08,892.5449829101562,875.7570190429688,890.6799926757812,881.35302734375,31259127.0,515.3568725585938
2006-12-11,891.6119995117188,876.6900024414062,887.8820190429688,882.2860107421875,24338590.0,515.9024047851562
2006-12-12,883.218017578125,863.6329956054688,879.4879760742188,868.2960205078125,33937874.0,507.7220458984375
2006-12-13,877.6220092773438,864.5650024414062,865.4979858398438,870.1610107421875,27534063.0,508.8125
2006-12-14,892.5449829101562,877.6220092773438,880.4199829101562,886.0159912109375,32079873.0,518.08349609375
2006-12-15,900.0059814453125,881.35302734375,883.218017578125,886.948974609375,37781822.0,518.6290283203125
2006-12-18,892.0789794921875,875.7570190429688,881.35302734375,877.6220092773438,19660484.0,513.1751098632812
2006-12-19,874.3579711914062,858.5029907226562,866.4310302734375,865.031982421875,26662329.0,505.8133239746094
2006-12-20,878.0889892578125,865.4979858398438,872.0269775390625,865.9639892578125,23890597.0,506.3583679199219
2006-12-21,879.9539794921875,859.4359741210938,866.4310302734375,859.9019775390625,38683754.0,502.813720703125
2006-12-27,872.4929809570312,858.0369873046875,863.6329956054688,865.9639892578125,13899361.0,506.3583679199219
2006-12-28,877.156005859375,865.4979858398438,865.4979858398438,873.426025390625,6614160.0,510.72174072265625
2007-01-02,900.4719848632812,878.0889892578125,878.5549926757812,897.2080078125,15491430.0,524.6278686523438
2007-01-03,893.47802734375,864.0989990234375,890.6799926757812,870.1610107421875,25934003.0,508.8125
2007-01-04,851.5079956054688,827.7260131835938,851.5079956054688,839.3839721679688,44464010.0,490.8161315917969
2007-01-05,844.97998046875,824.4619750976562,834.7210083007812,824.4619750976562,32901406.0,482.0906677246094
2007-01-08,837.5189819335938,819.7979736328125,822.5960083007812,829.5910034179688,26193209.0,485.0898742675781
2007-01-09,847.3109741210938,828.1920166015625,841.7160034179688,828.1920166015625,40177847.0,484.2718505859375
2007-01-10,836.5859985351562,819.3319702148438,824.4619750976562,826.7930297851562,28601082.0,483.4537353515625
2007-01-11,870.1610107421875,838.9180297851562,843.5809936523438,867.3629760742188,44169498.0,507.1763916015625
2007-01-12,874.8250122070312,853.3740234375,863.6329956054688,860.8350219726562,32525844.0,503.3592529296875
2007-01-15,870.6279907226562,851.0419921875,867.3629760742188,851.5079956054688,21389025.0,497.905517578125
2007-01-16,851.9749755859375,833.322021484375,845.9119873046875,839.3839721679688,33100062.0,490.8161315917969
2007-01-17,846.3790283203125,817.9329833984375,831.9229736328125,829.125,48913386.0,484.8174133300781
2007-01-18,839.3839721679688,839.3839721679688,839.3839721679688,839.3839721679688,30913086.0,490.8161315917969
2007-01-19,854.7730102539062,829.125,839.3839721679688,851.9749755859375,27627383.0,498.1786193847656
2007-01-22,867.3629760742188,853.3740234375,860.8350219726562,855.239013671875,23847273.0,500.08697509765625
2007-01-23,877.6220092773438,856.1719970703125,858.969970703125,875.7570190429688,28775439.0,512.0845947265625
2007-01-24,903.7369995117188,884.1510009765625,886.948974609375,900.0059814453125,59826445.0,526.2638549804688
2007-01-25,908.8660278320312,887.8820190429688,898.1409912109375,894.4099731445312,43349858.0,522.9917602539062
2007-01-26,889.281005859375,872.0269775390625,884.6170043945312,872.958984375,30914099.0,510.44854736328125
2007-01-29,883.218017578125,868.7620239257812,881.35302734375,876.6900024414062,22176863.0,512.6303100585938
2007-01-30,890.2130126953125,861.7670288085938,871.093994140625,886.948974609375,19060410.0,518.6290283203125
2007-01-31,892.5449829101562,879.02099609375,885.083984375,884.1510009765625,27960394.0,516.9928588867188
2007-02-01,921.9229736328125,892.5449829101562,892.5449829101562,911.197998046875,38218744.0,532.8082885742188
2007-02-02,940.1099853515625,895.8090209960938,909.3330078125,910.2650146484375,65064381.0,532.2626953125
2007-02-05,920.0579833984375,899.072998046875,903.7369995117188,916.7940063476562,31788005.0,536.0805053710938
2007-02-06,923.7890014648438,907.0009765625,916.7940063476562,919.125,35669230.0,537.4434814453125
2007-02-07,972.7529907226562,949.4359741210938,969.9550170898438,969.9550170898438,70304568.0,567.1654663085938
2007-02-08,968.0889892578125,954.5659790039062,963.426025390625,961.094970703125,35758169.0,561.9846801757812
2007-02-09,977.8820190429688,967.6229858398438,971.8200073242188,976.0170288085938,18705027.0,570.7100219726562
2007-02-12,982.0789794921875,969.02197265625,974.6179809570312,978.3489990234375,22670554.0,572.0735473632812
2007-02-13,1003.530029296875,976.0170288085938,977.416015625,1003.530029296875,21549007.0,586.7977294921875
2007-02-14,1021.25,1004.9299926757812,1011.9199829101562,1021.25,33163846.0,597.1593017578125
2007-02-15,1028.239990234375,1006.7899780273438,1018.4500122070312,1021.25,26512570.0,597.1593017578125
2007-02-16,1024.52001953125,1002.1300048828125,1016.5900268554688,1016.1199951171875,22059692.0,594.1596069335938
2007-02-19,1033.3800048828125,1019.3900146484375,1024.97998046875,1032.9100341796875,13772667.0,603.9772338867188
2007-02-20,1039.9000244140625,1010.0599975585938,1039.9000244140625,1015.6599731445312,27114803.0,593.8907470703125
2007-02-21,1014.719970703125,991.8720092773438,1006.7899780273438,998.4010009765625,28845346.0,583.7986450195312
2007-02-22,1037.0999755859375,1007.260009765625,1010.989990234375,1019.8499755859375,22587654.0,596.3406372070312
2007-02-23,1036.6400146484375,1018.9199829101562,1026.8499755859375,1032.9100341796875,17641373.0,603.9772338867188
2007-02-26,1044.5699462890625,1024.52001953125,1040.3699951171875,1044.5699462890625,19139645.0,610.79541015625
2007-02-27,1025.449951171875,974.6179809570312,1024.97998046875,980.2139892578125,56255021.0,573.1642456054688
2007-02-28,971.8200073242188,939.6439819335938,958.7630004882812,952.7009887695312,50654503.0,562.9400634765625
2007-03-01,971.35400390625,913.9959716796875,954.0999755859375,939.177001953125,41443133.0,554.9488525390625
2007-03-02,950.3690185546875,920.5239868164062,942.9080200195312,935.447021484375,35629983.0,552.7449951171875
2007-03-05,927.052978515625,895.343017578125,904.6690063476562,917.260009765625,32949608.0,541.9983520507812
2007-03-06,946.1719970703125,927.052978515625,935.447021484375,942.4420166015625,36361804.0,556.878173828125
2007-03-07,950.8350219726562,930.7830200195312,946.6389770507812,944.3070068359375,24588266.0,557.9801025390625
2007-03-08,963.8930053710938,951.302001953125,952.2340087890625,962.4940185546875,23516769.0,568.7265014648438
2007-03-09,971.8200073242188,948.969970703125,955.031982421875,960.1619873046875,22898159.0,567.3487548828125
2007-03-12,982.5449829101562,959.22900390625,973.218994140625,969.02197265625,19868110.0,572.583984375
2007-03-13,976.0170288085938,955.4990234375,969.02197265625,955.4990234375,15614201.0,564.5933837890625
2007-03-14,947.10498046875,922.8560180664062,927.5189819335938,922.8560180664062,28727128.0,545.304931640625
2007-03-15,978.3489990234375,950.3690185546875,955.9650268554688,978.3489990234375,40577998.0,578.09521484375
2007-03-16,986.7420043945312,967.156982421875,974.6179809570312,979.7479858398438,42594054.0,578.9218139648438
2007-03-19,1002.5999755859375,983.9439697265625,994.2039794921875,997.9340209960938,24975749.0,589.667724609375
2007-03-20,1013.7899780273438,987.6749877929688,1004.4600219726562,1007.260009765625,24442447.0,595.1783447265625
2007-03-21,1024.97998046875,995.135986328125,1002.5999755859375,1017.52001953125,22947557.0,601.240966796875
2007-03-22,1044.5699462890625,1015.6599731445312,1039.9000244140625,1031.510009765625,25305441.0,609.5073852539062
2007-03-23,1051.0899658203125,1027.780029296875,1035.239990234375,1043.6300048828125,24656180.0,616.6690063476562
2007-03-26,1064.1500244140625,1027.780029296875,1058.56005859375,1034.31005859375,23550914.0,611.1619873046875
2007-03-27,1057.6199951171875,1040.8399658203125,1045.5,1043.6300048828125,27060459.0,616.6690063476562
2007-03-28,1050.1600341796875,1029.6400146484375,1036.1700439453125,1035.239990234375,26342542.0,611.71142578125
2007-03-29,1066.02001953125,1041.77001953125,1041.77001953125,1056.68994140625,22727439.0,624.3858642578125
2007-03-30,1067.8800048828125,1048.300048828125,1062.2900390625,1056.68994140625,16335737.0,624.3858642578125
2007-04-02,1058.56005859375,1043.6300048828125,1046.4300537109375,1052.9599609375,17455634.0,622.1820068359375
2007-04-03,1080.93994140625,1061.3499755859375,1068.81005859375,1080.93994140625,32334912.0,638.7149658203125
2007-04-04,1087.469970703125,1059.489990234375,1086.5400390625,1073.47998046875,31822848.0,634.3070678710938
2007-04-05,1081.8699951171875,1065.0799560546875,1077.2099609375,1080.93994140625,16240742.0,638.7149658203125
2007-04-10,1107.050048828125,1085.5999755859375,1090.27001953125,1101.4599609375,13132594.0,650.8399658203125
2007-04-11,1105.18994140625,1083.739990234375,1105.18994140625,1087.469970703125,15900791.0,642.5734252929688
2007-04-12,1092.1300048828125,1069.75,1086.5400390625,1080.93994140625,20679088.0,638.7149658203125
2007-04-13,1082.81005859375,1068.81005859375,1076.280029296875,1074.4100341796875,20988825.0,634.8565673828125
2007-04-16,1100.530029296875,1081.8699951171875,1089.3299560546875,1100.530029296875,16286834.0,650.2906494140625
2007-04-17,1105.18994140625,1079.0699462890625,1086.5400390625,1098.6600341796875,19553022.0,649.1854858398438
2007-04-18,1102.3900146484375,1063.219970703125,1097.72998046875,1069.75,20634767.0,632.1029663085938
2007-04-19,1066.02001953125,1037.0999755859375,1038.969970703125,1057.6199951171875,25432725.0,624.935546875
2007-04-20,1080.010009765625,1064.1500244140625,1066.02001953125,1073.47998046875,14169816.0,634.3070678710938
2007-04-23,1077.2099609375,1062.2900390625,1069.75,1075.3399658203125,9081167.0,635.4059448242188
2007-04-24,1086.5400390625,1057.6199951171875,1069.75,1061.3499755859375,16106174.0,627.1394653320312
2007-04-25,1081.8699951171875,1061.3499755859375,1064.1500244140625,1079.0699462890625,11892243.0,637.6100463867188
2007-04-26,1095.8599853515625,1061.3499755859375,1091.199951171875,1067.8800048828125,21674063.0,630.998046875
2007-04-27,1065.0799560546875,1035.239990234375,1060.4200439453125,1049.22998046875,28944463.0,619.9779052734375
2007-04-30,1060.4200439453125,1046.4300537109375,1053.8900146484375,1052.9599609375,11547046.0,622.1820068359375
2007-05-01,1052.9599609375,1029.6400146484375,1042.699951171875,1049.22998046875,10617425.0,619.9779052734375
2007-05-02,1079.0699462890625,1055.760009765625,1062.2900390625,1076.280029296875,13322223.0,635.9613647460938
2007-05-03,1092.1300048828125,1069.75,1077.2099609375,1086.5400390625,16819459.0,642.0240478515625
2007-05-04,1139.699951171875,1109.8499755859375,1114.52001953125,1135.969970703125,38752329.0,671.2315673828125
2007-05-08,1147.1600341796875,1102.3900146484375,1142.489990234375,1105.18994140625,28024524.0,653.0440063476562
2007-05-09,1179.800048828125,1124.77001953125,1141.56005859375,1164.8800048828125,39322490.0,688.3142700195312
2007-05-10,1153.68994140625,1113.5799560546875,1147.1600341796875,1123.8399658203125,28589772.0,664.064208984375
2007-05-11,1147.1600341796875,1092.1300048828125,1106.1199951171875,1140.6300048828125,38838701.0,673.9849243164062
2007-05-14,1147.1600341796875,1107.989990234375,1137.8299560546875,1118.25,21566507.0,660.7610473632812
2007-05-15,1131.300048828125,1107.050048828125,1113.5799560546875,1125.7099609375,21908318.0,665.1691284179688
2007-05-16,1140.6300048828125,1113.5799560546875,1114.52001953125,1125.7099609375,13517309.0,665.1691284179688
2007-05-17,1142.489990234375,1093.06005859375,1137.8299560546875,1100.530029296875,21503896.0,650.2906494140625
2007-05-18,1129.43994140625,1090.27001953125,1091.199951171875,1117.31005859375,16601514.0,660.2056274414062
2007-05-21,1148.0899658203125,1120.1099853515625,1126.6400146484375,1139.699951171875,24225115.0,673.435546875
2007-05-22,1152.75,1121.97998046875,1137.8299560546875,1124.77001953125,20346006.0,664.6137084960938
2007-05-23,1137.8299560546875,1121.97998046875,1135.030029296875,1131.300048828125,12274894.0,668.4721069335938
2007-05-24,1129.43994140625,1101.4599609375,1119.1800537109375,1102.3900146484375,17533131.0,651.3894653320312
2007-05-25,1114.52001953125,1088.4000244140625,1095.8599853515625,1113.5799560546875,16286754.0,658.0015869140625
2007-05-29,1134.0999755859375,1117.31005859375,1123.8399658203125,1123.8399658203125,12985484.0,664.064208984375
2007-05-30,1133.1700439453125,1098.6600341796875,1100.530029296875,1128.510009765625,17932763.0,666.8236694335938
2007-05-31,1154.6199951171875,1135.969970703125,1137.8299560546875,1147.1600341796875,17102753.0,677.8435668945312
2007-06-01,1176.0699462890625,1151.8199462890625,1160.2099609375,1173.27001953125,19040392.0,693.2717895507812
2007-06-04,1183.530029296875,1169.5400390625,1179.800048828125,1176.0699462890625,18468978.0,694.9262084960938
2007-06-05,1202.1800537109375,1180.72998046875,1184.4599609375,1195.6600341796875,27161338.0,706.5018920898438
2007-06-06,1200.3199462890625,1170.469970703125,1200.3199462890625,1177.93994140625,26524903.0,696.0309448242188
2007-06-07,1210.5799560546875,1177.0,1194.719970703125,1199.3900146484375,36619633.0,708.7057495117188
2007-06-08,1192.8599853515625,1163.010009765625,1187.260009765625,1182.5999755859375,0.0,698.78466796875
2007-06-11,1215.239990234375,1186.3299560546875,1191.9300537109375,1215.239990234375,17947914.0,718.0712280273438
2007-06-12,1228.300048828125,1201.25,1210.5799560546875,1204.050048828125,29623851.0,711.4594116210938
2007-06-13,1242.2900390625,1186.3299560546875,1199.3900146484375,1235.760009765625,36656629.0,730.1962890625
2007-06-14,1278.6600341796875,1238.56005859375,1244.1500244140625,1265.5999755859375,28003575.0,747.8284301757812
2007-06-15,1283.3199462890625,1257.2099609375,1260.010009765625,1266.5400390625,58741831.0,748.384033203125
2007-06-18,1301.050048828125,1262.81005859375,1267.469970703125,1276.800048828125,23421674.0,754.446533203125
2007-06-19,1291.719970703125,1268.4000244140625,1268.4000244140625,1273.0699462890625,15298539.0,752.2423095703125
2007-06-20,1307.5699462890625,1279.5899658203125,1283.3199462890625,1290.7900390625,44015232.0,762.713134765625
2007-06-21,1304.780029296875,1269.3299560546875,1287.06005859375,1296.3800048828125,23138676.0,766.0159912109375
2007-06-22,1304.780029296875,1274.0,1302.9100341796875,1282.3900146484375,21376605.0,757.7493896484375
2007-06-25,1296.3800048828125,1263.739990234375,1272.1300048828125,1296.3800048828125,27093698.0,766.0159912109375
2007-06-26,1305.7099609375,1279.5899658203125,1287.06005859375,1290.7900390625,25482004.0,762.713134765625
2007-06-27,1273.0699462890625,1238.56005859375,1263.739990234375,1254.4100341796875,38448931.0,741.2163696289062
2007-06-28,1296.3800048828125,1267.469970703125,1277.72998046875,1292.6500244140625,22882201.0,763.8119506835938
2007-06-29,1302.9100341796875,1274.9300537109375,1301.050048828125,1296.3800048828125,18968011.0,766.0159912109375
2007-07-02,1337.4200439453125,1283.3199462890625,1283.3199462890625,1329.02001953125,24923779.0,785.302734375
2007-07-03,1345.81005859375,1315.0400390625,1338.3499755859375,1337.4200439453125,19120660.0,790.2661743164062
2007-07-04,1344.8800048828125,1329.02001953125,1333.68994140625,1340.219970703125,9582388.0,791.9204711914062
2007-07-05,1377.52001953125,1348.6099853515625,1357.93994140625,1363.530029296875,32079828.0,805.6943359375
2007-07-06,1413.9000244140625,1367.260009765625,1370.06005859375,1413.9000244140625,25919991.0,835.457275390625
2007-07-09,1451.199951171875,1422.2900390625,1426.949951171875,1439.0799560546875,28260542.0,850.3355102539062
2007-07-10,1440.93994140625,1376.5899658203125,1426.02001953125,1383.1199951171875,41503521.0,817.269775390625
2007-07-11,1398.0400390625,1362.5999755859375,1375.6600341796875,1393.3800048828125,29283731.0,823.332275390625
2007-07-12,1449.3399658203125,1394.31005859375,1421.3599853515625,1449.3399658203125,33432524.0,856.3983154296875
2007-07-13,1464.260009765625,1416.68994140625,1458.6600341796875,1424.1600341796875,17705962.0,841.5197143554688
2007-07-16,1431.6199951171875,1396.1800537109375,1412.9599609375,1407.3699951171875,23436004.0,831.5985717773438
2007-07-17,1402.699951171875,1364.4599609375,1398.969970703125,1385.9200439453125,27037243.0,818.9241943359375
2007-07-18,1372.8599853515625,1346.739990234375,1359.800048828125,1346.739990234375,15977298.0,795.773193359375
2007-07-19,1402.699951171875,1366.3299560546875,1369.1300048828125,1398.0400390625,18943541.0,826.0858154296875
2007-07-20,1430.6800537109375,1381.25,1401.77001953125,1384.97998046875,19828433.0,818.368896484375
2007-07-23,1415.760009765625,1382.18994140625,1389.6500244140625,1414.8299560546875,14187040.0,836.0066528320312
2007-07-24,1427.8900146484375,1385.9200439453125,1417.6300048828125,1391.510009765625,25634169.0,822.2271728515625
2007-07-25,1405.5,1357.0,1384.050048828125,1366.3299560546875,26588740.0,807.3488159179688
2007-07-26,1376.5899658203125,1305.7099609375,1370.06005859375,1305.7099609375,26649346.0,771.5291137695312
2007-07-27,1316.9000244140625,1266.5400390625,1279.5899658203125,1269.3299560546875,35000634.0,750.0324096679688
2007-07-30,1321.56005859375,1289.8499755859375,1290.7900390625,1308.510009765625,32608428.0,773.1835327148438
2007-07-31,1375.6600341796875,1322.5,1324.3599853515625,1373.7900390625,37369416.0,811.7566528320312
2007-08-01,1328.0899658203125,1289.8499755859375,1302.9100341796875,1313.1700439453125,43598492.0,775.9371337890625
2007-08-02,1336.489990234375,1299.1800537109375,1314.0999755859375,1313.1700439453125,25647057.0,775.9371337890625
2007-08-03,1331.8199462890625,1274.0,1321.56005859375,1281.4599609375,23635067.0,757.1998901367188
2007-08-06,1289.8499755859375,1228.300048828125,1265.5999755859375,1243.219970703125,35444348.0,734.6044921875
2007-08-07,1281.4599609375,1241.3599853515625,1273.0699462890625,1274.0,29931566.0,752.7919311523438
2007-08-08,1316.9000244140625,1276.800048828125,1296.3800048828125,1315.0400390625,32582289.0,777.0419921875
2007-08-09,1305.7099609375,1242.2900390625,1305.7099609375,1260.010009765625,38427864.0,744.5254516601562
2007-08-10,1228.300048828125,1170.469970703125,1225.5,1176.0699462890625,43915409.0,694.9262084960938
2007-08-13,1269.3299560546875,1215.239990234375,1220.8399658203125,1257.2099609375,30371459.0,742.8707885742188
2007-08-14,1271.199951171875,1205.9200439453125,1234.8299560546875,1210.5799560546875,26488909.0,715.3177490234375
2007-08-15,1205.9200439453125,1149.02001953125,1165.81005859375,1190.06005859375,27522271.0,703.1928100585938
2007-08-16,1157.4200439453125,1096.800048828125,1155.550048828125,1103.3199462890625,0.0,651.9390258789062
2007-08-17,1212.43994140625,1070.6800537109375,1111.719970703125,1141.56005859375,76741172.0,674.5345458984375
2007-08-20,1221.77001953125,1172.3399658203125,1172.3399658203125,1189.1300048828125,33518713.0,702.6431884765625
2007-08-21,1216.1700439453125,1176.0699462890625,1208.7099609375,1213.3800048828125,31153438.0,716.9722900390625
2007-08-22,1274.9300537109375,1221.77001953125,1221.77001953125,1273.0699462890625,35535187.0,752.2423095703125
2007-08-23,1320.6300048828125,1260.93994140625,1305.7099609375,1263.739990234375,26074073.0,746.7294311523438
2007-08-24,1292.6500244140625,1252.550048828125,1262.81005859375,1282.3900146484375,22210387.0,757.7493896484375
2007-08-28,1300.1099853515625,1263.739990234375,1294.52001953125,1272.1300048828125,34326865.0,751.6869506835938
2007-08-29,1303.8399658203125,1250.6800537109375,1264.6700439453125,1296.3800048828125,29912099.0,766.0159912109375
2007-08-30,1335.550048828125,1300.1099853515625,1304.780029296875,1331.8199462890625,22783274.0,786.9572143554688
2007-08-31,1366.3299560546875,1335.550048828125,1343.010009765625,1360.72998046875,26666587.0,804.0396118164062
2007-09-03,1361.6700439453125,1331.8199462890625,1357.0,1333.68994140625,16753990.0,788.0619506835938
2007-09-04,1357.93994140625,1318.77001953125,1330.8900146484375,1350.469970703125,18955419.0,797.9769897460938
2007-09-05,1362.5999755859375,1321.56005859375,1346.739990234375,1321.56005859375,20455496.0,780.8945922851562
2007-09-06,1376.5899658203125,1329.02001953125,1340.219970703125,1373.7900390625,24057314.0,811.7566528320312
2007-09-07,1408.300048828125,1331.8199462890625,1381.25,1338.3499755859375,37837743.0,790.815673828125
2007-09-10,1357.0,1312.4100341796875,1343.010009765625,1315.969970703125,25504375.0,777.5916748046875
2007-09-11,1371.9300537109375,1325.2900390625,1333.68994140625,1371.9300537109375,18523342.0,810.6578369140625
2007-09-12,1368.199951171875,1332.760009765625,1359.800048828125,1357.93994140625,17715938.0,810.4188842773438
2007-09-13,1397.1099853515625,1358.8699951171875,1366.3299560546875,1393.3800048828125,27365715.0,831.569580078125
2007-09-14,1401.77001953125,1355.1400146484375,1384.050048828125,1386.8499755859375,24480075.0,827.6724243164062
2007-09-17,1384.97998046875,1353.27001953125,1373.7900390625,1370.989990234375,18568819.0,818.2070922851562
2007-09-18,1429.75,1357.93994140625,1370.06005859375,1426.949951171875,31176793.0,851.6039428710938
2007-09-19,1530.47998046875,1468.9200439453125,1491.31005859375,1517.4200439453125,47681178.0,905.5964965820312
2007-09-20,1532.3399658203125,1494.0999755859375,1510.8900146484375,1522.0799560546875,22002662.0,908.377685546875
2007-09-21,1552.8599853515625,1521.1500244140625,1524.8800048828125,1544.469970703125,26960336.0,921.7402954101562
2007-09-24,1637.72998046875,1575.239990234375,1575.239990234375,1632.1400146484375,32888497.0,974.0617065429688
2007-09-25,1646.1199951171875,1576.1800537109375,1632.1400146484375,1595.760009765625,40651110.0,952.3500366210938
2007-09-26,1619.0799560546875,1576.1800537109375,1594.8299560546875,1583.6400146484375,31020108.0,945.1168212890625
2007-09-27,1618.1500244140625,1562.18994140625,1607.8900146484375,1608.8199462890625,25771833.0,960.1442260742188
2007-09-28,1632.1400146484375,1592.9599609375,1622.81005859375,1632.1400146484375,24178817.0,974.0617065429688
2007-10-01,1692.760009765625,1609.75,1630.27001953125,1692.760009765625,28017347.0,1010.2393188476562
2007-10-02,1718.8699951171875,1605.0899658203125,1711.4100341796875,1618.1500244140625,43775601.0,965.7125854492188
2007-10-03,1644.260009765625,1606.02001953125,1636.800048828125,1629.3399658203125,25211077.0,972.3904418945312
2007-10-04,1611.6199951171875,1573.3800048828125,1594.8299560546875,1587.3699951171875,29889456.0,947.3428344726562
2007-10-05,1627.469970703125,1595.760009765625,1604.1600341796875,1627.469970703125,25615083.0,971.2744750976562
2007-10-08,1651.719970703125,1583.6400146484375,1648.9200439453125,1595.760009765625,21242222.0,952.3500366210938
2007-10-09,1647.989990234375,1592.030029296875,1627.469970703125,1646.1199951171875,21031257.0,982.4048461914062
2007-10-10,1679.699951171875,1638.6600341796875,1641.4599609375,1679.699951171875,26811183.0,1002.4450073242188
2007-10-11,1767.3699951171875,1692.760009765625,1704.8800048828125,1753.3800048828125,28787382.0,1046.417724609375
2007-10-12,1751.510009765625,1688.0899658203125,1718.8699951171875,1751.510009765625,24341516.0,1045.3017578125
2007-10-15,1770.1700439453125,1700.219970703125,1740.3199462890625,1705.81005859375,19962911.0,1018.0276489257812
2007-10-16,1725.4000244140625,1686.22998046875,1715.1400146484375,1700.219970703125,24944720.0,1014.6920166015625
2007-10-17,1732.8599853515625,1659.1800537109375,1683.4300537109375,1731.9300537109375,37076287.0,1033.6163330078125
2007-10-18,1768.300048828125,1706.75,1744.989990234375,1722.5999755859375,26420231.0,1028.048095703125
2007-10-19,1749.6500244140625,1703.02001953125,1705.81005859375,1711.4100341796875,16279345.0,1021.3700561523438
2007-10-22,1670.3699951171875,1630.27001953125,1660.1099853515625,1645.18994140625,34750608.0,981.8496704101562
2007-10-23,1702.0799560546875,1661.97998046875,1669.43994140625,1683.4300537109375,19540263.0,1004.671630859375
2007-10-24,1694.6199951171875,1600.4300537109375,1665.7099609375,1623.739990234375,29511215.0,969.0486450195312
2007-10-25,1676.9000244140625,1635.8699951171875,1639.5999755859375,1676.9000244140625,22503736.0,1000.7744750976562
2007-10-26,1733.7900390625,1682.5,1701.1500244140625,1718.8699951171875,17864480.0,1025.8221435546875
2007-10-29,1764.5699462890625,1731.9300537109375,1753.3800048828125,1742.18994140625,20263877.0,1039.739501953125
2007-10-30,1735.6600341796875,1694.6199951171875,1717.93994140625,1695.56005859375,23206623.0,1011.9105224609375
2007-10-31,1710.47998046875,1662.9100341796875,1695.56005859375,1707.6800537109375,24815241.0,1019.1436767578125
2007-11-01,1733.7900390625,1638.6600341796875,1725.4000244140625,1661.050048828125,22514860.0,991.3150634765625
2007-11-02,1655.449951171875,1605.0899658203125,1632.1400146484375,1636.800048828125,27312468.0,976.8426513671875
2007-11-05,1606.02001953125,1554.719970703125,1601.3599853515625,1585.5,23351710.0,946.2267456054688
2007-11-06,1660.1099853515625,1615.3499755859375,1618.1500244140625,1655.449951171875,18268485.0,987.972900390625
2007-11-07,1699.2900390625,1632.1400146484375,1674.0999755859375,1637.72998046875,20551353.0,977.39794921875
2007-11-08,1763.6400146484375,1531.4100341796875,1604.1600341796875,1544.469970703125,84678934.0,921.7402954101562
2007-11-09,1645.18994140625,1501.56005859375,1588.300048828125,1518.3499755859375,64695064.0,906.1516723632812
2007-11-12,1590.1700439453125,1483.8399658203125,1520.219970703125,1498.77001953125,33164839.0,894.4662475585938
2007-11-13,1510.8900146484375,1455.8599853515625,1502.5,1483.8399658203125,25252251.0,885.5562744140625
2007-11-14,1541.6700439453125,1483.8399658203125,1515.550048828125,1509.030029296875,27041171.0,900.589599609375
2007-11-15,1524.8800048828125,1475.449951171875,1502.5,1490.3699951171875,18789837.0,889.4531860351562
2007-11-16,1526.75,1478.25,1504.3599853515625,1494.0999755859375,26417501.0,891.67919921875
2007-11-19,1512.760009765625,1401.77001953125,1498.77001953125,1416.68994140625,21985369.0,845.4807739257812
2007-11-20,1467.989990234375,1368.199951171875,1435.3499755859375,1451.199951171875,30741202.0,866.0764770507812
2007-11-21,1446.5400390625,1380.3199462890625,1433.47998046875,1395.239990234375,24228938.0,832.6796264648438
2007-11-22,1416.68994140625,1363.530029296875,1403.6400146484375,1388.7099609375,17546322.0,828.7825927734375
2007-11-23,1478.25,1383.1199951171875,1385.9200439453125,1462.3900146484375,20609049.0,872.754638671875
2007-11-26,1517.4200439453125,1430.6800537109375,1506.22998046875,1437.2099609375,23770935.0,857.72705078125
2007-11-27,1466.1199951171875,1387.780029296875,1447.469970703125,1415.760009765625,22347622.0,844.92578125
2007-11-28,1467.989990234375,1371.9300537109375,1421.3599853515625,1463.3299560546875,31408021.0,873.3154296875
2007-11-29,1523.949951171875,1449.3399658203125,1472.6500244140625,1509.030029296875,23258992.0,900.589599609375
2007-11-30,1534.2099609375,1490.3699951171875,1510.8900146484375,1498.77001953125,20028100.0,894.4662475585938
2007-12-03,1519.2900390625,1458.6600341796875,1514.6199951171875,1470.7900390625,15406624.0,877.767822265625
2007-12-04,1487.5699462890625,1439.0799560546875,1484.780029296875,1457.72998046875,18564963.0,869.9736938476562
2007-12-05,1536.0699462890625,1472.6500244140625,1487.5699462890625,1536.0699462890625,21007192.0,916.7269287109375
2007-12-06,1537.93994140625,1481.050048828125,1534.2099609375,1509.9599609375,15820931.0,901.14453125
2007-12-07,1576.1800537109375,1527.6800537109375,1535.1400146484375,1563.1199951171875,15964864.0,932.8703002929688
2007-12-10,1589.22998046875,1550.989990234375,1560.3199462890625,1564.050048828125,15415112.0,933.4254760742188
2007-12-11,1596.68994140625,1537.93994140625,1585.5,1559.3900146484375,18806055.0,930.644287109375
2007-12-12,1562.18994140625,1494.0999755859375,1523.949951171875,1557.52001953125,28863297.0,929.5283203125
2007-12-13,1540.739990234375,1464.260009765625,1510.8900146484375,1464.260009765625,18044410.0,873.8707275390625
2007-12-14,1488.510009765625,1420.4200439453125,1482.9100341796875,1440.93994140625,19927142.0,859.9531860351562
2007-12-17,1416.68994140625,1378.449951171875,1416.68994140625,1378.449951171875,15283393.0,822.6591796875
2007-12-18,1419.489990234375,1359.800048828125,1371.9300537109375,1397.1099853515625,19469031.0,833.7958374023438
2007-12-19,1406.4300537109375,1377.52001953125,1398.969970703125,1394.31005859375,13285856.0,832.1246337890625
2007-12-20,1410.1700439453125,1370.989990234375,1397.1099853515625,1392.43994140625,14455748.0,831.0083618164062
2007-12-21,1445.6099853515625,1399.9100341796875,1413.9000244140625,1436.280029296875,22546348.0,857.1722412109375
2007-12-27,1484.780029296875,1451.199951171875,1481.97998046875,1455.8599853515625,5723102.0,868.8576049804688
2007-12-28,1473.5799560546875,1444.6700439453125,1447.469970703125,1455.8599853515625,3510045.0,868.8576049804688
2008-01-02,1468.9200439453125,1429.75,1440.93994140625,1432.550048828125,8560404.0,854.9463500976562
2008-01-03,1490.3699951171875,1426.949951171875,1439.0799560546875,1489.43994140625,9971756.0,888.8980102539062
2008-01-04,1538.8699951171875,1426.02001953125,1490.3699951171875,1438.1400146484375,19208734.0,858.2824096679688
2008-01-07,1444.6700439453125,1365.4000244140625,1426.949951171875,1390.5799560546875,12237843.0,829.8984375
2008-01-08,1454.0,1403.6400146484375,1403.6400146484375,1434.4100341796875,12071358.0,856.056396484375
2008-01-09,1450.27001953125,1393.3800048828125,1425.0899658203125,1408.300048828125,15996067.0,840.4739379882812
2008-01-10,1438.1400146484375,1392.43994140625,1421.3599853515625,1411.0999755859375,19256810.0,842.1448974609375
2008-01-11,1426.02001953125,1377.52001953125,1409.22998046875,1411.0999755859375,14624032.0,842.1448974609375
2008-01-14,1456.800048828125,1395.239990234375,1395.239990234375,1449.3399658203125,10724448.0,864.9664306640625
2008-01-15,1456.800048828125,1383.1199951171875,1449.3399658203125,1384.050048828125,15264353.0,826.00146484375
2008-01-16,1370.06005859375,1291.719970703125,1364.4599609375,1311.300048828125,26110050.0,782.5842895507812
2008-01-17,1352.3399658203125,1254.4100341796875,1334.6199951171875,1258.1400146484375,30666037.0,750.8582763671875
2008-01-18,1311.300048828125,1246.949951171875,1259.0799560546875,1285.18994140625,29863062.0,767.0015258789062
2008-01-21,1238.56005859375,1142.489990234375,1231.0999755859375,1151.8199462890625,35469777.0,687.4063110351562
2008-01-22,1225.5,1081.8699951171875,1114.52001953125,1212.43994140625,50811407.0,723.5843505859375
2008-01-23,1249.75,1140.6300048828125,1240.4200439453125,1184.4599609375,29330287.0,706.8860473632812
2008-01-24,1304.780029296875,1219.9100341796875,1240.4200439453125,1292.6500244140625,31155816.0,771.453857421875
2008-01-25,1351.4100341796875,1269.3299560546875,1309.43994140625,1321.56005859375,29770247.0,788.7074584960938
2008-01-28,1319.699951171875,1271.199951171875,1292.6500244140625,1300.1099853515625,16010748.0,775.9059448242188
2008-01-29,1358.8699951171875,1301.050048828125,1307.5699462890625,1351.4100341796875,19729952.0,806.5218505859375
2008-01-30,1383.1199951171875,1306.6400146484375,1324.3599853515625,1348.6099853515625,18813758.0,804.850830078125
2008-01-31,1384.050048828125,1330.8900146484375,1371.9300537109375,1377.52001953125,21807236.0,822.104248046875
2008-02-01,1568.7099609375,1445.6099853515625,1445.6099853515625,1512.760009765625,94373316.0,902.8154907226562
2008-02-04,1557.52001953125,1490.3699951171875,1501.56005859375,1537.93994140625,27425330.0,917.843017578125
2008-02-05,1523.02001953125,1472.6500244140625,1510.8900146484375,1489.43994140625,32304173.0,888.8980102539062
2008-02-06,1434.4100341796875,1394.31005859375,1398.969970703125,1417.6300048828125,41120226.0,846.0419311523438
2008-02-07,1403.6400146484375,1359.800048828125,1398.969970703125,1370.06005859375,32431626.0,817.6524047851562
2008-02-08,1405.5,1357.0,1371.9300537109375,1399.9100341796875,17122199.0,835.466796875
2008-02-11,1388.7099609375,1361.6700439453125,1370.06005859375,1383.1199951171875,18121885.0,825.4464111328125
2008-02-12,1450.27001953125,1391.510009765625,1405.5,1450.27001953125,18259625.0,865.5214233398438
2008-02-13,1458.6600341796875,1410.1700439453125,1428.8199462890625,1438.1400146484375,17159944.0,858.2824096679688
2008-02-14,1482.9100341796875,1433.47998046875,1476.3800048828125,1460.530029296875,18689623.0,871.6448364257812
2008-02-15,1486.6400146484375,1432.550048828125,1473.5799560546875,1446.5400390625,18889055.0,863.29541015625
2008-02-18,1510.8900146484375,1445.6099853515625,1450.27001953125,1509.030029296875,14826765.0,900.589599609375
2008-02-19,1556.5899658203125,1513.68994140625,1523.949951171875,1544.469970703125,22296089.0,921.7402954101562
2008-02-20,1529.5400390625,1485.7099609375,1513.68994140625,1504.3599853515625,0.0,897.8023681640625
2008-02-21,1566.8499755859375,1512.760009765625,1520.219970703125,1535.1400146484375,17386171.0,916.1717529296875
2008-02-22,1551.9300537109375,1495.0400390625,1521.1500244140625,1506.22998046875,13956448.0,898.9186401367188
2008-02-25,1534.2099609375,1495.0400390625,1532.3399658203125,1516.489990234375,11288985.0,905.0416259765625
2008-02-26,1540.739990234375,1493.1700439453125,1508.0899658203125,1537.010009765625,15357265.0,917.2880249023438
2008-02-27,1558.4599609375,1516.489990234375,1535.1400146484375,1550.06005859375,17617003.0,933.9967651367188
2008-02-28,1571.510009765625,1529.5400390625,1535.1400146484375,1540.739990234375,17352328.0,928.381103515625
2008-02-29,1559.3900146484375,1510.8900146484375,1528.6099853515625,1520.219970703125,17076628.0,916.0165405273438
2008-03-03,1532.3399658203125,1473.5799560546875,1487.5699462890625,1515.550048828125,15416511.0,913.20263671875
2008-03-04,1544.469970703125,1497.8299560546875,1515.550048828125,1511.8199462890625,25638968.0,910.9550170898438
2008-03-05,1550.06005859375,1501.56005859375,1514.6199951171875,1545.4000244140625,18806227.0,931.1889038085938
2008-03-06,1585.5,1550.989990234375,1553.7900390625,1566.8499755859375,22569978.0,944.1138305664062
2008-03-07,1524.8800048828125,1475.449951171875,1517.4200439453125,1482.9100341796875,29514165.0,893.5352783203125
2008-03-10,1447.469970703125,1389.6500244140625,1447.469970703125,1396.1800537109375,26454040.0,841.275634765625
2008-03-11,1421.3599853515625,1358.8699951171875,1367.260009765625,1389.6500244140625,27143844.0,837.3408813476562
2008-03-12,1467.06005859375,1427.8900146484375,1433.47998046875,1458.6600341796875,0.0,878.92333984375
2008-03-13,1444.6700439453125,1396.1800537109375,1406.4300537109375,1430.6800537109375,25426326.0,862.0638427734375
2008-03-14,1503.4300537109375,1440.93994140625,1445.6099853515625,1482.9100341796875,25991483.0,893.5352783203125
2008-03-17,1440.010009765625,1364.4599609375,1436.280029296875,1366.3299560546875,24222692.0,823.2893676757812
2008-03-18,1424.1600341796875,1353.27001953125,1398.969970703125,1412.9599609375,20274953.0,851.3864135742188
2008-03-19,1438.1400146484375,1343.949951171875,1422.2900390625,1343.949951171875,26126723.0,809.80419921875
2008-03-20,1311.300048828125,1261.8699951171875,1283.3199462890625,1269.3299560546875,41543077.0,764.8414916992188
2008-03-25,1339.280029296875,1305.7099609375,1318.77001953125,1333.68994140625,25932613.0,803.6217651367188
2008-03-26,1363.530029296875,1307.5699462890625,1315.969970703125,1352.3399658203125,18528574.0,814.8594970703125
2008-03-27,1386.8499755859375,1348.6099853515625,1349.5400390625,1373.7900390625,16992792.0,827.7841796875
2008-03-28,1426.02001953125,1370.06005859375,1373.7900390625,1376.5899658203125,14478518.0,829.4714965820312
2008-03-31,1398.969970703125,1350.469970703125,1361.6700439453125,1394.31005859375,14905606.0,840.1491088867188
2008-04-01,1398.969970703125,1355.1400146484375,1380.3199462890625,1394.31005859375,22303253.0,840.1491088867188
2008-04-02,1438.1400146484375,1380.3199462890625,1399.9100341796875,1425.0899658203125,21079330.0,858.6953125
2008-04-03,1468.9200439453125,1426.949951171875,1446.5400390625,1454.9300537109375,14335508.0,876.675537109375
2008-04-04,1508.0899658203125,1450.27001953125,1466.1199951171875,1508.0899658203125,22785219.0,908.7074584960938
2008-04-07,1573.3800048828125,1537.010009765625,1539.800048828125,1571.510009765625,23130343.0,946.9215698242188
2008-04-08,1643.3299560546875,1527.6800537109375,1557.52001953125,1643.3299560546875,24153105.0,990.1971435546875
2008-04-09,1685.300048828125,1587.3699951171875,1614.4200439453125,1682.5,31498529.0,1013.7991943359375
2008-04-10,1660.1099853515625,1601.3599853515625,1655.449951171875,1639.5999755859375,23818654.0,987.9497680664062
2008-04-11,1674.0999755859375,1612.550048828125,1657.3199462890625,1628.4100341796875,14335658.0,981.2069091796875
2008-04-14,1621.8800048828125,1585.5,1613.47998046875,1591.0999755859375,11301465.0,958.7256469726562
2008-04-15,1663.8399658203125,1611.6199951171875,1618.1500244140625,1650.7900390625,17864618.0,994.6921997070312
2008-04-16,1739.3900146484375,1663.8399658203125,1670.3699951171875,1739.3900146484375,25785375.0,1048.078369140625
2008-04-17,1769.22998046875,1681.5699462890625,1734.72998046875,1692.760009765625,20203858.0,1019.9813232421875
2008-04-18,1706.75,1636.800048828125,1678.77001953125,1670.3699951171875,19994539.0,1006.4901123046875
2008-04-21,1724.469970703125,1697.4200439453125,1702.0799560546875,1720.739990234375,13849109.0,1036.8408203125
2008-04-22,1758.0400390625,1717.93994140625,1722.5999755859375,1755.239990234375,16593657.0,1057.62890625
2008-04-23,1799.0799560546875,1745.9200439453125,1786.02001953125,1797.2099609375,24099538.0,1082.9183349609375
2008-04-24,1789.75,1697.4200439453125,1772.030029296875,1724.469970703125,21713246.0,1039.08837890625
2008-04-25,1733.7900390625,1683.4300537109375,1724.469970703125,1725.4000244140625,11973116.0,1039.64892578125
2008-04-28,1768.300048828125,1706.75,1711.4100341796875,1750.5799560546875,12666638.0,1054.8211669921875
2008-04-29,1723.5400390625,1685.300048828125,1720.739990234375,1695.56005859375,14892120.0,1021.6685791015625
2008-04-30,1694.6199951171875,1645.18994140625,1686.22998046875,1678.77001953125,19462096.0,1011.5517578125
2008-05-01,1754.31005859375,1663.8399658203125,1699.2900390625,1669.43994140625,13968516.0,1005.9298095703125
2008-05-02,1760.8399658203125,1670.3699951171875,1697.4200439453125,1749.6500244140625,13248225.0,1054.2608642578125
2008-05-06,1820.530029296875,1740.3199462890625,1741.260009765625,1816.800048828125,19724890.0,1094.7222900390625
2008-05-07,1830.7900390625,1795.3499755859375,1823.3299560546875,1809.3399658203125,14415685.0,1090.2274169921875
2008-05-08,1869.9599609375,1793.47998046875,1806.5400390625,1862.5,17664805.0,1122.2591552734375
2008-05-09,1868.0899658203125,1812.1400146484375,1862.5,1841.97998046875,15765548.0,1109.8946533203125
2008-05-12,1880.219970703125,1823.3299560546875,1860.6300048828125,1858.77001953125,8653964.0,1120.01171875
2008-05-13,1923.1199951171875,1838.25,1869.030029296875,1883.949951171875,23155105.0,1135.1837158203125
2008-05-14,1994.93994140625,1920.3199462890625,1972.550048828125,1975.3499755859375,21727101.0,1190.2574462890625
2008-05-15,2041.5699462890625,1911.9300537109375,1916.5899658203125,2027.5799560546875,22171521.0,1221.7288818359375
2008-05-16,2056.489990234375,1972.550048828125,1995.8699951171875,2012.6600341796875,16749819.0,1212.7386474609375
2008-05-19,2048.10009765625,1993.0699462890625,2025.7099609375,2048.10009765625,9164424.0,1234.093505859375
2008-05-20,2009.8599853515625,1886.75,2009.8599853515625,1886.75,20742350.0,1136.8709716796875
2008-05-21,1932.449951171875,1896.0699462890625,1902.5999755859375,1926.8499755859375,14910670.0,1161.03369140625
2008-05-22,1985.6099853515625,1913.800048828125,1936.1800537109375,1967.8900146484375,20636389.0,1185.76220703125
2008-05-23,1949.239990234375,1865.300048828125,1949.239990234375,1874.6199951171875,23191757.0,1129.562255859375
2008-05-27,1915.6600341796875,1839.1800537109375,1893.280029296875,1839.1800537109375,14321860.0,1108.20751953125
2008-05-28,1853.1700439453125,1795.3499755859375,1825.18994140625,1827.06005859375,13863221.0,1100.9044189453125
2008-05-29,1889.550048828125,1810.27001953125,1865.300048828125,1827.989990234375,13280043.0,1101.465087890625
2008-05-30,1813.0699462890625,1731.9300537109375,1807.469970703125,1785.0899658203125,23187241.0,1075.6153564453125
2008-06-02,1836.3900146484375,1788.8199462890625,1828.9200439453125,1816.800048828125,9096442.0,1094.7222900390625
2008-06-03,1824.260009765625,1786.02001953125,1804.6800537109375,1800.93994140625,9833497.0,1085.1658935546875
2008-06-04,1806.5400390625,1748.719970703125,1800.010009765625,1772.030029296875,16645223.0,1067.7459716796875
2008-06-05,1775.760009765625,1700.219970703125,1743.1199951171875,1751.510009765625,20125265.0,1055.3814697265625
2008-06-06,1818.6700439453125,1769.22998046875,1787.8900146484375,1774.8299560546875,18808671.0,1069.43310546875
2008-06-09,1800.93994140625,1747.780029296875,1772.030029296875,1750.5799560546875,11266324.0,1054.8211669921875
2008-06-10,1764.5699462890625,1700.219970703125,1744.989990234375,1702.0799560546875,18231333.0,1025.5972900390625
2008-06-11,1735.6600341796875,1658.25,1726.3299560546875,1670.3699951171875,17457697.0,1006.4901123046875
2008-06-12,1754.31005859375,1656.3800048828125,1664.780029296875,1719.800048828125,18612780.0,1036.2747802734375
2008-06-13,1736.5899658203125,1678.77001953125,1684.3599853515625,1727.27001953125,18551367.0,1040.775634765625
2008-06-16,1767.3699951171875,1706.75,1760.8399658203125,1739.3900146484375,13690474.0,1048.078369140625
2008-06-17,1827.06005859375,1762.7099609375,1771.0999755859375,1805.6099853515625,18938937.0,1087.9798583984375
2008-06-18,1815.8699951171875,1761.77001953125,1791.6199951171875,1795.3499755859375,15367687.0,1081.7974853515625
2008-06-19,1815.8699951171875,1761.77001953125,1791.6199951171875,1795.3499755859375,17327046.0,1081.7974853515625
2008-06-20,1807.469970703125,1755.239990234375,1804.6800537109375,1759.9100341796875,16926165.0,1060.443115234375
2008-06-23,1795.3499755859375,1738.4599609375,1772.030029296875,1779.489990234375,13898211.0,1072.240966796875
2008-06-24,1830.7900390625,1763.6400146484375,1827.989990234375,1782.2900390625,14842553.0,1073.9283447265625
2008-06-25,1772.030029296875,1715.1400146484375,1758.0400390625,1725.4000244140625,14181435.0,1039.64892578125
2008-06-26,1741.260009765625,1682.5,1734.72998046875,1686.22998046875,20328768.0,1016.0469360351562
2008-06-27,1748.719970703125,1682.5,1682.5,1748.719970703125,17838473.0,1053.7001953125
2008-06-30,1799.0799560546875,1730.06005859375,1730.06005859375,1790.68994140625,16556769.0,1078.98974609375
2008-07-01,1788.8199462890625,1713.280029296875,1769.22998046875,1717.010009765625,21212006.0,1034.59326171875
2008-07-02,1774.8299560546875,1638.6600341796875,1730.06005859375,1640.530029296875,22402730.0,988.5099487304688
2008-07-03,1636.800048828125,1564.050048828125,1585.5,1631.199951171875,0.0,982.8880004882812
2008-07-04,1660.1099853515625,1578.969970703125,1650.7900390625,1644.260009765625,10580400.0,990.7574462890625
2008-07-07,1647.06005859375,1586.43994140625,1615.3499755859375,1646.1199951171875,13472038.0,991.878173828125
2008-07-08,1627.469970703125,1545.4000244140625,1590.1700439453125,1545.4000244140625,24066844.0,931.1889038085938
2008-07-09,1607.8900146484375,1561.25,1576.1800537109375,1594.8299560546875,20345051.0,960.97314453125
2008-07-10,1616.280029296875,1556.5899658203125,1557.52001953125,1611.6199951171875,19786617.0,971.0899658203125
2008-07-11,1652.6500244140625,1573.3800048828125,1652.6500244140625,1580.8399658203125,14964220.0,952.5432739257812
2008-07-14,1654.52001953125,1602.2900390625,1606.02001953125,1629.3399658203125,10939526.0,981.7673950195312
2008-07-15,1608.8199462890625,1544.469970703125,1603.219970703125,1550.989990234375,14348824.0,934.5569458007812
2008-07-16,1585.5,1458.6600341796875,1585.5,1500.6300048828125,32955311.0,904.2122802734375
2008-07-17,1548.199951171875,1471.719970703125,1512.760009765625,1520.219970703125,25400955.0,916.0165405273438
2008-07-18,1498.77001953125,1451.199951171875,1477.3199462890625,1492.239990234375,27360611.0,899.156982421875
2008-07-21,1561.25,1512.760009765625,1541.6700439453125,1535.1400146484375,17208022.0,925.0066528320312
2008-07-22,1565.9200439453125,1501.56005859375,1557.52001953125,1509.030029296875,16804058.0,909.27392578125
2008-07-23,1553.7900390625,1475.449951171875,1533.280029296875,1507.1600341796875,19846439.0,908.147216796875
2008-07-24,1507.1600341796875,1433.47998046875,1488.510009765625,1436.280029296875,22357012.0,865.43798828125
2008-07-25,1482.9100341796875,1422.2900390625,1437.2099609375,1448.4000244140625,14001394.0,872.7412109375
2008-07-28,1523.02001953125,1479.1800537109375,1492.239990234375,1512.760009765625,12492778.0,911.521484375
2008-07-29,1571.510009765625,1504.3599853515625,1519.2900390625,1529.5400390625,19740652.0,921.6324462890625
2008-07-30,1603.219970703125,1553.7900390625,1575.239990234375,1564.050048828125,16678212.0,942.4264526367188
2008-07-31,1625.6099853515625,1558.4599609375,1576.1800537109375,1578.969970703125,20024167.0,951.4166870117188
2008-08-01,1543.530029296875,1485.7099609375,1529.5400390625,1496.9000244140625,17261264.0,901.9647827148438
2008-08-04,1510.8900146484375,1422.2900390625,1496.9000244140625,1427.8900146484375,16467584.0,860.3826293945312
2008-08-05,1431.6199951171875,1376.5899658203125,1389.6500244140625,1412.030029296875,31713858.0,850.8261108398438
2008-08-06,1470.7900390625,1436.280029296875,1454.9300537109375,1445.6099853515625,20519445.0,871.0598754882812
2008-08-07,1484.780029296875,1419.489990234375,1430.6800537109375,1445.6099853515625,21844489.0,871.0598754882812
2008-08-08,1433.47998046875,1381.25,1414.8299560546875,1409.22998046875,16680563.0,849.1388549804688
2008-08-11,1448.4000244140625,1379.3900146484375,1380.3199462890625,1387.780029296875,16768827.0,836.2139892578125
2008-08-12,1406.4300537109375,1346.739990234375,1400.8399658203125,1369.1300048828125,19724689.0,824.9765625
2008-08-13,1426.02001953125,1372.8599853515625,1385.9200439453125,1410.1700439453125,22831232.0,849.7052612304688
2008-08-14,1504.3599853515625,1460.530029296875,1473.5799560546875,1475.449951171875,29377387.0,889.0400390625
2008-08-15,1467.06005859375,1412.9599609375,1453.0699462890625,1426.02001953125,19222148.0,859.2556762695312
2008-08-18,1469.8499755859375,1428.8199462890625,1463.3299560546875,1433.47998046875,13296511.0,863.7509155273438
2008-08-19,1440.010009765625,1397.1099853515625,1400.8399658203125,1417.6300048828125,13304613.0,854.2005615234375
2008-08-20,1526.75,1463.3299560546875,1473.5799560546875,1512.760009765625,19042669.0,911.521484375
2008-08-21,1564.050048828125,1509.030029296875,1510.8900146484375,1557.52001953125,13756790.0,938.4917602539062
2008-08-22,1593.9000244140625,1537.010009765625,1576.1800537109375,1583.6400146484375,17043339.0,954.230712890625
2008-08-26,1583.6400146484375,1514.6199951171875,1583.6400146484375,1563.1199951171875,13429994.0,941.8660888671875
2008-08-27,1592.030029296875,1546.3299560546875,1550.989990234375,1583.6400146484375,10485827.0,954.230712890625
2008-08-28,1630.27001953125,1580.8399658203125,1613.47998046875,1596.68994140625,17296299.0,962.0938720703125
2008-08-29,1634.0,1590.1700439453125,1606.02001953125,1602.2900390625,11558154.0,965.4681396484375
2008-09-01,1601.3599853515625,1526.75,1599.489990234375,1537.010009765625,10593995.0,926.1333618164062
2008-09-02,1524.8800048828125,1456.800048828125,1524.8800048828125,1474.52001953125,26875519.0,888.4797973632812
2008-09-03,1464.260009765625,1407.3699951171875,1422.2900390625,1424.1600341796875,26570136.0,871.07373046875
2008-09-04,1472.6500244140625,1385.9200439453125,1424.1600341796875,1385.9200439453125,21755592.0,847.6846313476562
2008-09-05,1421.3599853515625,1323.4300537109375,1383.1199951171875,1341.1500244140625,35069919.0,820.301513671875
2008-09-08,1443.739990234375,1374.719970703125,1422.2900390625,1384.97998046875,12111273.0,847.1097412109375
2008-09-09,1385.9200439453125,1283.3199462890625,1361.6700439453125,1310.3699951171875,42751721.0,801.4752197265625
2008-09-10,1334.6199951171875,1257.2099609375,1293.5799560546875,1291.719970703125,32277759.0,790.0679931640625
2008-09-11,1334.6199951171875,1266.5400390625,1297.31005859375,1310.3699951171875,29922731.0,801.4752197265625
2008-09-12,1409.22998046875,1339.280029296875,1347.6800537109375,1407.3699951171875,25695647.0,860.8042602539062
2008-09-15,1370.989990234375,1324.3599853515625,1361.6700439453125,1343.949951171875,29158299.0,822.01416015625
2008-09-16,1333.68994140625,1249.75,1311.300048828125,1283.3199462890625,42045186.0,784.9302978515625
2008-09-17,1354.2099609375,1184.4599609375,1315.969970703125,1203.1199951171875,43717118.0,735.8766479492188
2008-09-18,1270.27001953125,1185.4000244140625,1253.47998046875,1228.300048828125,50995243.0,751.2779541015625
2008-09-19,1398.969970703125,1292.6500244140625,1315.0400390625,1349.5400390625,52130615.0,825.433349609375
2008-09-22,1419.489990234375,1354.2099609375,1375.6600341796875,1379.3900146484375,30548954.0,843.6907958984375
2008-09-23,1368.199951171875,1291.719970703125,1364.4599609375,1338.3499755859375,24927500.0,818.5888061523438
2008-09-24,1379.3900146484375,1312.239990234375,1357.0,1343.010009765625,20680680.0,821.439208984375
2008-09-25,1354.2099609375,1308.510009765625,1336.489990234375,1343.010009765625,26821085.0,821.439208984375
2008-09-26,1324.3599853515625,1271.199951171875,1321.56005859375,1276.800048828125,16032355.0,780.9423217773438
2008-09-29,1245.0899658203125,1130.3699951171875,1221.77001953125,1149.02001953125,34470336.0,702.7870483398438
2008-09-30,1210.5799560546875,1086.5400390625,1101.4599609375,1174.199951171875,30721267.0,718.1881103515625
2008-10-01,1240.4200439453125,1105.18994140625,1207.780029296875,1127.5699462890625,29981578.0,689.667236328125
2008-10-02,1185.4000244140625,1036.1700439453125,1129.43994140625,1045.5,33511227.0,639.4699096679688
2008-10-03,1114.52001953125,1013.7899780273438,1050.1600341796875,1107.050048828125,28967947.0,677.116455078125
2008-10-06,1035.239990234375,932.6489868164062,983.0120239257812,997.9340209960938,37861147.0,610.3765258789062
2008-10-07,1072.550048828125,979.281005859375,1072.550048828125,1013.7899780273438,42059297.0,620.07470703125
2008-10-08,1037.0999755859375,886.0159912109375,944.7730102539062,907.0009765625,56067533.0,554.7583618164062
2008-10-09,1018.4500122070312,933.5809936523438,934.5139770507812,966.2239990234375,36049031.0,590.9814453125
2008-10-10,909.7990112304688,820.7310180664062,844.0469970703125,890.2130126953125,54924907.0,544.4901733398438
2008-10-13,986.7420043945312,921.4569702148438,963.426025390625,970.8870239257812,32010606.0,593.8336791992188
2008-10-14,1079.0699462890625,962.4940185546875,993.27099609375,1004.4600219726562,32999887.0,614.3682861328125
2008-10-15,983.9439697265625,834.2540283203125,983.9439697265625,854.3060302734375,45301844.0,522.5280151367188
2008-10-16,872.4929809570312,737.7249755859375,783.4249877929688,756.3779907226562,43101475.0,462.63128662109375
2008-10-17,849.6430053710938,728.3989868164062,807.6740112304688,835.18701171875,38195379.0,510.8341064453125
2008-10-20,908.8660278320312,845.9119873046875,876.6900024414062,908.8660278320312,37895881.0,555.8991088867188
2008-10-21,958.7630004882812,873.8920288085938,951.302001953125,901.8709716796875,32105471.0,551.6206665039062
2008-10-22,867.3629760742188,806.2750244140625,858.0369873046875,820.7310180664062,39900289.0,501.9921875
2008-10-23,807.6740112304688,711.6110229492188,806.7410278320312,767.5700073242188,43084751.0,469.4768371582031
2008-10-24,810.0050048828125,705.5490112304688,729.7979736328125,810.0050048828125,36441070.0,495.4317321777344
2008-10-27,808.1400146484375,727.9320068359375,751.2490234375,788.5549926757812,28804078.0,482.3118896484375
2008-10-28,859.4359741210938,752.6480102539062,853.3740234375,785.7570190429688,32034486.0,480.6006774902344
2008-10-29,902.3380126953125,827.2589721679688,841.2490234375,895.343017578125,33534526.0,547.6278076171875
2008-10-30,979.281005859375,901.8709716796875,951.302001953125,940.1099853515625,30783446.0,575.0090942382812
2008-10-31,994.2039794921875,898.6069946289062,930.7830200195312,982.0789794921875,27262469.0,600.6790771484375
2008-11-03,1040.8399658203125,979.281005859375,1025.9100341796875,1002.5999755859375,18842764.0,613.2305297851562
2008-11-04,1086.5400390625,945.7059936523438,996.0689697265625,1080.010009765625,21323271.0,660.5776977539062
2008-11-05,1102.3900146484375,1027.780029296875,1090.27001953125,1063.219970703125,23370919.0,650.3082885742188
2008-11-06,1024.97998046875,903.7369995117188,1015.6599731445312,903.7369995117188,28957870.0,552.7620239257812
2008-11-07,980.2139892578125,902.3380126953125,930.7830200195312,946.6389770507812,20900044.0,579.0025634765625
2008-11-10,1096.800048828125,1016.5900268554688,1020.3200073242188,1047.3599853515625,26438448.0,640.6075439453125
2008-11-11,1026.8499755859375,938.2449951171875,1011.9199829101562,950.3690185546875,19997421.0,581.2839965820312
2008-11-12,988.6079711914062,868.2960205078125,969.9550170898438,884.6170043945312,30347936.0,541.0675659179688
2008-11-13,884.1510009765625,837.5189819335938,840.7830200195312,864.0989990234375,29165404.0,528.517822265625
2008-11-14,927.052978515625,834.7210083007812,927.052978515625,844.0469970703125,25007947.0,516.253173828125
2008-11-17,856.6380004882812,795.5490112304688,850.5759887695312,813.27001953125,25648349.0,497.4286804199219
2008-11-18,828.1920166015625,762.4400024414062,811.8709716796875,820.7310180664062,18594828.0,501.9921875
2008-11-19,817.0,754.5130004882812,809.5390014648438,768.5029907226562,22351971.0,470.04742431640625
2008-11-20,743.3209838867188,682.2329711914062,727.4660034179688,701.8179931640625,32378129.0,429.26019287109375
2008-11-21,787.6220092773438,720.4710083007812,727.4660034179688,743.7869873046875,32491884.0,454.9300842285156
2008-11-24,913.9959716796875,762.4400024414062,767.5700073242188,913.9959716796875,48337378.0,559.0368041992188
2008-11-25,1109.8499755859375,955.031982421875,1039.9000244140625,980.2139892578125,129873485.0,599.5384521484375
2008-11-26,1085.5999755859375,932.6489868164062,937.31201171875,1077.2099609375,47186388.0,658.8651123046875
2008-11-27,1141.56005859375,1036.1700439453125,1049.22998046875,1101.4599609375,32152915.0,673.6973876953125
2008-11-28,1143.4300537109375,1077.2099609375,1122.9100341796875,1108.9200439453125,32935775.0,678.2601928710938
2008-12-01,1078.1400146484375,999.7990112304688,1072.550048828125,1009.1300048828125,22825644.0,617.224609375
2008-12-02,1023.1199951171875,918.1929931640625,935.447021484375,966.2239990234375,31757355.0,590.9814453125
2008-12-03,1022.1799926757812,932.1820068359375,995.135986328125,1002.5999755859375,30035752.0,613.2305297851562
2008-12-04,1025.9100341796875,941.9749755859375,1000.72998046875,988.6079711914062,30251121.0,604.6725463867188
2008-12-05,951.302001953125,889.7470092773438,950.3690185546875,909.7990112304688,23053288.0,556.4697265625
2008-12-08,1078.1400146484375,970.8870239257812,1001.6599731445312,1052.030029296875,21151079.0,643.4638671875
2008-12-09,1093.06005859375,1013.7899780273438,1024.97998046875,1079.0699462890625,18987644.0,660.0027465820312
2008-12-10,1181.6700439453125,1095.8599853515625,1104.260009765625,1150.8900146484375,22758677.0,703.9308471679688
2008-12-11,1165.81005859375,1095.8599853515625,1105.18994140625,1137.8299560546875,21431189.0,695.9425659179688
2008-12-12,1137.8299560546875,1038.969970703125,1054.8299560546875,1123.8399658203125,15304315.0,687.3859252929688
2008-12-15,1181.6700439453125,1126.6400146484375,1151.8199462890625,1175.1400146484375,14305877.0,718.7631225585938
2008-12-16,1175.1400146484375,1109.8499755859375,1147.1600341796875,1149.9599609375,15279635.0,703.3618774414062
2008-12-17,1213.3800048828125,1132.239990234375,1160.2099609375,1210.5799560546875,18163044.0,740.4395751953125
2008-12-18,1204.050048828125,1138.760009765625,1184.4599609375,1173.27001953125,13857060.0,717.6192016601562
2008-12-19,1177.0,1069.75,1146.219970703125,1151.8199462890625,21539937.0,704.4993896484375
2008-12-22,1172.3399658203125,1096.800048828125,1120.1099853515625,1130.3699951171875,11372472.0,691.3800048828125
2008-12-23,1149.02001953125,1095.8599853515625,1095.8599853515625,1122.9100341796875,9176127.0,686.81689453125
2008-12-29,1184.4599609375,1113.5799560546875,1125.7099609375,1159.280029296875,4663188.0,709.0625
2008-12-30,1199.3900146484375,1172.3399658203125,1187.260009765625,1191.9300537109375,4916181.0,729.032470703125
2009-01-02,1315.0400390625,1215.239990234375,1226.4300537109375,1310.3699951171875,7731845.0,801.4752197265625
2009-01-05,1338.3499755859375,1257.2099609375,1323.4300537109375,1279.5899658203125,13921362.0,782.6488647460938
2009-01-06,1373.7900390625,1271.199951171875,1293.5799560546875,1352.3399658203125,18698057.0,827.1456298828125
2009-01-07,1327.1600341796875,1226.4300537109375,1327.1600341796875,1244.1500244140625,15554283.0,760.9723510742188
2009-01-08,1233.8900146484375,1139.699951171875,1206.8499755859375,1204.97998046875,15402758.0,737.0143432617188
2009-01-09,1247.8800048828125,1179.800048828125,1232.9599609375,1197.52001953125,15088416.0,732.451416015625
2009-01-12,1196.5899658203125,1142.489990234375,1174.199951171875,1158.3499755859375,10279484.0,708.4935913085938
2009-01-13,1180.72998046875,1096.800048828125,1141.56005859375,1177.93994140625,16933354.0,720.4754028320312
2009-01-14,1190.06005859375,1053.8900146484375,1190.06005859375,1077.2099609375,18822582.0,658.8651123046875
2009-01-15,1104.260009765625,1037.0999755859375,1075.3399658203125,1060.4200439453125,22296887.0,648.595703125
2009-01-16,1124.77001953125,1085.5999755859375,1102.3900146484375,1107.989990234375,19974272.0,677.6913452148438
2009-01-19,1154.6199951171875,1052.030029296875,1141.56005859375,1090.27001953125,12337079.0,666.85302734375
2009-01-20,1133.1700439453125,1061.3499755859375,1076.280029296875,1075.3399658203125,11847564.0,657.7213134765625
2009-01-21,1105.18994140625,1030.5799560546875,1061.3499755859375,1086.5400390625,23327674.0,664.57177734375
2009-01-22,1154.6199951171875,1074.4100341796875,1116.3800048828125,1083.739990234375,15657525.0,662.8591918945312
2009-01-23,1111.719970703125,1036.1700439453125,1062.2900390625,1086.5400390625,19867093.0,664.57177734375
2009-01-26,1175.1400146484375,1066.02001953125,1089.3299560546875,1165.81005859375,16263391.0,713.056640625
2009-01-27,1185.4000244140625,1124.77001953125,1146.219970703125,1178.8699951171875,18654736.0,721.0444946289062
2009-01-28,1238.56005859375,1158.3499755859375,1175.1400146484375,1232.9599609375,24472010.0,754.1281127929688
2009-01-29,1209.6500244140625,1163.010009765625,1191.9300537109375,1190.06005859375,15905271.0,727.8887939453125
2009-01-30,1193.7900390625,1092.1300048828125,1186.3299560546875,1101.4599609375,22198826.0,673.6973876953125
2009-02-02,1117.31005859375,1059.489990234375,1084.6700439453125,1080.93994140625,14634357.0,661.146484375
2009-02-03,1089.3299560546875,1038.0400390625,1084.6700439453125,1081.8699951171875,16769049.0,661.71533203125
2009-02-04,1191.9300537109375,1091.199951171875,1109.8499755859375,1183.530029296875,23602669.0,723.894775390625
2009-02-05,1221.77001953125,1141.56005859375,1154.6199951171875,1198.449951171875,22747646.0,733.0204467773438
2009-02-06,1266.5400390625,1190.989990234375,1215.239990234375,1245.0899658203125,19713869.0,761.5471801757812
2009-02-09,1317.8299560546875,1218.0400390625,1236.68994140625,1285.18994140625,14822278.0,786.073974609375
2009-02-10,1265.5999755859375,1214.31005859375,1250.6800537109375,1221.77001953125,17505974.0,747.2837524414062
2009-02-11,1226.4300537109375,1181.6700439453125,1204.97998046875,1206.8499755859375,16150451.0,738.1581420898438
2009-02-12,1198.449951171875,1121.0400390625,1175.1400146484375,1173.27001953125,22868910.0,717.6192016601562
2009-02-13,1226.4300537109375,1163.010009765625,1203.1199951171875,1191.9300537109375,12088563.0,729.032470703125
2009-02-16,1191.9300537109375,1143.4300537109375,1174.199951171875,1150.8900146484375,7184045.0,703.9308471679688
2009-02-17,1137.8299560546875,1075.3399658203125,1129.43994140625,1099.5899658203125,15312658.0,672.5535278320312
2009-02-18,1121.0400390625,1043.6300048828125,1120.1099853515625,1075.3399658203125,14530460.0,657.7213134765625
2009-02-19,1112.6500244140625,1060.4200439453125,1091.199951171875,1100.530029296875,19772785.0,673.1286010742188
2009-02-20,1107.989990234375,1052.9599609375,1062.2900390625,1074.4100341796875,23662780.0,657.1524047851562
2009-02-23,1116.3800048828125,1055.760009765625,1106.1199951171875,1072.550048828125,13378839.0,656.0147705078125
2009-02-24,1075.3399658203125,1029.6400146484375,1056.68994140625,1067.8800048828125,15633110.0,653.1585693359375
2009-02-25,1078.1400146484375,1020.3200073242188,1063.219970703125,1043.6300048828125,12788360.0,656.0173950195312
2009-02-26,1087.469970703125,1052.030029296875,1060.4200439453125,1077.2099609375,16807193.0,677.12548828125
2009-02-27,1067.8800048828125,995.135986328125,1057.6199951171875,1031.510009765625,16021250.0,648.3987426757812
2009-03-02,1008.1900024414062,960.6279907226562,972.7529907226562,964.3590087890625,13455611.0,606.1882934570312
2009-03-03,1001.6599731445312,955.9650268554688,985.8099975585938,968.0889892578125,15008355.0,608.5327758789062
2009-03-04,1100.530029296875,999.7990112304688,1011.9199829101562,1093.06005859375,20952488.0,687.088623046875
2009-03-05,1073.47998046875,1010.989990234375,1060.4200439453125,1032.43994140625,14697473.0,648.9834594726562
2009-03-06,1118.25,1009.1300048828125,1024.050048828125,1078.1400146484375,24697065.0,677.7100219726562
2009-03-09,1100.530029296875,1046.4300537109375,1072.550048828125,1092.1300048828125,14247539.0,686.5040893554688
2009-03-10,1187.260009765625,1083.739990234375,1095.8599853515625,1178.8699951171875,17475601.0,741.0281982421875
2009-03-11,1259.0799560546875,1154.6199951171875,1183.530029296875,1240.4200439453125,27615526.0,779.7179565429688
2009-03-12,1228.300048828125,1155.550048828125,1197.52001953125,1220.8399658203125,20050072.0,767.4100952148438
2009-03-13,1280.530029296875,1243.219970703125,1244.1500244140625,1247.8800048828125,18850698.0,784.4073486328125
2009-03-16,1258.1400146484375,1203.1199951171875,1236.68994140625,1256.280029296875,15500756.0,789.6873779296875
2009-03-17,1249.75,1182.5999755859375,1248.8199462890625,1220.8399658203125,19405546.0,767.4100952148438
2009-03-18,1242.2900390625,1180.72998046875,1231.0999755859375,1210.5799560546875,14168864.0,760.9607543945312
2009-03-19,1315.969970703125,1216.1700439453125,1231.0999755859375,1310.3699951171875,35467814.0,823.6880493164062
2009-03-20,1353.27001953125,1274.9300537109375,1279.5899658203125,1348.6099853515625,33669209.0,847.7252807617188
2009-03-23,1420.4200439453125,1361.6700439453125,1401.77001953125,1405.5,21644628.0,883.4857788085938
2009-03-24,1425.0899658203125,1317.8299560546875,1405.5,1337.4200439453125,18753302.0,840.6915283203125
2009-03-25,1344.8800048828125,1283.3199462890625,1324.3599853515625,1313.1700439453125,17940663.0,825.4481201171875
2009-03-26,1374.719970703125,1315.969970703125,1343.010009765625,1360.72998046875,14240725.0,855.3439331054688
2009-03-27,1368.199951171875,1300.1099853515625,1353.27001953125,1314.0999755859375,17344906.0,826.0327758789062
2009-03-30,1282.3900146484375,1213.3800048828125,1279.5899658203125,1216.1700439453125,13487780.0,764.4745483398438
2009-03-31,1309.43994140625,1243.219970703125,1249.75,1291.719970703125,14062339.0,811.964599609375
2009-04-01,1299.1800537109375,1219.9100341796875,1266.5400390625,1278.6600341796875,14372683.0,803.7551879882812
2009-04-02,1428.8199462890625,1331.8199462890625,1338.3499755859375,1411.0999755859375,23125462.0,887.0059814453125
2009-04-03,1426.02001953125,1340.219970703125,1389.6500244140625,1343.949951171875,17764540.0,844.796142578125
2009-04-06,1375.6600341796875,1279.5899658203125,1361.6700439453125,1291.719970703125,15780012.0,811.964599609375
2009-04-07,1318.77001953125,1238.56005859375,1304.780029296875,1267.469970703125,13995755.0,796.7213745117188
2009-04-08,1289.8499755859375,1226.4300537109375,1236.68994140625,1265.5999755859375,12295157.0,795.5458984375
2009-04-09,1330.8900146484375,1270.27001953125,1289.8499755859375,1313.1700439453125,13021664.0,825.4481201171875
2009-04-14,1391.510009765625,1303.8399658203125,1329.02001953125,1347.6800537109375,15200330.0,847.1407470703125
2009-04-15,1341.1500244140625,1275.8599853515625,1315.969970703125,1294.52001953125,13064877.0,813.7245483398438
2009-04-16,1332.760009765625,1291.719970703125,1314.0999755859375,1303.8399658203125,9582127.0,819.5833129882812
2009-04-17,1324.3599853515625,1278.6600341796875,1316.9000244140625,1308.510009765625,14435027.0,822.5187377929688
2009-04-20,1310.3699951171875,1240.4200439453125,1296.3800048828125,1252.550048828125,12245980.0,787.3428344726562
2009-04-21,1263.739990234375,1211.510009765625,1224.5699462890625,1253.47998046875,17445481.0,787.9273681640625
2009-04-22,1293.5799560546875,1203.1199951171875,1212.43994140625,1279.5899658203125,19124238.0,804.3399047851562
2009-04-23,1322.5,1261.8699951171875,1277.72998046875,1291.719970703125,14670072.0,811.964599609375
2009-04-24,1352.3399658203125,1274.0,1287.989990234375,1338.3499755859375,15518760.0,841.27587890625
2009-04-27,1313.1700439453125,1266.5400390625,1313.1700439453125,1296.3800048828125,11482855.0,814.8939208984375
2009-04-28,1277.72998046875,1235.760009765625,1250.6800537109375,1267.469970703125,11979499.0,796.7213745117188
2009-04-29,1300.1099853515625,1259.0799560546875,1285.18994140625,1288.9200439453125,12095845.0,810.2046508789062
2009-04-30,1346.739990234375,1305.7099609375,1316.9000244140625,1328.0899658203125,14104286.0,834.82666015625
2009-05-01,1340.219970703125,1287.989990234375,1311.300048828125,1337.4200439453125,6871842.0,840.6915283203125
2009-05-05,1408.300048828125,1347.6800537109375,1379.3900146484375,1360.72998046875,13505440.0,855.3439331054688
2009-05-06,1430.6800537109375,1328.0899658203125,1340.219970703125,1422.2900390625,17139061.0,894.0396118164062
2009-05-07,1480.1099853515625,1395.239990234375,1454.9300537109375,1411.0999755859375,19448626.0,887.0059814453125
2009-05-08,1456.800048828125,1410.1700439453125,1431.6199951171875,1431.6199951171875,12031717.0,899.9046020507812
2009-05-11,1426.949951171875,1382.18994140625,1426.949951171875,1412.9599609375,14213847.0,888.175048828125
2009-05-12,1412.9599609375,1368.199951171875,1382.18994140625,1377.52001953125,11834910.0,865.8978881835938
2009-05-13,1383.1199951171875,1292.6500244140625,1380.3199462890625,1296.3800048828125,19296747.0,814.8939208984375
2009-05-14,1312.239990234375,1263.739990234375,1287.06005859375,1298.25,15931916.0,816.0694580078125
2009-05-15,1343.010009765625,1283.3199462890625,1326.22998046875,1315.0400390625,15320371.0,826.6234130859375
2009-05-18,1346.739990234375,1271.199951171875,1291.719970703125,1335.550048828125,12012625.0,839.5160522460938
2009-05-19,1398.0400390625,1353.27001953125,1353.27001953125,1378.449951171875,12432157.0,866.482421875
2009-05-20,1406.4300537109375,1342.0799560546875,1384.97998046875,1390.5799560546875,11407422.0,874.107421875
2009-05-21,1357.0,1300.1099853515625,1352.3399658203125,1302.9100341796875,11370836.0,818.998779296875
2009-05-22,1345.81005859375,1313.1700439453125,1329.02001953125,1326.22998046875,8101399.0,833.6575317382812
2009-05-26,1353.27001953125,1270.27001953125,1324.3599853515625,1344.8800048828125,17534305.0,845.3807373046875
2009-05-27,1374.719970703125,1329.9599609375,1350.469970703125,1337.4200439453125,9271283.0,840.6915283203125
2009-05-28,1342.0799560546875,1301.97998046875,1308.510009765625,1334.6199951171875,12565548.0,838.931396484375
2009-05-29,1404.5699462890625,1368.199951171875,1370.989990234375,1376.5899658203125,14479983.0,865.3133544921875
2009-06-01,1477.3199462890625,1417.6300048828125,1417.6300048828125,1449.3399658203125,10635956.0,911.0430297851562
2009-06-02,1461.4599609375,1410.1700439453125,1429.75,1452.1300048828125,10981521.0,912.7972412109375
2009-06-03,1462.3900146484375,1378.449951171875,1459.5899658203125,1392.43994140625,12327563.0,875.2763671875
2009-06-04,1398.969970703125,1324.3599853515625,1381.25,1357.93994140625,23742508.0,853.5899047851562
2009-06-05,1522.0799560546875,1449.3399658203125,1503.4300537109375,1450.27001953125,48989161.0,911.6279296875
2009-06-08,1442.81005859375,1370.989990234375,1433.47998046875,1394.31005859375,22565398.0,876.4520874023438
2009-06-09,1418.56005859375,1367.260009765625,1384.97998046875,1394.31005859375,15938268.0,876.4520874023438
2009-06-10,1500.6300048828125,1419.489990234375,1450.27001953125,1430.6800537109375,25693771.0,899.31396484375
2009-06-11,1449.3399658203125,1388.7099609375,1445.6099853515625,1414.8299560546875,18195527.0,889.3505249023438
2009-06-12,1433.47998046875,1363.530029296875,1429.75,1384.97998046875,16460212.0,870.5872802734375
2009-06-15,1377.52001953125,1337.4200439453125,1369.1300048828125,1345.81005859375,14060967.0,845.9652709960938
2009-06-16,1361.6700439453125,1315.969970703125,1352.3399658203125,1333.68994140625,18218436.0,838.3466796875
2009-06-17,1328.0899658203125,1258.1400146484375,1314.0999755859375,1282.3900146484375,24350484.0,806.0999145507812
2009-06-18,1309.43994140625,1260.93994140625,1282.3900146484375,1285.18994140625,16680265.0,807.8599243164062
2009-06-19,1330.8900146484375,1289.8499755859375,1300.1099853515625,1311.300048828125,17804189.0,824.2726440429688
2009-06-22,1334.6199951171875,1246.02001953125,1315.0400390625,1254.4100341796875,16586224.0,788.5119018554688
2009-06-23,1267.469970703125,1226.4300537109375,1254.4100341796875,1243.219970703125,20058135.0,781.47802734375
2009-06-24,1310.8399658203125,1238.0899658203125,1252.550048828125,1301.050048828125,16859925.0,817.8295288085938
2009-06-25,1308.0400390625,1257.2099609375,1291.719970703125,1273.0699462890625,16649571.0,800.241455078125
2009-06-26,1295.9200439453125,1251.1500244140625,1280.06005859375,1264.199951171875,12910746.0,794.665771484375
2009-06-29,1297.31005859375,1257.6800537109375,1264.6700439453125,1278.6600341796875,12296498.0,803.7551879882812
2009-06-30,1307.1099853515625,1272.1300048828125,1294.52001953125,1272.1300048828125,14154142.0,799.6505126953125
2009-07-01,1336.949951171875,1264.6700439453125,1282.3900146484375,1329.02001953125,13348645.0,835.4111938476562
2009-07-02,1320.6300048828125,1261.8699951171875,1309.43994140625,1266.5400390625,15632289.0,796.13671875
2009-07-03,1271.199951171875,1236.22998046875,1265.1400146484375,1254.4100341796875,7302139.0,788.5119018554688
2009-07-06,1242.2900390625,1196.5899658203125,1232.9599609375,1200.7900390625,12571231.0,754.806884765625
2009-07-07,1246.02001953125,1206.3800048828125,1217.1099853515625,1212.43994140625,9555202.0,762.1298217773438
2009-07-08,1249.75,1207.780029296875,1212.43994140625,1219.9100341796875,18064404.0,766.825439453125
2009-07-09,1265.1400146484375,1219.43994140625,1231.0999755859375,1221.77001953125,16191711.0,767.99462890625
2009-07-10,1231.0999755859375,1207.31005859375,1213.8399658203125,1209.6500244140625,10377008.0,760.376220703125
2009-07-13,1249.75,1188.6600341796875,1200.3199462890625,1246.47998046875,12968706.0,783.5271606445312
2009-07-14,1298.25,1269.800048828125,1275.8599853515625,1289.8499755859375,10894571.0,810.7891845703125
2009-07-15,1341.1500244140625,1296.3800048828125,1305.239990234375,1338.8199462890625,11576027.0,841.5713500976562
2009-07-16,1360.72998046875,1315.969970703125,1341.1500244140625,1338.8199462890625,10461868.0,841.5713500976562
2009-07-17,1366.800048828125,1335.0899658203125,1363.0699462890625,1345.81005859375,11007473.0,845.9652709960938
2009-07-20,1406.9000244140625,1369.1300048828125,1369.1300048828125,1391.510009765625,10425799.0,874.6918334960938
2009-07-21,1440.93994140625,1375.6600341796875,1384.97998046875,1426.949951171875,10273926.0,896.9690551757812
2009-07-22,1431.1500244140625,1375.6600341796875,1429.75,1401.31005859375,16043554.0,880.85205078125
2009-07-23,1462.3900146484375,1410.6300048828125,1417.6300048828125,1456.800048828125,13524075.0,915.7327270507812
2009-07-24,1472.6500244140625,1437.2099609375,1442.3399658203125,1449.3399658203125,11940163.0,911.0430297851562
2009-07-27,1481.050048828125,1446.0699462890625,1474.52001953125,1471.719970703125,7998906.0,925.1112670898438
2009-07-28,1492.239990234375,1432.0799560546875,1482.9100341796875,1435.3499755859375,12593941.0,902.249267578125
2009-07-29,1435.81005859375,1396.1800537109375,1416.22998046875,1400.3699951171875,12420797.0,880.2611083984375
2009-07-30,1485.7099609375,1420.8900146484375,1422.760009765625,1473.1199951171875,12030733.0,925.991455078125
2009-07-31,1492.239990234375,1447.93994140625,1476.3800048828125,1457.72998046875,10300543.0,916.3171997070312
2009-08-03,1527.6800537109375,1453.0699462890625,1458.6600341796875,1515.550048828125,11248601.0,952.6622924804688
2009-08-04,1532.81005859375,1469.8499755859375,1499.699951171875,1505.300048828125,12321258.0,946.2193603515625
2009-08-05,1497.3699951171875,1458.199951171875,1475.449951171875,1471.719970703125,14151349.0,925.1112670898438
2009-08-06,1497.3699951171875,1449.3399658203125,1482.9100341796875,1467.989990234375,9854242.0,922.7664794921875
2009-08-07,1487.5699462890625,1426.02001953125,1457.260009765625,1481.97998046875,10901907.0,931.560791015625
2009-08-10,1473.5799560546875,1435.3499755859375,1473.5799560546875,1446.0699462890625,9184303.0,908.98779296875
2009-08-11,1472.18994140625,1416.22998046875,1451.199951171875,1424.6199951171875,9789820.0,895.5047607421875
2009-08-12,1457.260009765625,1398.969970703125,1431.6199951171875,1450.27001953125,13065127.0,911.6279296875
2009-08-13,1512.2900390625,1467.989990234375,1479.1800537109375,1482.9100341796875,15333032.0,932.1450805664062
2009-08-14,1502.9599609375,1442.81005859375,1492.239990234375,1448.4000244140625,11128166.0,910.4525756835938
2009-08-17,1435.81005859375,1381.25,1422.2900390625,1402.699951171875,2280460.0,881.7255859375
2009-08-18,1439.5400390625,1397.5699462890625,1418.0899658203125,1408.77001953125,8643889.0,885.5416259765625
2009-08-19,1431.1500244140625,1382.6500244140625,1389.6500244140625,1430.6800537109375,11697141.0,899.31396484375
2009-08-20,1469.8499755859375,1444.6700439453125,1450.27001953125,1457.260009765625,11764124.0,916.0220336914062
2009-08-21,1493.1700439453125,1419.489990234375,1422.2900390625,1483.8399658203125,17258970.0,932.7296752929688
2009-08-24,1545.8599853515625,1497.8299560546875,1512.760009765625,1537.469970703125,11353777.0,966.4411010742188
2009-08-25,1530.47998046875,1486.1800537109375,1489.43994140625,1518.3499755859375,11676999.0,954.4224853515625
2009-08-26,1534.2099609375,1481.050048828125,1510.8900146484375,1496.9000244140625,11133689.0,940.9393310546875
2009-08-27,1513.68994140625,1481.97998046875,1488.510009765625,1493.6400146484375,9269625.0,938.8898315429688
2009-08-28,1533.280029296875,1507.1600341796875,1527.6800537109375,1518.3499755859375,10418323.0,954.4224853515625
2009-09-01,1520.6800537109375,1477.3199462890625,1519.2900390625,1478.7099609375,15962788.0,929.505126953125
2009-09-02,1462.3900146484375,1424.6199951171875,1455.4000244140625,1452.5999755859375,11052533.0,928.85546875
2009-09-03,1488.969970703125,1448.4000244140625,1462.3900146484375,1460.06005859375,13085610.0,933.6256103515625
2009-09-04,1500.1700439453125,1469.8499755859375,1478.7099609375,1478.7099609375,10209795.0,945.5513916015625
2009-09-07,1524.8800048828125,1494.0999755859375,1510.8900146484375,1513.68994140625,5397909.0,967.9190673828125
2009-09-08,1565.449951171875,1526.280029296875,1529.0799560546875,1553.3299560546875,13444556.0,993.2664184570312
2009-09-09,1564.97998046875,1528.1500244140625,1537.010009765625,1551.4599609375,12907769.0,992.0707397460938
2009-09-10,1580.8399658203125,1518.8199462890625,1559.3900146484375,1552.8599853515625,10563699.0,992.9660034179688
2009-09-11,1616.280029296875,1573.3800048828125,1573.3800048828125,1599.030029296875,17663289.0,1022.4891967773438
2009-09-14,1591.0999755859375,1545.4000244140625,1566.8499755859375,1583.6400146484375,8369363.0,1012.6483154296875
2009-09-15,1602.2900390625,1564.97998046875,1582.699951171875,1592.5,8052944.0,1018.3135375976562
2009-09-16,1649.3900146484375,1619.0799560546875,1627.010009765625,1643.3299560546875,11488189.0,1050.8162841796875
2009-09-17,1675.969970703125,1634.469970703125,1669.43994140625,1647.06005859375,12894992.0,1053.20166015625
2009-09-18,1647.989990234375,1619.0799560546875,1619.0799560546875,1632.1400146484375,11731258.0,1043.6611328125
2009-09-21,1620.93994140625,1578.969970703125,1620.93994140625,1587.3699951171875,10197425.0,1015.0330810546875
2009-09-22,1633.0699462890625,1597.1600341796875,1601.3599853515625,1603.219970703125,12990075.0,1025.1680908203125
2009-09-23,1628.4100341796875,1580.8399658203125,1599.030029296875,1586.9000244140625,8504446.0,1014.7326049804688
2009-09-24,1594.8299560546875,1550.989990234375,1578.0400390625,1556.5899658203125,12195572.0,995.3509521484375
2009-09-25,1595.760009765625,1564.97998046875,1570.5799560546875,1578.510009765625,13399743.0,1009.3678588867188
2009-09-28,1620.93994140625,1549.5999755859375,1558.4599609375,1620.93994140625,9585265.0,1036.4991455078125
2009-09-29,1627.93994140625,1592.9599609375,1622.3399658203125,1611.6199951171875,7962836.0,1030.5396728515625
2009-09-30,1624.6700439453125,1571.510009765625,1618.6099853515625,1592.9599609375,11006545.0,1018.6078491210938
2009-10-01,1606.489990234375,1530.93994140625,1590.1700439453125,1532.3399658203125,12898382.0,979.8446655273438
2009-10-02,1541.6700439453125,1476.8499755859375,1523.02001953125,1517.4200439453125,15928755.0,970.3041381835938
2009-10-05,1549.5999755859375,1523.949951171875,1538.8699951171875,1547.260009765625,10388321.0,989.3851318359375
2009-10-06,1622.81005859375,1559.3900146484375,1565.9200439453125,1618.6099853515625,11847417.0,1035.009521484375
2009-10-07,1647.06005859375,1614.8800048828125,1623.739990234375,1622.81005859375,12745065.0,1037.695068359375
2009-10-08,1670.8399658203125,1637.72998046875,1669.43994140625,1657.780029296875,10800930.0,1060.0567626953125
2009-10-09,1663.3800048828125,1626.5400390625,1648.9200439453125,1650.7900390625,8938989.0,1055.5867919921875
2009-10-12,1676.9000244140625,1639.1300048828125,1650.3199462890625,1665.239990234375,8998042.0,1064.82666015625
2009-10-13,1686.68994140625,1639.1300048828125,1678.77001953125,1646.1199951171875,9256652.0,1052.6004638671875
2009-10-14,1720.27001953125,1679.699951171875,1687.1600341796875,1717.469970703125,14991679.0,1098.2247314453125
2009-10-15,1727.72998046875,1669.9100341796875,1723.5400390625,1689.489990234375,10835884.0,1080.333251953125
2009-10-16,1711.4100341796875,1665.7099609375,1708.1500244140625,1682.9599609375,9979878.0,1076.15771484375
2009-10-19,1725.4000244140625,1694.6199951171875,1706.75,1723.0699462890625,6098339.0,1101.8055419921875
2009-10-20,1748.719970703125,1699.75,1734.72998046875,1703.02001953125,7858886.0,1088.984619140625
2009-10-21,1715.1400146484375,1661.510009765625,1707.6800537109375,1702.0799560546875,12002710.0,1088.3839111328125
2009-10-22,1687.6300048828125,1651.719970703125,1669.43994140625,1675.0400390625,9922502.0,1071.09326171875
2009-10-23,1731.0,1691.3599853515625,1700.219970703125,1708.6099853515625,10459792.0,1092.559326171875
2009-10-26,1741.260009765625,1672.239990234375,1715.1400146484375,1683.4300537109375,9002034.0,1076.458251953125
2009-10-27,1690.4300537109375,1646.5899658203125,1675.0400390625,1661.97998046875,11600734.0,1062.7420654296875
2009-10-28,1643.7900390625,1557.06005859375,1641.0,1561.25,16937028.0,998.3310546875
2009-10-29,1609.75,1546.3299560546875,1549.1300048828125,1604.1600341796875,16980982.0,1025.7694091796875
2009-10-30,1618.6099853515625,1521.6199951171875,1604.1600341796875,1532.81005859375,16842112.0,980.1453247070312
2009-11-02,1584.0999755859375,1532.3399658203125,1537.010009765625,1576.1800537109375,10658265.0,1007.8778686523438
2009-11-03,1549.5999755859375,1509.489990234375,1548.199951171875,1539.3399658203125,11506882.0,984.32080078125
2009-11-04,1594.8299560546875,1539.800048828125,1552.3900146484375,1590.1700439453125,13986989.0,1016.823486328125
2009-11-05,1594.3599853515625,1533.280029296875,1548.199951171875,1585.5,10668648.0,1013.8374633789062
2009-11-06,1605.56005859375,1549.5999755859375,1586.9000244140625,1588.77001953125,11290722.0,1015.9283447265625
2009-11-09,1659.1800537109375,1617.6800537109375,1640.06005859375,1655.9200439453125,6272634.0,1058.8670654296875
2009-11-10,1673.6400146484375,1634.469970703125,1662.449951171875,1650.7900390625,12100272.0,1055.5867919921875
2009-11-11,1724.9300537109375,1685.300048828125,1689.030029296875,1694.1600341796875,14385378.0,1083.319580078125
2009-11-12,1710.47998046875,1670.3699951171875,1695.56005859375,1678.300048828125,10299170.0,1073.177734375
2009-11-13,1698.3499755859375,1661.510009765625,1664.780029296875,1695.56005859375,6249378.0,1084.214599609375
2009-11-16,1746.3900146484375,1715.1400146484375,1737.06005859375,1740.3199462890625,10294477.0,1112.8358154296875
2009-11-17,1745.9200439453125,1717.010009765625,1734.72998046875,1724.469970703125,9407430.0,1102.700927734375
2009-11-18,1769.22998046875,1736.5899658203125,1738.4599609375,1751.97998046875,10095869.0,1120.291748046875
2009-11-19,1745.9200439453125,1696.949951171875,1743.5899658203125,1703.47998046875,8809234.0,1089.2789306640625
2009-11-20,1728.6600341796875,1683.4300537109375,1707.2099609375,1685.760009765625,10420662.0,1077.9481201171875
2009-11-23,1763.1700439453125,1723.0699462890625,1725.4000244140625,1744.52001953125,7066485.0,1115.521484375
2009-11-24,1764.5699462890625,1714.6800537109375,1720.739990234375,1732.4000244140625,7397549.0,1107.7718505859375
2009-11-25,1790.68994140625,1761.77001953125,1762.7099609375,1786.02001953125,9230346.0,1142.0584716796875
2009-11-26,1784.1600341796875,1709.0799560546875,1784.1600341796875,1710.93994140625,9026071.0,1094.0494384765625
2009-11-27,1754.31005859375,1670.8399658203125,1675.0400390625,1738.4599609375,10670680.0,1111.64697265625
2009-11-30,1786.02001953125,1729.1300048828125,1786.02001953125,1732.4000244140625,8756532.0,1107.7718505859375
2009-12-01,1793.47998046875,1760.8399658203125,1760.8399658203125,1793.47998046875,8730372.0,1146.828857421875
2009-12-02,1823.3299560546875,1790.68994140625,1795.3499755859375,1811.199951171875,10064662.0,1158.1597900390625
2009-12-03,1836.3900146484375,1794.8800048828125,1831.719970703125,1801.4100341796875,9756001.0,1151.89990234375
2009-12-04,1830.3199462890625,1761.77001953125,1787.8900146484375,1763.1700439453125,11831219.0,1127.447265625
2009-12-07,1785.56005859375,1741.260009765625,1754.31005859375,1781.8199462890625,8742259.0,1139.373046875
2009-12-08,1777.6300048828125,1729.5999755859375,1762.7099609375,1731.4599609375,9807929.0,1107.17041015625
2009-12-09,1738.9200439453125,1705.81005859375,1732.4000244140625,1725.8699951171875,14104643.0,1103.59619140625
2009-12-10,1737.989990234375,1708.6099853515625,1712.81005859375,1725.4000244140625,9161106.0,1103.29541015625
2009-12-11,1774.8299560546875,1740.7900390625,1741.260009765625,1748.719970703125,8669977.0,1118.207275390625
2009-12-14,1779.030029296875,1759.9100341796875,1771.0999755859375,1777.6300048828125,7396735.0,1136.6937255859375
2009-12-15,1796.75,1755.7099609375,1790.68994140625,1773.4300537109375,8570206.0,1134.00830078125
2009-12-16,1778.56005859375,1751.510009765625,1758.0400390625,1774.3599853515625,6286715.0,1134.602783203125
2009-12-17,1772.030029296875,1737.530029296875,1757.5799560546875,1737.530029296875,7502505.0,1111.0517578125
2009-12-18,1781.8199462890625,1734.260009765625,1737.989990234375,1756.1800537109375,18324710.0,1122.9776611328125
2009-12-21,1791.6199951171875,1744.52001953125,1757.5799560546875,1780.4300537109375,5087275.0,1138.484375
2009-12-22,1800.010009765625,1771.0999755859375,1785.56005859375,1776.699951171875,4043589.0,1136.0989990234375
2009-12-23,1814.0,1785.56005859375,1794.4200439453125,1814.0,4270062.0,1159.95068359375
2009-12-29,1888.1500244140625,1847.1099853515625,1847.5799560546875,1876.9599609375,7355788.0,1200.209716796875
2009-12-30,1880.68994140625,1849.9100341796875,1868.0899658203125,1860.1700439453125,3221932.0,1189.4735107421875
2010-01-04,1924.989990234375,1865.760009765625,1869.030029296875,1924.989990234375,6294438.0,1230.9219970703125
2010-01-05,1944.1099853515625,1907.27001953125,1924.050048828125,1939.9100341796875,8177394.0,1240.46240234375
2010-01-06,1962.2900390625,1916.5899658203125,1947.8399658203125,1958.56005859375,7769920.0,1252.3880615234375
2010-01-07,1960.4300537109375,1929.6500244140625,1949.239990234375,1950.1700439453125,7533024.0,1247.0234375
2010-01-08,1973.949951171875,1924.050048828125,1952.030029296875,1973.02001953125,6608582.0,1261.634521484375
2010-01-11,2025.25,1954.3599853515625,2005.18994140625,1962.760009765625,8344240.0,1255.0740966796875
2010-01-12,1972.0899658203125,1883.949951171875,1954.3599853515625,1917.530029296875,10257422.0,1226.15185546875
2010-01-13,1950.6400146484375,1889.550048828125,1913.800048828125,1904.93994140625,9855816.0,1218.10107421875
2010-01-14,1967.4200439453125,1921.719970703125,1958.56005859375,1926.8499755859375,10089526.0,1232.1112060546875
2010-01-15,1951.0999755859375,1893.280029296875,1926.8499755859375,1906.800048828125,11249888.0,1219.2908935546875
2010-01-18,1944.1099853515625,1913.3299560546875,1920.7900390625,1934.780029296875,5012374.0,1237.1820068359375
2010-01-19,1951.5699462890625,1909.1300048828125,1925.449951171875,1939.9100341796875,8638812.0,1240.46240234375
2010-01-20,1921.260009765625,1855.969970703125,1921.260009765625,1869.9599609375,12837075.0,1195.7333984375
2010-01-21,1900.739990234375,1804.2099609375,1884.4200439453125,1811.6700439453125,16870362.0,1158.46044921875
2010-01-22,1834.050048828125,1772.5,1816.3299560546875,1804.2099609375,15892452.0,1153.6905517578125
2010-01-25,1834.050048828125,1775.300048828125,1786.489990234375,1785.56005859375,12091669.0,1141.7645263671875
2010-01-26,1774.8299560546875,1737.530029296875,1758.0400390625,1768.300048828125,13373901.0,1130.727783203125
2010-01-27,1777.1600341796875,1724.469970703125,1741.260009765625,1760.8399658203125,13456356.0,1125.9573974609375
2010-01-28,1796.280029296875,1718.4100341796875,1781.3599853515625,1718.4100341796875,11632801.0,1098.8258056640625
2010-01-29,1768.77001953125,1716.0699462890625,1720.739990234375,1740.3199462890625,11070584.0,1112.8358154296875
2010-02-01,1772.5,1714.2099609375,1714.2099609375,1768.300048828125,9814715.0,1130.727783203125
2010-02-02,1823.3299560546875,1768.77001953125,1800.010009765625,1815.8699951171875,13295805.0,1161.145751953125
2010-02-03,1838.719970703125,1790.68994140625,1836.3900146484375,1801.4100341796875,8179535.0,1151.89990234375
2010-02-04,1793.47998046875,1717.469970703125,1776.699951171875,1728.6600341796875,13675981.0,1105.3798828125
2010-02-05,1720.739990234375,1678.77001953125,1714.2099609375,1701.6199951171875,14306138.0,1088.089599609375
2010-02-08,1753.8499755859375,1695.56005859375,1725.4000244140625,1731.9300537109375,10856919.0,1107.47119140625
2010-02-09,1774.3599853515625,1740.7900390625,1753.3800048828125,1758.510009765625,9645452.0,1124.467529296875
2010-02-10,1785.0899658203125,1717.469970703125,1747.780029296875,1731.4599609375,16904154.0,1107.17041015625
2010-02-11,1798.1500244140625,1742.6500244140625,1776.699951171875,1773.4300537109375,16417725.0,1134.00830078125
2010-02-12,1810.739990234375,1739.3900146484375,1792.550048828125,1770.1700439453125,15538327.0,1131.9234619140625
2010-02-15,1807.93994140625,1781.3599853515625,1790.68994140625,1784.6199951171875,6491341.0,1141.1634521484375
2010-02-16,1848.510009765625,1800.010009765625,1818.6700439453125,1840.5799560546875,9827316.0,1176.946533203125
2010-02-17,1874.6199951171875,1843.8499755859375,1855.510009765625,1844.780029296875,11391800.0,1179.6324462890625
2010-02-18,1884.8800048828125,1818.6700439453125,1826.1300048828125,1880.219970703125,9517174.0,1202.2939453125
2010-02-19,1897.010009765625,1844.780029296875,1849.9100341796875,1892.3399658203125,13107375.0,1210.0440673828125
2010-02-22,1921.260009765625,1881.6199951171875,1911.9300537109375,1888.1500244140625,7218661.0,1207.3648681640625
2010-02-23,1929.6500244140625,1854.5699462890625,1900.739990234375,1865.300048828125,10221738.0,1192.753662109375
2010-02-24,1875.0899658203125,1831.719970703125,1852.239990234375,1868.56005859375,10524525.0,1194.8385009765625
2010-02-25,1875.56005859375,1807.93994140625,1848.510009765625,1828.9200439453125,10778429.0,1169.4908447265625
2010-02-26,1878.8199462890625,1841.050048828125,1863.4300537109375,1871.8299560546875,12757581.0,1196.92919921875
2010-03-01,1937.5799560546875,1903.5400390625,1917.530029296875,1932.449951171875,10601286.0,1235.6922607421875
2010-03-02,1979.550048828125,1923.1199951171875,1938.97998046875,1974.4200439453125,9478500.0,1262.52978515625
2010-03-03,2009.8599853515625,1940.3800048828125,1958.56005859375,2004.260009765625,11719047.0,1300.0003662109375
2010-03-04,2007.06005859375,1967.8900146484375,1978.1500244140625,1983.280029296875,9707819.0,1286.3924560546875
2010-03-05,2063.489990234375,1995.8699951171875,2001.4599609375,2058.360107421875,16309189.0,1335.0906982421875
2010-03-08,2097.989990234375,2067.679931640625,2089.1298828125,2082.60009765625,11679597.0,1350.8134765625
2010-03-09,2080.27001953125,2032.7099609375,2069.550048828125,2072.81005859375,11382475.0,1344.46337890625
2010-03-10,2097.06005859375,2056.02001953125,2063.489990234375,2096.1298828125,7278543.0,1359.589111328125
2010-03-11,2079.340087890625,2033.6400146484375,2070.47998046875,2051.830078125,11016147.0,1330.8551025390625
2010-03-12,2067.219970703125,2030.8399658203125,2061.14990234375,2049.9599609375,9093864.0,1329.642333984375
2010-03-15,2051.830078125,2010.7900390625,2035.510009765625,2019.6500244140625,6061481.0,1309.9827880859375
2010-03-16,2053.22998046875,2023.8499755859375,2030.3800048828125,2038.300048828125,7710728.0,1322.07958984375
2010-03-17,2079.340087890625,2040.1700439453125,2056.489990234375,2070.47998046875,9875543.0,1342.951904296875
2010-03-18,2084.93994140625,2049.030029296875,2049.9599609375,2057.889892578125,10221544.0,1334.7857666015625
2010-03-19,2079.81005859375,2023.3800048828125,2059.75,2037.8399658203125,14723175.0,1321.7808837890625
2010-03-22,2053.22998046875,2003.800048828125,2031.31005859375,2053.22998046875,7681734.0,1331.763427734375
2010-03-23,2102.18994140625,2061.14990234375,2068.610107421875,2085.8701171875,9195882.0,1352.9342041015625
2010-03-24,2113.3798828125,2049.5,2091.0,2083.5400390625,7537768.0,1351.4228515625
2010-03-25,2102.18994140625,2075.139892578125,2084.469970703125,2097.06005859375,6126365.0,1360.1923828125
2010-03-26,2106.85009765625,2077.010009765625,2086.330078125,2086.330078125,6504469.0,1353.2327880859375
2010-03-29,2127.840087890625,2092.860107421875,2092.860107421875,2114.780029296875,6859720.0,1371.685791015625
2010-03-30,2182.39990234375,2107.7900390625,2161.8798828125,2115.7099609375,8632816.0,1372.2890625
2010-03-31,2124.570068359375,2088.199951171875,2100.7900390625,2107.7900390625,9473180.0,1367.1519775390625
2010-04-01,2159.080078125,2111.97998046875,2116.179931640625,2146.02001953125,7574944.0,1391.9488525390625
2010-04-06,2187.989990234375,2149.75,2155.820068359375,2177.27001953125,5931348.0,1412.2178955078125
2010-04-07,2177.739990234375,2114.780029296875,2168.8798828125,2121.780029296875,8333242.0,1376.2259521484375
2010-04-08,2107.320068359375,2074.2099609375,2100.7900390625,2100.7900390625,7676210.0,1362.611572265625
2010-04-09,2137.169921875,2113.85009765625,2113.85009765625,2132.969970703125,5276085.0,1383.484130859375
2010-04-12,2159.080078125,2101.719970703125,2159.080078125,2117.580078125,4885272.0,1373.5020751953125
2010-04-13,2119.909912109375,2082.139892578125,2098.929931640625,2092.39990234375,7458365.0,1357.169677734375
2010-04-14,2134.3701171875,2103.1201171875,2113.3798828125,2132.030029296875,6937059.0,1382.8746337890625
2010-04-15,2126.909912109375,2089.1298828125,2121.780029296875,2113.85009765625,6371265.0,1371.082763671875
2010-04-16,2110.1201171875,2037.8399658203125,2097.989990234375,2048.10009765625,12502276.0,1328.4361572265625
2010-04-19,2053.68994140625,2007.06005859375,2031.780029296875,2016.3900146484375,8560181.0,1307.868408203125
2010-04-20,2054.6201171875,2021.52001953125,2044.3699951171875,2033.1700439453125,7838889.0,1318.7520751953125
2010-04-21,2033.1700439453125,1975.3499755859375,2017.7900390625,1975.3499755859375,10684381.0,1281.248779296875
2010-04-22,2000.530029296875,1940.3800048828125,1978.1500244140625,1956.699951171875,11941276.0,1269.1522216796875
2010-04-23,1989.3399658203125,1949.239990234375,1970.219970703125,1966.9599609375,7865071.0,1275.8067626953125
2010-04-26,2014.52001953125,1980.010009765625,2001.9300537109375,2006.1300048828125,9110945.0,1301.21337890625
2010-04-27,1997.72998046875,1922.18994140625,1986.5400390625,1922.18994140625,11069777.0,1246.76806640625
2010-04-28,1953.4300537109375,1891.4100341796875,1921.260009765625,1919.8599853515625,18456752.0,1245.257080078125
2010-04-29,1959.489990234375,1912.8599853515625,1935.7099609375,1948.77001953125,9912648.0,1264.0087890625
2010-04-30,1976.75,1873.219970703125,1948.300048828125,1889.0799560546875,17445095.0,1225.2926025390625
2010-05-04,1837.780029296875,1734.260009765625,1820.06005859375,1739.3900146484375,30816208.0,1128.2010498046875
2010-05-05,1793.47998046875,1735.18994140625,1778.0899658203125,1758.97998046875,20378635.0,1140.907470703125
2010-05-06,1804.2099609375,1725.8699951171875,1728.199951171875,1746.3900146484375,14742226.0,1132.7410888671875
2010-05-07,1822.4000244140625,1692.760009765625,1725.4000244140625,1738.9200439453125,27973667.0,1127.89599609375
2010-05-10,1862.969970703125,1825.6600341796875,1851.31005859375,1849.43994140625,18238818.0,1199.581298828125
2010-05-11,1821.9300537109375,1779.489990234375,1814.0,1817.27001953125,12584222.0,1178.715087890625
2010-05-12,1822.4000244140625,1779.489990234375,1804.2099609375,1813.0699462890625,14641857.0,1175.9910888671875
2010-05-13,1876.9599609375,1837.3199462890625,1841.050048828125,1870.4300537109375,10500539.0,1213.1959228515625
2010-05-14,1862.5,1774.3599853515625,1862.5,1785.56005859375,12867570.0,1158.147705078125
2010-05-17,1814.93994140625,1751.510009765625,1765.5,1767.8399658203125,10452109.0,1146.654052734375
2010-05-18,1823.800048828125,1782.760009765625,1788.8199462890625,1802.3399658203125,11181872.0,1169.03125
2010-05-19,1760.3800048828125,1699.2900390625,1753.3800048828125,1704.8800048828125,15633098.0,1105.817138671875
2010-05-20,1718.8699951171875,1605.56005859375,1684.3599853515625,1649.3900146484375,21268446.0,1069.8253173828125
2010-05-21,1703.02001953125,1641.4599609375,1654.52001953125,1695.0899658203125,20049643.0,1099.467041015625
2010-05-24,1722.5999755859375,1665.239990234375,1711.4100341796875,1691.3599853515625,10339003.0,1097.0474853515625
2010-05-25,1661.050048828125,1607.4200439453125,1625.6099853515625,1644.72998046875,14000870.0,1066.8023681640625
2010-05-26,1765.0400390625,1677.8299560546875,1678.300048828125,1732.4000244140625,16047551.0,1123.6671142578125
2010-05-27,1812.5999755859375,1758.0400390625,1758.0400390625,1807.93994140625,13795112.0,1172.6636962890625
2010-05-28,1835.9200439453125,1774.8299560546875,1817.72998046875,1784.1600341796875,12015651.0,1157.239501953125
2010-06-01,1772.030029296875,1715.6099853515625,1772.030029296875,1748.25,13055342.0,1133.9476318359375
2010-06-02,1735.18994140625,1693.68994140625,1702.0799560546875,1731.0,9317217.0,1122.759033203125
2010-06-03,1776.699951171875,1713.280029296875,1758.97998046875,1715.6099853515625,10764907.0,1112.7767333984375
2010-06-04,1721.6700439453125,1628.8699951171875,1706.75,1651.719970703125,17711464.0,1071.3363037109375
2010-06-07,1643.7900390625,1602.760009765625,1617.2099609375,1618.1500244140625,11465266.0,1049.5623779296875
2010-06-08,1656.8499755859375,1600.4300537109375,1643.7900390625,1648.9200439453125,13661616.0,1069.5203857421875
2010-06-09,1697.4200439453125,1649.8599853515625,1670.8399658203125,1695.0899658203125,10325838.0,1099.467041015625
2010-06-10,1766.9000244140625,1679.699951171875,1685.760009765625,1749.1800537109375,14157136.0,1134.5506591796875
2010-06-11,1779.030029296875,1721.199951171875,1758.0400390625,1744.989990234375,12677779.0,1131.8331298828125
2010-06-14,1800.47998046875,1768.300048828125,1772.030029296875,1791.6199951171875,7557775.0,1162.0784912109375
2010-06-15,1799.0799560546875,1754.31005859375,1757.5799560546875,1789.75,7507373.0,1160.865234375
2010-06-16,1816.800048828125,1773.9000244140625,1812.1400146484375,1800.010009765625,7851185.0,1167.520263671875
2010-06-17,1817.72998046875,1778.0899658203125,1789.75,1791.1500244140625,8426144.0,1161.7734375
2010-06-18,1822.4000244140625,1792.550048828125,1800.47998046875,1809.3399658203125,15488758.0,1173.5716552734375
2010-06-21,1901.6700439453125,1866.22998046875,1871.8299560546875,1894.6800537109375,10537927.0,1228.9248046875
2010-06-22,1872.2900390625,1838.719970703125,1854.1099853515625,1854.1099853515625,7800620.0,1202.6104736328125
2010-06-23,1874.6199951171875,1808.4100341796875,1817.27001953125,1819.5999755859375,12584307.0,1180.2265625
2010-06-24,1855.969970703125,1778.56005859375,1841.97998046875,1790.68994140625,8738726.0,1161.4747314453125
2010-06-25,1795.81005859375,1732.8599853515625,1780.8900146484375,1741.260009765625,7874616.0,1129.413818359375
2010-06-28,1770.1700439453125,1729.1300048828125,1757.5799560546875,1754.780029296875,6806516.0,1138.1829833984375
2010-06-29,1717.469970703125,1649.8599853515625,1716.0699462890625,1652.6500244140625,11709278.0,1071.939697265625
2010-06-30,1676.43994140625,1609.75,1661.050048828125,1636.3299560546875,16117739.0,1061.354248046875
2010-07-01,1630.27001953125,1564.97998046875,1612.0799560546875,1580.3699951171875,13741381.0,1025.057373046875
2010-07-02,1630.739990234375,1592.5,1605.0899658203125,1606.949951171875,12548981.0,1042.2978515625
2010-07-05,1611.1500244140625,1569.6500244140625,1607.4200439453125,1571.050048828125,4594636.0,1019.0125122070312
2010-07-06,1658.25,1586.9000244140625,1590.1700439453125,1657.3199462890625,8750027.0,1074.968505859375
2010-07-07,1669.43994140625,1613.02001953125,1629.3399658203125,1668.510009765625,7471900.0,1082.2266845703125
2010-07-08,1723.5400390625,1684.8299560546875,1696.02001953125,1696.489990234375,7295535.0,1100.3753662109375
2010-07-09,1743.5899658203125,1706.280029296875,1724.9300537109375,1727.72998046875,6528584.0,1120.6380615234375
2010-07-12,1740.7900390625,1696.02001953125,1735.6600341796875,1702.0799560546875,5128518.0,1104.0008544921875
2010-07-13,1742.6500244140625,1683.9000244140625,1698.8199462890625,1731.0,6688059.0,1122.759033203125
2010-07-14,1753.8499755859375,1699.75,1742.6500244140625,1721.6700439453125,4961398.0,1116.70751953125
2010-07-15,1734.260009765625,1685.300048828125,1702.0799560546875,1701.6199951171875,11587839.0,1103.70263671875
2010-07-16,1751.97998046875,1681.5699462890625,1702.0799560546875,1689.489990234375,12470810.0,1095.83447265625
2010-07-19,1718.8699951171875,1667.1099853515625,1667.1099853515625,1694.1600341796875,6806928.0,1098.86376953125
2010-07-20,1750.1099853515625,1692.2900390625,1725.4000244140625,1745.9200439453125,11100724.0,1132.436279296875
2010-07-21,1808.4100341796875,1754.31005859375,1754.780029296875,1789.2900390625,10922403.0,1160.566650390625
2010-07-22,1842.9100341796875,1769.699951171875,1772.030029296875,1832.18994140625,9171962.0,1188.392578125
2010-07-23,1861.0999755859375,1814.469970703125,1829.3900146484375,1832.18994140625,8100983.0,1188.392578125
2010-07-26,1851.31005859375,1813.5400390625,1836.3900146484375,1835.9200439453125,10176420.0,1190.81201171875
2010-07-27,1878.8199462890625,1825.18994140625,1834.52001953125,1835.9200439453125,12040800.0,1190.81201171875
2010-07-28,1876.489990234375,1841.52001953125,1841.97998046875,1857.3699951171875,11464101.0,1204.724853515625
2010-07-29,1882.0799560546875,1841.52001953125,1858.77001953125,1844.31005859375,9247172.0,1196.2537841796875
2010-07-30,1840.5799560546875,1805.1400146484375,1827.06005859375,1820.06005859375,9717994.0,1180.5250244140625
2010-08-02,1899.3399658203125,1841.52001953125,1853.6400146484375,1897.469970703125,9991625.0,1230.734619140625
2010-08-03,1889.0799560546875,1862.030029296875,1874.6199951171875,1883.47998046875,6870811.0,1221.6600341796875
2010-08-04,1882.0799560546875,1845.7099609375,1865.300048828125,1873.68994140625,7035339.0,1215.3104248046875
2010-08-05,1909.1300048828125,1865.760009765625,1881.6199951171875,1888.6099853515625,8484785.0,1224.9876708984375
2010-08-06,1939.43994140625,1867.1600341796875,1895.6099853515625,1885.8199462890625,10699675.0,1223.1778564453125
2010-08-09,1937.1099853515625,1888.1500244140625,1909.1300048828125,1901.199951171875,4979071.0,1233.1536865234375
2010-08-10,1883.47998046875,1843.3800048828125,1879.2900390625,1857.3699951171875,6392458.0,1204.724853515625
2010-08-11,1830.7900390625,1789.75,1825.6600341796875,1795.3499755859375,9026965.0,1164.49755859375
2010-08-12,1813.5400390625,1770.6300048828125,1788.8199462890625,1809.3399658203125,6898523.0,1173.5716552734375
2010-08-13,1858.300048828125,1803.280029296875,1839.6500244140625,1812.1400146484375,9376569.0,1175.3878173828125
2010-08-16,1838.719970703125,1802.3399658203125,1809.3399658203125,1830.3199462890625,5962283.0,1187.1796875
2010-08-17,1866.22998046875,1772.030029296875,1845.25,1786.949951171875,28758171.0,1159.049072265625
2010-08-18,1782.2900390625,1725.4000244140625,1756.1800537109375,1725.4000244140625,22268348.0,1119.1268310546875
2010-08-19,1752.9100341796875,1688.0899658203125,1733.3299560546875,1688.0899658203125,14419933.0,1094.9267578125
2010-08-20,1717.93994140625,1677.8299560546875,1691.8199462890625,1698.3499755859375,11004809.0,1101.5814208984375
2010-08-23,1736.1300048828125,1697.4200439453125,1720.27001953125,1706.75,6332965.0,1107.0299072265625
2010-08-24,1700.219970703125,1655.9200439453125,1684.8299560546875,1681.5699462890625,8091217.0,1090.6976318359375
2010-08-25,1704.4200439453125,1633.0699462890625,1686.68994140625,1647.989990234375,9721137.0,1068.9171142578125
2010-08-26,1690.8900146484375,1656.8499755859375,1673.6400146484375,1681.0999755859375,9964738.0,1090.392822265625
2010-08-27,1687.6300048828125,1640.06005859375,1676.43994140625,1676.9000244140625,9384816.0,1087.66845703125
2010-08-31,1709.550048828125,1632.1400146484375,1657.780029296875,1708.1500244140625,9180437.0,1107.9378662109375
2010-09-01,1780.4300537109375,1713.739990234375,1728.6600341796875,1774.8299560546875,11702259.0,1151.18798828125
2010-09-02,1791.6199951171875,1757.1099853515625,1768.77001953125,1772.9599609375,9247724.0,1149.974853515625
2010-09-03,1821.0,1772.030029296875,1781.3599853515625,1805.6099853515625,9214857.0,1171.1524658203125
2010-09-06,1828.9200439453125,1781.8199462890625,1820.06005859375,1790.68994140625,5001932.0,1161.4747314453125
2010-09-07,1794.4200439453125,1754.780029296875,1788.3499755859375,1765.0400390625,10707443.0,1144.8382568359375
2010-09-08,1770.1700439453125,1726.800048828125,1740.3199462890625,1762.7099609375,7352261.0,1162.5352783203125
2010-09-09,1810.739990234375,1758.510009765625,1763.1700439453125,1796.280029296875,8928122.0,1184.67529296875
2010-09-10,1797.6800537109375,1772.9599609375,1793.47998046875,1792.0799560546875,5083178.0,1181.9051513671875
2010-09-13,1839.6500244140625,1813.0699462890625,1818.6700439453125,1837.3199462890625,5963791.0,1211.74169921875
2010-09-14,1857.3699951171875,1828.4599609375,1842.449951171875,1847.5799560546875,6952630.0,1218.5086669921875
2010-09-15,1858.77001953125,1827.530029296875,1857.3699951171875,1830.7900390625,8655121.0,1207.4354248046875
2010-09-16,1838.719970703125,1799.550048828125,1809.81005859375,1831.260009765625,6056543.0,1207.7451171875
2010-09-17,1856.9000244140625,1805.6099853515625,1845.7099609375,1809.3399658203125,14163709.0,1193.28857421875
2010-09-20,1848.97998046875,1815.8699951171875,1815.8699951171875,1846.6500244140625,5753821.0,1217.8948974609375
2010-09-21,1855.969970703125,1827.06005859375,1833.1199951171875,1827.06005859375,5682579.0,1204.97509765625
2010-09-22,1883.949951171875,1830.3199462890625,1843.8499755859375,1865.300048828125,9816414.0,1230.1951904296875
2010-09-23,1879.75,1825.18994140625,1860.1700439453125,1865.300048828125,7905110.0,1230.1951904296875
2010-09-24,1890.010009765625,1841.050048828125,1846.1800537109375,1874.1600341796875,7643419.0,1236.0384521484375
2010-09-27,1897.93994140625,1865.300048828125,1887.6800537109375,1874.6199951171875,4810954.0,1236.3416748046875
2010-09-28,1896.5400390625,1844.31005859375,1857.8399658203125,1893.280029296875,7828798.0,1248.6480712890625
2010-09-29,1908.6700439453125,1873.68994140625,1894.2099609375,1885.8199462890625,6500074.0,1243.7281494140625
2010-09-30,1927.7900390625,1862.5,1865.300048828125,1888.6099853515625,12598597.0,1245.568359375
2010-10-01,1929.1800537109375,1899.81005859375,1901.199951171875,1919.3900146484375,7674130.0,1265.8681640625
2010-10-04,1930.5799560546875,1887.6800537109375,1921.260009765625,1890.010009765625,7029184.0,1246.4918212890625
2010-10-05,1937.1099853515625,1874.6199951171875,1880.219970703125,1934.780029296875,8269410.0,1276.0179443359375
2010-10-06,1995.8699951171875,1945.510009765625,1945.510009765625,1993.5400390625,10030755.0,1314.771484375
2010-10-07,2031.31005859375,1971.6199951171875,1993.5400390625,1979.550048828125,10665350.0,1305.5445556640625
2010-10-08,2024.31005859375,1964.6199951171875,1983.739990234375,2014.989990234375,9459444.0,1328.91796875
2010-10-11,2032.239990234375,1997.72998046875,2016.8499755859375,2004.260009765625,4738217.0,1321.84130859375
2010-10-12,1994.0,1950.6400146484375,1973.47998046875,1984.2099609375,5513790.0,1308.6181640625
2010-10-13,2070.47998046875,2002.8599853515625,2007.06005859375,2066.75,9643765.0,1363.054443359375
2010-10-14,2088.669921875,2046.22998046875,2068.14990234375,2065.820068359375,10016818.0,1362.441162109375
2010-10-15,2076.080078125,2019.18994140625,2060.68994140625,2051.360107421875,7839772.0,1352.90478515625
2010-10-18,2040.6400146484375,2000.06005859375,2014.989990234375,2038.300048828125,4678736.0,1344.2913818359375
2010-10-19,2061.6201171875,1986.0799560546875,2024.31005859375,1994.93994140625,10893531.0,1315.6947021484375
2010-10-20,2050.89990234375,1985.1400146484375,1985.1400146484375,2044.8299560546875,6396444.0,1348.597900390625
2010-10-21,2096.590087890625,2030.3800048828125,2033.1700439453125,2063.02001953125,8952081.0,1360.594482421875
2010-10-22,2062.550048828125,2036.43994140625,2051.830078125,2050.89990234375,6484801.0,1352.6011962890625
2010-10-25,2115.7099609375,2084.469970703125,2093.800048828125,2100.7900390625,5904267.0,1385.5045166015625
2010-10-26,2092.39990234375,2045.300048828125,2084.469970703125,2048.56005859375,8152281.0,1351.0579833984375
2010-10-27,2036.9100341796875,2001.4599609375,2021.97998046875,2017.7900390625,6825773.0,1330.7645263671875
2010-10-28,2078.8701171875,2040.1700439453125,2056.489990234375,2071.409912109375,8254102.0,1366.1278076171875
2010-10-29,2077.47998046875,2033.6400146484375,2058.820068359375,2064.419921875,7628017.0,1361.5177001953125
2010-11-01,2103.1201171875,2071.8798828125,2097.989990234375,2084.469970703125,6801762.0,1374.7410888671875
2010-11-02,2131.10009765625,2082.60009765625,2082.60009765625,2123.639892578125,6040874.0,1400.57421875
2010-11-03,2137.169921875,2104.989990234375,2137.169921875,2126.43994140625,10637896.0,1402.4210205078125
2010-11-04,2268.199951171875,2203.85009765625,2212.239990234375,2266.340087890625,18643035.0,1494.6873779296875
2010-11-05,2299.909912109375,2242.090087890625,2292.919921875,2284.989990234375,10752883.0,1506.9873046875
2010-11-08,2284.06005859375,2244.889892578125,2283.1201171875,2266.800048828125,4960056.0,1494.9910888671875
2010-11-09,2321.360107421875,2250.949951171875,2264.469970703125,2302.7099609375,8316832.0,1518.673828125
2010-11-10,2274.72998046875,2225.77001953125,2273.330078125,2247.679931640625,8563352.0,1482.380615234375
2010-11-11,2331.6201171875,2232.2900390625,2284.989990234375,2250.47998046875,8316001.0,1484.2275390625
2010-11-12,2231.830078125,2154.889892578125,2187.989990234375,2203.3798828125,9310926.0,1453.1641845703125
2010-11-15,2253.75,2174.93994140625,2182.39990234375,2243.949951171875,10087161.0,1479.9205322265625
2010-11-16,2223.89990234375,2157.219970703125,2216.909912109375,2161.8798828125,11625328.0,1425.794189453125
2010-11-17,2185.199951171875,2136.699951171875,2153.489990234375,2178.199951171875,8059429.0,1436.5576171875
2010-11-18,2215.510009765625,2185.199951171875,2201.050048828125,2205.7099609375,9155914.0,1454.700927734375
2010-11-19,2205.7099609375,2142.2900390625,2200.1201171875,2175.39990234375,9210302.0,1434.7110595703125
2010-11-22,2208.050048828125,2147.889892578125,2206.179931640625,2163.280029296875,5635680.0,1426.7174072265625
2010-11-23,2148.820068359375,2107.7900390625,2131.10009765625,2115.25,7209277.0,1395.0411376953125
2010-11-24,2160.47998046875,2104.52001953125,2133.89990234375,2153.02001953125,8144952.0,1419.950927734375
2010-11-25,2199.64990234375,2145.090087890625,2154.889892578125,2194.52001953125,3454083.0,1447.321044921875
2010-11-26,2176.340087890625,2114.780029296875,2156.280029296875,2159.080078125,5855523.0,1423.9478759765625
2010-11-29,2192.659912109375,2112.919921875,2170.27001953125,2112.919921875,7049160.0,1393.5045166015625
2010-11-30,2147.419921875,2101.719970703125,2140.429931640625,2131.10009765625,9895932.0,1405.49462890625
2010-12-01,2212.239990234375,2140.89990234375,2144.6298828125,2203.85009765625,7993706.0,1453.47412109375
2010-12-02,2291.97998046875,2215.510009765625,2231.830078125,2284.989990234375,6550233.0,1506.9873046875
2010-12-03,2298.050048828125,2247.219970703125,2275.659912109375,2260.27001953125,6293739.0,1490.68408203125
2010-12-06,2288.25,2240.219970703125,2268.199951171875,2275.199951171875,5488056.0,1500.53076171875
2010-12-07,2362.39990234375,2275.199951171875,2275.659912109375,2313.89990234375,10233236.0,1526.0535888671875
2010-12-08,2320.429931640625,2257.93994140625,2278.4599609375,2264.469970703125,8328525.0,1493.4539794921875
2010-12-09,2312.969970703125,2277.530029296875,2294.780029296875,2302.7099609375,6527097.0,1518.673828125
2010-12-10,2314.3701171875,2275.199951171875,2295.25,2301.780029296875,5790471.0,1518.060791015625
2010-12-13,2354.0,2305.510009765625,2312.0400390625,2354.0,6463223.0,1552.5003662109375
2010-12-14,2350.27001953125,2319.5,2346.080078125,2350.27001953125,4456751.0,1550.04052734375
2010-12-15,2366.60009765625,2330.219970703125,2343.75,2354.469970703125,5408047.0,1552.810302734375
2010-12-16,2373.590087890625,2313.89990234375,2355.8701171875,2336.280029296875,7144423.0,1540.8138427734375
2010-12-17,2367.530029296875,2322.2900390625,2340.949951171875,2331.6201171875,9184938.0,1537.7406005859375
2010-12-20,2351.669921875,2321.830078125,2324.159912109375,2342.81005859375,2655197.0,1545.12060546875
2010-12-21,2409.9599609375,2365.659912109375,2366.1298828125,2409.9599609375,4886455.0,1589.4068603515625
2010-12-22,2433.75,2395.510009765625,2406.22998046875,2430.47998046875,3606646.0,1602.9404296875
2010-12-23,2452.8701171875,2409.5,2446.340087890625,2413.22998046875,5328521.0,1591.5634765625
2010-12-24,2434.2099609375,2405.300048828125,2413.22998046875,2434.2099609375,388298.0,1605.400390625
2010-12-29,2441.2099609375,2416.030029296875,2416.489990234375,2439.81005859375,2345535.0,1609.093505859375
2010-12-30,2468.719970703125,2435.14990234375,2435.610107421875,2437.93994140625,2377517.0,1607.860595703125
2010-12-31,2445.409912109375,2379.18994140625,2443.5400390625,2379.18994140625,1525633.0,1569.1136474609375
2011-01-04,2447.739990234375,2373.590087890625,2447.739990234375,2381.52001953125,6568403.0,1570.6502685546875
2011-01-05,2367.06005859375,2318.10009765625,2363.800048828125,2363.330078125,6793349.0,1558.65380859375
2011-01-06,2385.25,2334.419921875,2351.669921875,2347.47998046875,5873280.0,1548.2003173828125
2011-01-07,2341.419921875,2302.7099609375,2337.679931640625,2324.6298828125,4556176.0,1533.13037109375
2011-01-10,2315.300048828125,2283.1201171875,2308.31005859375,2307.3701171875,3835753.0,1521.747314453125
2011-01-11,2355.39990234375,2315.77001953125,2315.77001953125,2349.340087890625,6038066.0,1549.4271240234375
2011-01-12,2386.179931640625,2346.5400390625,2346.5400390625,2378.25,6084144.0,1568.49365234375
2011-01-13,2394.580078125,2338.14990234375,2393.639892578125,2352.610107421875,5186244.0,1551.583984375
2011-01-14,2355.39990234375,2291.97998046875,2350.27001953125,2311.10009765625,6939515.0,1524.207275390625
2011-01-17,2311.10009765625,2271.469970703125,2304.570068359375,2300.840087890625,4016201.0,1517.4407958984375
2011-01-18,2355.39990234375,2326.030029296875,2326.030029296875,2333.489990234375,7263877.0,1538.9739990234375
2011-01-19,2354.93994140625,2299.909912109375,2349.340087890625,2303.639892578125,8270935.0,1519.2872314453125
2011-01-20,2289.64990234375,2217.840087890625,2284.989990234375,2221.570068359375,11133677.0,1465.160888671875
2011-01-21,2262.610107421875,2215.969970703125,2234.6298828125,2231.830078125,6426651.0,1471.927490234375
2011-01-24,2280.7900390625,2221.10009765625,2248.6201171875,2268.669921875,7203247.0,1496.22412109375
2011-01-25,2288.25,2230.89990234375,2276.60009765625,2233.22998046875,7850274.0,1472.8507080078125
2011-01-26,2298.97998046875,2247.679931640625,2249.550048828125,2281.260009765625,6546557.0,1504.52734375
2011-01-27,2312.969970703125,2272.860107421875,2286.85009765625,2273.330078125,7125065.0,1499.2972412109375
2011-01-28,2249.550048828125,2210.3798828125,2239.2900390625,2218.77001953125,9849804.0,1463.314208984375
2011-01-31,2237.419921875,2195.4599609375,2219.699951171875,2219.699951171875,6899552.0,1463.927490234375
2011-02-01,2280.330078125,2243.949951171875,2251.8798828125,2266.340087890625,9208143.0,1494.6873779296875
2011-02-02,2349.81005859375,2290.1201171875,2298.510009765625,2344.2099609375,8111719.0,1546.0438232421875
2011-02-03,2359.139892578125,2316.22998046875,2354.0,2336.280029296875,6902503.0,1540.8138427734375
2011-02-04,2372.18994140625,2333.489990234375,2347.010009765625,2350.739990234375,8651464.0,1550.3504638671875
2011-02-07,2376.389892578125,2323.68994140625,2336.280029296875,2370.330078125,8288704.0,1563.2705078125
2011-02-08,2388.510009765625,2333.02001953125,2365.199951171875,2388.510009765625,9134631.0,1575.2601318359375
2011-02-09,2371.260009765625,2329.2900390625,2358.669921875,2339.080078125,7331271.0,1542.6607666015625
2011-02-10,2348.8798828125,2302.7099609375,2332.550048828125,2316.699951171875,11086494.0,1527.9002685546875
2011-02-11,2363.330078125,2281.72998046875,2308.31005859375,2354.93994140625,6087683.0,1553.120361328125
2011-02-14,2395.0400390625,2348.590087890625,2375.4599609375,2382.919921875,1933522.0,1571.57373046875
2011-02-15,2364.85009765625,2331.6201171875,2359.60009765625,2331.6201171875,7449158.0,1537.7406005859375
2011-02-16,2321.739990234375,2273.800048828125,2312.969970703125,2298.050048828125,10495300.0,1515.6007080078125
2011-02-17,2322.2900390625,2247.679931640625,2322.2900390625,2279.860107421875,7900273.0,1503.604248046875
2011-02-18,2303.7900390625,2213.179931640625,2299.909912109375,2229.9599609375,16116890.0,1470.6939697265625
2011-02-21,2263.260009765625,2212.239990234375,2238.360107421875,2214.570068359375,6528522.0,1460.544189453125
2011-02-22,2271.0,2178.669921875,2202.919921875,2250.47998046875,8969772.0,1484.2275390625
2011-02-23,2255.610107421875,2178.320068359375,2247.679931640625,2180.070068359375,17182190.0,1437.7906494140625
2011-02-24,2231.360107421875,2168.409912109375,2182.39990234375,2201.52001953125,12063691.0,1451.9375
2011-02-25,2279.860107421875,2210.3798828125,2235.090087890625,2268.669921875,11187517.0,1496.22412109375
2011-02-28,2298.97998046875,2178.669921875,2275.199951171875,2269.60009765625,11698946.0,1496.83740234375
2011-03-01,2303.639892578125,2243.02001953125,2303.179931640625,2264.0,6989275.0,1493.14404296875
2011-03-02,2285.919921875,2207.110107421875,2231.830078125,2267.27001953125,6758936.0,1495.30078125
2011-03-03,2325.090087890625,2269.1298828125,2287.7900390625,2316.699951171875,6245974.0,1527.9002685546875
2011-03-04,2352.610107421875,2306.43994140625,2326.489990234375,2323.68994140625,6350008.0,1532.51025390625
2011-03-07,2353.5400390625,2293.3798828125,2307.3701171875,2304.110107421875,7188630.0,1519.5970458984375
2011-03-08,2331.6201171875,2244.830078125,2318.56005859375,2278.4599609375,10029283.0,1502.6810302734375
2011-03-09,2263.5400390625,2210.840087890625,2263.5400390625,2222.5,6670319.0,1484.486083984375
2011-03-10,2175.8701171875,2136.699951171875,2175.8701171875,2145.090087890625,12651145.0,1432.7813720703125
2011-03-11,2166.5400390625,2109.64990234375,2118.97998046875,2160.47998046875,10339133.0,1443.060791015625
2011-03-14,2178.669921875,2122.7099609375,2139.5,2134.830078125,9680505.0,1425.9281005859375
2011-03-15,2142.2099609375,2018.25,2065.35009765625,2098.929931640625,15270951.0,1401.9493408203125
2011-03-16,2145.56005859375,2060.219970703125,2145.090087890625,2064.419921875,13658455.0,1378.898681640625
2011-03-17,2141.830078125,2083.070068359375,2091.929931640625,2127.3701171875,12769583.0,1420.9453125
2011-03-18,2186.590087890625,2129.239990234375,2140.429931640625,2149.2900390625,16130160.0,1435.586669921875
2011-03-21,2188.4599609375,2146.02001953125,2171.2099609375,2149.2900390625,5464711.0,1435.586669921875
2011-03-22,2182.39990234375,2111.52001953125,2159.080078125,2121.780029296875,7733915.0,1417.211669921875
2011-03-23,2174.469970703125,2118.97998046875,2118.97998046875,2168.409912109375,11505417.0,1448.3575439453125
2011-03-24,2204.31005859375,2166.080078125,2169.81005859375,2199.18994140625,8729687.0,1468.9166259765625
2011-03-25,2220.639892578125,2175.550048828125,2213.179931640625,2189.860107421875,9758515.0,1462.6845703125
2011-03-28,2214.110107421875,2186.1298828125,2190.330078125,2204.31005859375,6021136.0,1472.33642578125
2011-03-29,2252.81005859375,2206.64990234375,2214.570068359375,2251.8798828125,6787694.0,1504.110107421875
2011-03-30,2322.2900390625,2282.18994140625,2287.320068359375,2284.06005859375,8920221.0,1525.604248046875
2011-03-31,2326.9599609375,2294.320068359375,2313.43994140625,2294.320068359375,9055591.0,1532.4573974609375
2011-04-01,2342.81005859375,2296.179931640625,2317.6298828125,2342.81005859375,8229799.0,1564.84521484375
2011-04-04,2380.590087890625,2324.159912109375,2334.419921875,2361.469970703125,5182577.0,1577.3087158203125
2011-04-05,2369.2099609375,2331.159912109375,2359.60009765625,2356.800048828125,4558200.0,1574.1900634765625
2011-04-06,2380.1201171875,2357.27001953125,2371.72998046875,2366.1298828125,4759500.0,1580.42138671875
2011-04-07,2377.320068359375,2331.6201171875,2371.72998046875,2347.47998046875,6824808.0,1567.964599609375
2011-04-08,2412.760009765625,2368.4599609375,2373.1201171875,2411.360107421875,5958567.0,1610.6326904296875
2011-04-11,2474.780029296875,2448.199951171875,2466.860107421875,2454.260009765625,10543101.0,1639.2864990234375
2011-04-12,2415.14990234375,2370.7900390625,2402.5,2372.659912109375,10173489.0,1584.7833251953125
2011-04-13,2417.889892578125,2367.93994140625,2411.360107421875,2368.929931640625,10753264.0,1582.291748046875
2011-04-14,2368.929931640625,2318.81005859375,2368.929931640625,2348.8798828125,10842015.0,1568.9000244140625
2011-04-15,2361.469970703125,2319.5,2350.27001953125,2346.080078125,8768050.0,1567.0296630859375
2011-04-18,2367.06005859375,2280.7900390625,2356.800048828125,2289.18994140625,11450244.0,1529.0306396484375
2011-04-19,2339.550048828125,2297.580078125,2304.110107421875,2304.570068359375,8147753.0,1539.3038330078125
2011-04-20,2368.4599609375,2340.02001953125,2343.280029296875,2363.330078125,7471648.0,1578.5516357421875
2011-04-21,2403.89990234375,2294.780029296875,2378.25,2377.7900390625,4606781.0,1588.2099609375
2011-04-26,2387.820068359375,2352.610107421875,2359.139892578125,2387.580078125,4151348.0,1594.74853515625
2011-04-27,2367.530029296875,2326.9599609375,2365.199951171875,2336.280029296875,5779757.0,1560.4840087890625
2011-04-28,2357.739990234375,2326.489990234375,2353.070068359375,2354.469970703125,5968370.0,1572.63330078125
2011-05-03,2354.469970703125,2297.110107421875,2322.2900390625,2319.5,7600345.0,1549.276123046875
2011-05-04,2312.0400390625,2253.280029296875,2294.320068359375,2258.409912109375,9353205.0,1508.4718017578125
2011-05-05,2296.989990234375,2219.239990234375,2282.659912109375,2224.830078125,11320689.0,1486.0426025390625
2011-05-06,2276.679931640625,2192.659912109375,2229.9599609375,2266.340087890625,10188379.0,1513.7684326171875
2011-05-09,2297.580078125,2229.030029296875,2251.8798828125,2243.949951171875,6775913.0,1498.813232421875
2011-05-10,2293.3798828125,2251.8798828125,2255.14990234375,2284.06005859375,6870353.0,1525.604248046875
2011-05-11,2305.0400390625,2227.6298828125,2298.97998046875,2243.949951171875,9249583.0,1498.813232421875
2011-05-12,2210.3798828125,2160.010009765625,2204.780029296875,2204.31005859375,13367004.0,1472.33642578125
2011-05-13,2243.489990234375,2180.530029296875,2217.3701171875,2182.39990234375,8677788.0,1457.7021484375
2011-05-16,2242.090087890625,2158.6201171875,2168.409912109375,2230.89990234375,8948655.0,1490.0968017578125
2011-05-17,2248.14990234375,2186.1298828125,2218.77001953125,2186.1298828125,7619216.0,1460.1934814453125
2011-05-18,2238.360107421875,2209.909912109375,2219.699951171875,2219.239990234375,8186863.0,1482.308349609375
2011-05-19,2265.8701171875,2207.7099609375,2245.820068359375,2211.31005859375,11628773.0,1477.0123291015625
2011-05-20,2240.68994140625,2184.260009765625,2217.840087890625,2201.050048828125,9540567.0,1470.1590576171875
2011-05-23,2164.909912109375,2122.239990234375,2163.75,2148.820068359375,9299960.0,1435.2725830078125
2011-05-24,2208.510009765625,2155.719970703125,2163.75,2187.06005859375,8824185.0,1460.814697265625
2011-05-25,2187.530029296875,2145.090087890625,2156.280029296875,2186.1298828125,9062647.0,1460.1934814453125
2011-05-26,2214.570068359375,2183.800048828125,2204.780029296875,2202.449951171875,7680078.0,1471.093994140625
2011-05-27,2240.219970703125,2202.449951171875,2202.449951171875,2229.030029296875,7033798.0,1488.847900390625
2011-05-31,2257.010009765625,2229.030029296875,2229.030029296875,2241.159912109375,9260850.0,1496.94970703125
2011-06-01,2268.199951171875,2217.3701171875,2248.6201171875,2230.89990234375,7583041.0,1490.0968017578125
2011-06-02,2201.050048828125,2169.340087890625,2198.719970703125,2170.27001953125,7843757.0,1449.5997314453125
2011-06-03,2185.199951171875,2126.909912109375,2182.39990234375,2150.219970703125,8998296.0,1436.2076416015625
2011-06-06,2177.739990234375,2126.909912109375,2152.550048828125,2169.340087890625,5255254.0,1448.9788818359375
2011-06-07,2196.85009765625,2160.949951171875,2165.610107421875,2184.260009765625,8224108.0,1458.9443359375
2011-06-08,2163.75,2123.639892578125,2157.219970703125,2140.429931640625,10148289.0,1429.66845703125
2011-06-09,2176.7099609375,2130.639892578125,2131.10009765625,2167.93994140625,6770557.0,1448.0435791015625
2011-06-10,2175.39990234375,2119.43994140625,2158.6201171875,2125.969970703125,7674392.0,1420.010498046875
2011-06-13,2146.02001953125,2117.110107421875,2124.570068359375,2126.43994140625,4401363.0,1420.324462890625
2011-06-14,2168.8798828125,2132.969970703125,2139.5,2154.419921875,8491712.0,1439.0130615234375
2011-06-15,2179.1298828125,2126.909912109375,2153.02001953125,2129.699951171875,10132139.0,1422.5018310546875
2011-06-16,2191.72998046875,2086.330078125,2106.389892578125,2121.780029296875,10562123.0,1417.211669921875
2011-06-17,2142.760009765625,2088.669921875,2103.590087890625,2111.52001953125,16151905.0,1410.3583984375
2011-06-20,2117.580078125,2073.919921875,2079.81005859375,2106.389892578125,7020724.0,1406.9322509765625
2011-06-21,2160.949951171875,2114.31005859375,2116.179931640625,2159.080078125,7561160.0,1442.1258544921875
2011-06-22,2170.27001953125,2134.830078125,2154.419921875,2161.409912109375,8020010.0,1443.6820068359375
2011-06-23,2144.159912109375,2089.1298828125,2144.159912109375,2092.860107421875,8646764.0,1397.89501953125
2011-06-24,2166.5400390625,2133.89990234375,2139.5,2145.56005859375,8463637.0,1433.09521484375
2011-06-27,2165.610107421875,2125.969970703125,2138.10009765625,2157.219970703125,5774445.0,1440.8831787109375
2011-06-28,2197.7900390625,2098.419921875,2154.419921875,2184.72998046875,8457549.0,1459.25830078125
2011-06-29,2249.550048828125,2208.97998046875,2218.77001953125,2242.550048828125,8644219.0,1497.8780517578125
2011-06-30,2287.080078125,2243.949951171875,2254.679931640625,2286.85009765625,9092048.0,1527.4678955078125
2011-07-01,2300.3798828125,2264.0,2274.72998046875,2293.85009765625,7154707.0,1532.1435546875
2011-07-04,2317.6298828125,2279.6298828125,2298.050048828125,2306.43994140625,4129259.0,1540.552490234375
2011-07-05,2308.31005859375,2280.7900390625,2292.919921875,2293.85009765625,5467047.0,1532.1435546875
2011-07-06,2307.3701171875,2277.06005859375,2295.719970703125,2304.570068359375,4975493.0,1539.3038330078125
2011-07-07,2360.070068359375,2309.239990234375,2329.760009765625,2351.669921875,6379349.0,1570.763427734375
2011-07-08,2357.739990234375,2281.72998046875,2354.0,2288.719970703125,7135921.0,1528.7166748046875
2011-07-11,2305.0400390625,2257.93994140625,2284.989990234375,2272.860107421875,7432023.0,1518.1234130859375
2011-07-12,2257.47998046875,2201.050048828125,2231.360107421875,2240.219970703125,6578722.0,1496.322021484375
2011-07-13,2287.7900390625,2220.169921875,2236.02001953125,2276.60009765625,8703866.0,1520.621337890625
2011-07-14,2273.449951171875,2220.639892578125,2246.280029296875,2225.300048828125,5676657.0,1486.3565673828125
2011-07-15,2194.52001953125,2168.409912109375,2177.739990234375,2182.39990234375,9390411.0,1457.7021484375
2011-07-18,2169.340087890625,2133.429931640625,2166.080078125,2133.429931640625,6551988.0,1424.9931640625
2011-07-19,2182.39990234375,2154.419921875,2154.419921875,2169.340087890625,6089294.0,1448.9788818359375
2011-07-20,2236.9599609375,2191.260009765625,2208.97998046875,2205.25,6341574.0,1472.9642333984375
2011-07-21,2220.639892578125,2146.389892578125,2209.909912109375,2200.580078125,7276728.0,1469.8450927734375
2011-07-22,2245.820068359375,2201.97998046875,2215.510009765625,2213.179931640625,4772757.0,1478.2607421875
2011-07-25,2213.179931640625,2178.669921875,2187.989990234375,2200.1201171875,4596973.0,1469.5377197265625
2011-07-26,2222.489990234375,2174.469970703125,2215.969970703125,2181.0,5994845.0,1456.766845703125
2011-07-27,2221.10009765625,2164.679931640625,2188.929931640625,2176.800048828125,7551801.0,1453.96142578125
2011-07-28,2188.4599609375,2135.77001953125,2149.75,2170.739990234375,6023423.0,1449.9136962890625
2011-07-29,2210.97998046875,2101.260009765625,2135.77001953125,2119.909912109375,7704518.0,1415.962646484375
2011-08-01,2173.070068359375,2105.919921875,2158.14990234375,2105.919921875,6605686.0,1406.6182861328125
2011-08-02,2102.18994140625,2053.68994140625,2098.4599609375,2065.35009765625,8374400.0,1379.52001953125
2011-08-03,2030.3800048828125,1960.4300537109375,2014.52001953125,1978.1500244140625,10271160.0,1321.276123046875
2011-08-04,2004.260009765625,1865.300048828125,2003.3299560546875,1877.4200439453125,16166413.0,1253.994873046875
2011-08-05,1901.6700439453125,1785.56005859375,1804.6800537109375,1814.0,13126144.0,1211.6343994140625
2011-08-08,1825.6600341796875,1706.280029296875,1762.239990234375,1721.6700439453125,14150022.0,1149.9642333984375
2011-08-09,1788.3499755859375,1626.300048828125,1726.3299560546875,1782.2900390625,17451429.0,1190.45458984375
2011-08-10,1856.43994140625,1733.3299560546875,1842.449951171875,1740.3199462890625,14745967.0,1162.4207763671875
2011-08-11,1833.5899658203125,1742.6500244140625,1809.3399658203125,1833.5899658203125,14088282.0,1224.7193603515625
2011-08-12,1890.93994140625,1793.949951171875,1844.780029296875,1882.0799560546875,9322787.0,1257.1075439453125
2011-08-15,1924.989990234375,1894.2099609375,1917.989990234375,1902.1400146484375,4884087.0,1270.5062255859375
2011-08-16,1902.9000244140625,1839.1800537109375,1889.550048828125,1878.8199462890625,7393337.0,1254.9298095703125
2011-08-17,1907.27001953125,1851.77001953125,1868.0899658203125,1885.8199462890625,6843151.0,1259.60546875
2011-08-18,1855.969970703125,1749.1800537109375,1851.77001953125,1762.7099609375,10202397.0,1177.3760986328125
2011-08-19,1766.4100341796875,1675.5,1762.239990234375,1734.72998046875,11619269.0,1158.687255859375
2011-08-22,1789.43994140625,1714.2099609375,1716.0699462890625,1751.97998046875,7323172.0,1170.2091064453125
2011-08-23,1811.6700439453125,1734.72998046875,1787.8900146484375,1762.7099609375,8862031.0,1177.3760986328125
2011-08-24,1823.800048828125,1745.9200439453125,1779.489990234375,1802.3399658203125,7928422.0,1203.8463134765625
2011-08-25,1863.4300537109375,1753.18994140625,1827.989990234375,1813.0699462890625,7602078.0,1211.01318359375
2011-08-26,1838.25,1772.030029296875,1824.72998046875,1827.06005859375,10697151.0,1220.3580322265625
2011-08-30,1917.530029296875,1874.6199951171875,1905.8699951171875,1904.93994140625,8671409.0,1272.376708984375
2011-08-31,1970.219970703125,1909.1300048828125,1917.530029296875,1964.1600341796875,11217568.0,1311.931884765625
2011-09-01,1977.2099609375,1919.3900146484375,1977.2099609375,1964.1600341796875,6269016.0,1311.931884765625
2011-09-02,1944.5699462890625,1882.550048828125,1928.719970703125,1895.1400146484375,6090377.0,1265.8306884765625
2011-09-05,1862.5,1806.5400390625,1844.31005859375,1822.4000244140625,4855859.0,1217.2451171875
2011-09-06,1947.3699951171875,1788.8199462890625,1812.1400146484375,1844.31005859375,7074590.0,1231.879638671875
2011-09-07,1904.0,1854.1099853515625,1882.0799560546875,1898.8699951171875,6048923.0,1292.4798583984375
2011-09-08,1922.260009765625,1856.9000244140625,1888.1500244140625,1901.6700439453125,6031551.0,1294.3857421875
2011-09-09,1902.1400146484375,1819.1300048828125,1890.010009765625,1828.9200439453125,6080895.0,1244.86767578125
2011-09-12,1817.72998046875,1754.31005859375,1779.489990234375,1803.280029296875,6905804.0,1227.415771484375
2011-09-13,1829.8599853515625,1756.6400146484375,1827.530029296875,1820.530029296875,6958468.0,1239.1572265625
2011-09-14,1849.43994140625,1790.68994140625,1792.0799560546875,1817.72998046875,7628053.0,1237.2515869140625
2011-09-15,1883.47998046875,1807.93994140625,1826.1300048828125,1852.239990234375,6801319.0,1260.7408447265625
2011-09-16,1892.3399658203125,1848.97998046875,1886.280029296875,1867.1600341796875,9475361.0,1270.896484375
2011-09-19,1835.9200439453125,1785.0899658203125,1813.0699462890625,1804.6800537109375,5032745.0,1228.368896484375
2011-09-20,1842.9100341796875,1769.22998046875,1778.56005859375,1832.6600341796875,5472422.0,1247.4136962890625
2011-09-21,1833.1199951171875,1751.510009765625,1821.9300537109375,1761.31005859375,5918954.0,1198.8486328125
2011-09-22,1709.0799560546875,1604.1600341796875,1688.0899658203125,1614.8800048828125,12973536.0,1099.1800537109375
2011-09-23,1647.06005859375,1566.8499755859375,1634.9300537109375,1642.8599853515625,9581996.0,1118.2247314453125
2011-09-26,1668.1199951171875,1575.7099609375,1591.0999755859375,1629.3399658203125,12888574.0,1109.0220947265625
2011-09-27,1749.1800537109375,1660.1099853515625,1688.0899658203125,1749.1800537109375,10338633.0,1190.5924072265625
2011-09-28,1744.050048828125,1667.5799560546875,1725.4000244140625,1677.8299560546875,8011571.0,1142.027587890625
2011-09-29,1737.530029296875,1633.0699462890625,1655.449951171875,1646.1199951171875,8244523.0,1120.4439697265625
2011-09-30,1658.25,1592.030029296875,1634.0,1620.93994140625,7587603.0,1103.3046875
2011-10-03,1597.6300048828125,1549.5999755859375,1562.18994140625,1594.8299560546875,8489288.0,1085.5328369140625
2011-10-04,1580.8399658203125,1515.0899658203125,1566.3800048828125,1554.719970703125,10465174.0,1058.231689453125
2011-10-05,1668.0400390625,1590.1700439453125,1616.75,1658.25,10041776.0,1128.7000732421875
2011-10-06,1755.239990234375,1678.300048828125,1684.8299560546875,1755.239990234375,10077118.0,1194.717041015625
2011-10-07,1782.760009765625,1728.199951171875,1762.7099609375,1741.719970703125,8420325.0,1185.5147705078125
2011-10-10,1805.6099853515625,1728.6600341796875,1759.43994140625,1791.1500244140625,7849489.0,1219.1595458984375
2011-10-11,1792.550048828125,1741.719970703125,1781.3599853515625,1783.219970703125,6260331.0,1213.7618408203125
2011-10-12,1841.97998046875,1752.9100341796875,1772.030029296875,1832.18994140625,6901397.0,1247.09375
2011-10-13,1846.1800537109375,1761.77001953125,1818.6700439453125,1781.3599853515625,7025823.0,1212.49560546875
2011-10-14,1846.1800537109375,1762.7099609375,1787.4200439453125,1815.8699951171875,6837592.0,1235.9853515625
2011-10-17,1865.300048828125,1762.7099609375,1839.6500244140625,1781.3599853515625,7144381.0,1212.49560546875
2011-10-18,1770.1700439453125,1709.0799560546875,1742.18994140625,1766.43994140625,12412047.0,1202.340576171875
2011-10-19,1796.280029296875,1743.1199951171875,1793.02001953125,1762.7099609375,6509888.0,1199.8016357421875
2011-10-20,1750.5799560546875,1699.75,1730.530029296875,1709.550048828125,7937200.0,1163.617919921875
2011-10-21,1773.4300537109375,1698.8199462890625,1716.0699462890625,1769.22998046875,8193123.0,1204.2396240234375
2011-10-24,1866.699951171875,1788.8199462890625,1800.010009765625,1861.5699462890625,8952478.0,1267.0914306640625
2011-10-25,1865.300048828125,1778.56005859375,1841.97998046875,1828.4599609375,8984551.0,1244.5548095703125
2011-10-26,1859.22998046875,1800.93994140625,1813.0699462890625,1835.9200439453125,7638550.0,1249.6324462890625
2011-10-27,1967.8900146484375,1888.6099853515625,1911.9300537109375,1966.9599609375,10654040.0,1338.8260498046875
2011-10-28,1987.469970703125,1931.52001953125,1947.3699951171875,1960.4300537109375,8429453.0,1334.38134765625
2011-10-31,1911.1300048828125,1834.989990234375,1897.469970703125,1834.989990234375,11024466.0,1248.999755859375
2011-11-01,1860.8299560546875,1751.97998046875,1781.3599853515625,1786.02001953125,8644316.0,1215.667724609375
2011-11-02,1841.52001953125,1773.4300537109375,1814.0,1820.530029296875,7689456.0,1239.1572265625
2011-11-03,1857.8399658203125,1762.7099609375,1772.030029296875,1852.239990234375,8576702.0,1260.7408447265625
2011-11-04,1891.4100341796875,1829.8599853515625,1876.489990234375,1853.6400146484375,7802587.0,1261.6939697265625
2011-11-07,1872.2900390625,1801.8800048828125,1831.719970703125,1849.9100341796875,4402834.0,1259.155029296875
2011-11-08,1902.5999755859375,1833.5899658203125,1842.9100341796875,1881.1500244140625,6269872.0,1280.4190673828125
2011-11-09,1914.72998046875,1814.93994140625,1911.0,1834.989990234375,8349089.0,1248.999755859375
2011-11-10,1853.1700439453125,1750.5799560546875,1780.4300537109375,1824.72998046875,6285264.0,1242.015869140625
2011-11-11,1858.77001953125,1814.0,1833.1199951171875,1857.8399658203125,4935005.0,1264.5523681640625
2011-11-14,1863.719970703125,1837.780029296875,1856.43994140625,1837.780029296875,6206495.0,1250.898681640625
2011-11-15,1850.3800048828125,1800.010009765625,1814.93994140625,1828.9200439453125,6707395.0,1244.86767578125
2011-11-16,1838.25,1800.010009765625,1813.0699462890625,1828.9200439453125,7057824.0,1244.86767578125
2011-11-17,1816.3299560546875,1770.97998046875,1816.3299560546875,1778.0899658203125,7658982.0,1210.2701416015625
2011-11-18,1756.800048828125,1734.260009765625,1753.3800048828125,1744.050048828125,7280798.0,1187.1007080078125
2011-11-21,1734.260009765625,1654.699951171875,1734.260009765625,1660.1099853515625,7115749.0,1129.96630859375
2011-11-22,1695.719970703125,1646.5899658203125,1683.4300537109375,1646.5899658203125,6337336.0,1120.7637939453125
2011-11-23,1644.31005859375,1608.8199462890625,1608.8199462890625,1623.739990234375,6174592.0,1105.210693359375
2011-11-24,1686.969970703125,1636.800048828125,1636.800048828125,1638.199951171875,5869489.0,1115.0531005859375
2011-11-25,1648.6500244140625,1608.3499755859375,1623.280029296875,1641.0,5529796.0,1116.9588623046875
2011-11-28,1729.5,1665.7099609375,1669.43994140625,1712.81005859375,5774627.0,1165.8370361328125
2011-11-29,1728.199951171875,1680.6300048828125,1707.2099609375,1712.3399658203125,5716989.0,1165.516845703125
2011-11-30,1836.8499755859375,1669.43994140625,1693.68994140625,1817.72998046875,14144543.0,1237.2515869140625
2011-12-01,1839.1800537109375,1790.219970703125,1822.4000244140625,1793.47998046875,9123992.0,1220.74560546875
2011-12-02,1886.280029296875,1805.6099853515625,1837.780029296875,1865.760009765625,11476108.0,1269.943115234375
2011-12-05,1897.010009765625,1855.0400390625,1888.6099853515625,1876.489990234375,4154315.0,1277.246826171875
2011-12-06,1884.8800048828125,1831.719970703125,1831.719970703125,1869.030029296875,6440702.0,1272.1690673828125
2011-12-07,1911.0,1839.1800537109375,1892.81005859375,1851.77001953125,6710906.0,1260.4210205078125
2011-12-08,1877.8900146484375,1803.739990234375,1868.56005859375,1803.739990234375,6593245.0,1227.72900390625
2011-12-09,1835.449951171875,1772.9599609375,1776.699951171875,1828.9200439453125,5445438.0,1244.86767578125
2011-12-12,1825.6600341796875,1761.77001953125,1823.3299560546875,1769.22998046875,4772298.0,1204.2396240234375
2011-12-13,1792.550048828125,1741.719970703125,1775.760009765625,1773.4300537109375,7100515.0,1207.0986328125
2011-12-14,1765.969970703125,1708.7099609375,1754.31005859375,1711.8800048828125,7699932.0,1165.2037353515625
2011-12-15,1741.719970703125,1696.949951171875,1724.0,1712.3399658203125,6311323.0,1165.516845703125
2011-12-16,1760.8399658203125,1717.469970703125,1733.7900390625,1719.3399658203125,8030721.0,1170.281494140625
2011-12-19,1729.5999755859375,1679.699951171875,1696.489990234375,1694.1600341796875,4618490.0,1153.142578125
2011-12-20,1729.1300048828125,1678.300048828125,1686.68994140625,1714.2099609375,5173500.0,1166.789794921875
2011-12-21,1761.31005859375,1703.47998046875,1742.18994140625,1710.93994140625,4870808.0,1164.56396484375
2011-12-22,1751.97998046875,1706.280029296875,1717.93994140625,1744.050048828125,3777118.0,1187.1007080078125
2011-12-23,1761.31005859375,1731.0,1753.3800048828125,1747.780029296875,1152060.0,1189.6392822265625
2011-12-28,1758.0400390625,1721.6700439453125,1743.1199951171875,1723.0699462890625,2893190.0,1172.8203125
2011-12-29,1752.9100341796875,1715.8299560546875,1742.18994140625,1746.8499755859375,2707645.0,1189.00634765625
2011-12-30,1758.0400390625,1735.6600341796875,1756.1800537109375,1751.050048828125,1136803.0,1191.8651123046875
2012-01-03,1864.3599853515625,1764.0999755859375,1807.010009765625,1858.77001953125,6436655.0,1265.1854248046875
2012-01-04,1872.760009765625,1824.260009765625,1857.8399658203125,1841.97998046875,6866110.0,1253.75732421875
2012-01-05,1851.77001953125,1805.6099853515625,1843.3800048828125,1819.5999755859375,7135182.0,1238.5242919921875
2012-01-06,1848.97998046875,1815.4000244140625,1816.800048828125,1817.72998046875,5724213.0,1237.2515869140625
2012-01-09,1837.8800048828125,1800.5400390625,1817.72998046875,1816.3299560546875,5775659.0,1236.29833984375
2012-01-10,1895.1400146484375,1843.3800048828125,1848.0400390625,1878.3499755859375,7409966.0,1278.5128173828125
2012-01-11,1905.4000244140625,1874.6199951171875,1875.0899658203125,1894.2099609375,4896105.0,1289.3082275390625
2012-01-12,1952.5,1893.280029296875,1897.93994140625,1916.5899658203125,7626406.0,1304.541259765625
2012-01-13,1957.31005859375,1878.8199462890625,1935.25,1907.27001953125,6931706.0,1298.1973876953125
2012-01-16,1948.300048828125,1881.1500244140625,1890.93994140625,1939.9100341796875,4623052.0,1320.4141845703125
2012-01-17,2000.530029296875,1959.9599609375,1975.3499755859375,1977.6800537109375,21886049.0,1346.122802734375
2012-01-18,1998.6700439453125,1941.780029296875,1967.4200439453125,1993.5400390625,6670832.0,1356.9178466796875
2012-01-19,2021.52001953125,1973.1600341796875,1978.6099853515625,2013.1199951171875,9037614.0,1370.2451171875
2012-01-20,2013.1199951171875,1981.4100341796875,2003.3299560546875,1982.3399658203125,8335810.0,1349.2943115234375
2012-01-23,2014.52001953125,1975.3499755859375,1977.2099609375,2013.5899658203125,5045244.0,1370.56494140625
2012-01-24,1993.0699462890625,1961.8299560546875,1986.5400390625,1985.6099853515625,5224562.0,1351.52001953125
2012-01-25,2008.9300537109375,1964.280029296875,1996.800048828125,1985.6099853515625,6281729.0,1351.52001953125
2012-01-26,2069.550048828125,2011.260009765625,2012.18994140625,2051.360107421875,7365820.0,1396.2735595703125
2012-01-27,2058.360107421875,2018.719970703125,2027.5799560546875,2028.510009765625,5917798.0,1380.7203369140625
2012-01-30,2024.780029296875,1988.4100341796875,2001.0,2006.1300048828125,7852554.0,1365.487548828125
2012-01-31,2036.9100341796875,1973.949951171875,2021.52001953125,1980.010009765625,6239420.0,1347.70849609375
2012-02-01,2028.97998046875,1975.8199462890625,1982.81005859375,2028.050048828125,7260291.0,1380.4073486328125
2012-02-02,2086.800048828125,2022.9200439453125,2046.22998046875,2047.1600341796875,9836453.0,1393.414794921875
2012-02-03,2065.35009765625,2004.72998046875,2028.510009765625,2057.889892578125,7807693.0,1400.718017578125
2012-02-06,2064.8798828125,2028.949951171875,2053.68994140625,2051.830078125,5223072.0,1396.5931396484375
2012-02-07,2056.9599609375,2008.4599609375,2049.030029296875,2033.1700439453125,5432159.0,1383.89208984375
2012-02-08,2057.239990234375,1977.6800537109375,2026.1800537109375,1986.5400390625,8815461.0,1352.1531982421875
2012-02-09,1992.5999755859375,1950.1700439453125,1977.2099609375,1972.550048828125,7335229.0,1342.6309814453125
2012-02-10,1950.9300537109375,1896.5400390625,1931.52001953125,1918.9300537109375,8351476.0,1306.1339111328125
2012-02-13,1961.8299560546875,1918.9300537109375,1942.239990234375,1942.239990234375,5311308.0,1322.0
2012-02-14,1943.219970703125,1907.27001953125,1921.719970703125,1932.449951171875,5237414.0,1315.3363037109375
2012-02-15,1961.8299560546875,1913.800048828125,1948.300048828125,1915.6600341796875,6246790.0,1303.908203125
2012-02-16,1905.8900146484375,1868.0899658203125,1897.469970703125,1902.1400146484375,7208224.0,1294.705810546875
2012-02-17,1925.9200439453125,1886.75,1918.4599609375,1886.75,19639613.0,1284.230224609375
2012-02-20,1949.699951171875,1910.530029296875,1921.260009765625,1937.5799560546875,5652236.0,1318.8282470703125
2012-02-21,1958.0999755859375,1925.9200439453125,1946.9000244140625,1939.9100341796875,5953419.0,1320.4141845703125
2012-02-22,1956.22998046875,1929.1800537109375,1948.77001953125,1946.43994140625,5324486.0,1324.8587646484375
2012-02-23,1973.949951171875,1931.52001953125,1931.52001953125,1947.8399658203125,5295191.0,1325.8118896484375
2012-02-24,1967.8900146484375,1926.8499755859375,1948.300048828125,1933.3800048828125,5260827.0,1315.9696044921875
2012-02-27,1955.760009765625,1891.8800048828125,1917.06005859375,1948.300048828125,7109969.0,1326.1251220703125
2012-02-28,1980.010009765625,1919.3900146484375,1952.030029296875,1976.75,5549084.0,1345.489501953125
2012-02-29,1998.6700439453125,1892.6700439453125,1946.43994140625,1900.27001953125,9447883.0,1316.467529296875
2012-03-01,1923.5899658203125,1885.3499755859375,1895.1400146484375,1909.1300048828125,5909740.0,1322.6055908203125
2012-03-02,1914.260009765625,1892.81005859375,1902.5999755859375,1893.739990234375,4367240.0,1311.94384765625
2012-03-05,1883.949951171875,1833.1199951171875,1876.9599609375,1838.25,7377682.0,1273.5015869140625
2012-03-06,1834.52001953125,1789.75,1834.52001953125,1803.739990234375,8719562.0,1249.5938720703125
2012-03-07,1845.550048828125,1807.469970703125,1807.469970703125,1827.989990234375,8382002.0,1266.3936767578125
2012-03-08,1881.1500244140625,1844.31005859375,1844.31005859375,1854.5699462890625,8043273.0,1284.8077392578125
2012-03-09,1895.1400146484375,1839.6500244140625,1865.760009765625,1887.2099609375,5544497.0,1307.420166015625
2012-03-12,1889.0799560546875,1855.969970703125,1860.6300048828125,1877.8900146484375,12538715.0,1300.96337890625
2012-03-13,1918.9300537109375,1872.5699462890625,1891.8800048828125,1909.1300048828125,12161200.0,1322.6055908203125
2012-03-14,1920.3199462890625,1864.3599853515625,1909.1300048828125,1865.760009765625,9296006.0,1292.559814453125
2012-03-15,1907.27001953125,1868.56005859375,1868.56005859375,1887.6800537109375,7798589.0,1307.74560546875
2012-03-16,1907.6300048828125,1881.6199951171875,1885.8199462890625,1897.93994140625,10899669.0,1314.853515625
2012-03-19,1915.6600341796875,1875.0899658203125,1900.739990234375,1910.06005859375,4462344.0,1323.250244140625
2012-03-20,1908.4000244140625,1827.530029296875,1883.47998046875,1832.6600341796875,9253063.0,1269.6290283203125
2012-03-21,1844.219970703125,1804.2099609375,1840.1199951171875,1815.8699951171875,7097718.0,1257.9970703125
2012-03-22,1818.6700439453125,1758.510009765625,1805.6099853515625,1772.9599609375,8434391.0,1228.27001953125
2012-03-23,1792.0799560546875,1746.8499755859375,1772.9599609375,1788.3499755859375,7273162.0,1238.931884765625
2012-03-26,1807.010009765625,1766.9000244140625,1798.1500244140625,1798.1500244140625,6466386.0,1245.7210693359375
2012-03-27,1826.780029296875,1791.1500244140625,1806.0699462890625,1796.280029296875,5956248.0,1244.4256591796875
2012-03-28,1800.010009765625,1755.7099609375,1786.949951171875,1758.0400390625,7781086.0,1217.93359375
2012-03-29,1780.949951171875,1737.06005859375,1753.3800048828125,1751.050048828125,9266978.0,1213.0911865234375
2012-03-30,1801.4100341796875,1762.239990234375,1771.0999755859375,1779.030029296875,10471151.0,1232.4752197265625
2012-04-02,1858.4000244140625,1781.8199462890625,1801.8800048828125,1832.6600341796875,7432350.0,1269.6290283203125
2012-04-03,1829.3900146484375,1800.93994140625,1823.3299560546875,1804.2099609375,6335092.0,1249.91943359375
2012-04-04,1795.3499755859375,1740.3199462890625,1795.3499755859375,1750.5799560546875,11522421.0,1212.765380859375
2012-04-05,1796.75,1724.8299560546875,1758.0400390625,1778.56005859375,7726951.0,1232.149658203125
2012-04-10,1758.97998046875,1708.1500244140625,1751.050048828125,1708.1500244140625,6990464.0,1183.37109375
2012-04-11,1745.9200439453125,1703.47998046875,1706.75,1730.530029296875,8113752.0,1198.8753662109375
2012-04-12,1788.8199462890625,1729.1300048828125,1748.719970703125,1778.0899658203125,8173011.0,1231.82373046875
2012-04-13,1801.4100341796875,1760.3800048828125,1779.030029296875,1761.77001953125,6675917.0,1220.517578125
2012-04-16,1786.949951171875,1757.5799560546875,1761.77001953125,1765.0400390625,6734574.0,1222.7833251953125
2012-04-17,1800.47998046875,1742.18994140625,1755.239990234375,1796.75,5931037.0,1244.751220703125
2012-04-18,1840.1199951171875,1806.5400390625,1809.3399658203125,1812.1400146484375,7718746.0,1255.4130859375
2012-04-19,1849.9100341796875,1809.3399658203125,1823.3299560546875,1809.3399658203125,5777134.0,1253.47314453125
2012-04-20,1845.7099609375,1802.3399658203125,1818.6700439453125,1837.3199462890625,6623418.0,1272.8572998046875
2012-04-23,1809.4000244140625,1757.1099853515625,1803.739990234375,1770.6300048828125,6133493.0,1226.65576171875
2012-04-24,1787.8900146484375,1753.3800048828125,1776.699951171875,1787.8900146484375,6819442.0,1238.613037109375
2012-04-25,1818.6700439453125,1765.550048828125,1790.68994140625,1805.1400146484375,6780287.0,1250.5634765625
2012-04-26,1826.5899658203125,1791.1500244140625,1808.4100341796875,1818.6700439453125,6005178.0,1259.9366455078125
2012-04-27,1852.7099609375,1783.219970703125,1793.02001953125,1833.5899658203125,8474269.0,1270.2733154296875
2012-04-30,1855.0400390625,1831.260009765625,1841.050048828125,1841.52001953125,9636214.0,1275.7669677734375
2012-05-01,1901.6700439453125,1833.1199951171875,1846.6500244140625,1901.6700439453125,6605431.0,1317.4375
2012-05-02,1907.72998046875,1871.3599853515625,1891.4100341796875,1881.6199951171875,16631253.0,1303.5474853515625
2012-05-03,1899.06005859375,1851.77001953125,1879.75,1861.5699462890625,8879292.0,1289.6571044921875
2012-05-04,1865.760009765625,1786.949951171875,1853.6400146484375,1788.8199462890625,9913504.0,1239.25732421875
2012-05-08,1788.8199462890625,1718.4100341796875,1770.1700439453125,1735.18994140625,8222003.0,1202.1038818359375
2012-05-09,1748.719970703125,1703.02001953125,1748.719970703125,1738.4599609375,8705806.0,1204.3692626953125
2012-05-10,1763.06005859375,1727.27001953125,1749.6500244140625,1745.449951171875,5207296.0,1209.211669921875
2012-05-11,1740.3199462890625,1698.31005859375,1731.9300537109375,1738.4599609375,7914570.0,1204.3692626953125
2012-05-14,1715.6099853515625,1667.5799560546875,1707.6800537109375,1676.9000244140625,8080606.0,1161.7216796875
2012-05-15,1703.47998046875,1633.0699462890625,1687.1600341796875,1647.06005859375,8212054.0,1141.049072265625
2012-05-16,1660.7900390625,1589.31005859375,1608.3499755859375,1632.1400146484375,9860518.0,1130.7127685546875
2012-05-17,1641.4599609375,1588.77001953125,1641.4599609375,1609.2900390625,8009186.0,1114.8828125
2012-05-18,1609.2099609375,1553.7900390625,1576.1800537109375,1589.699951171875,12076911.0,1101.3111572265625
2012-05-21,1625.02001953125,1566.510009765625,1586.43994140625,1601.3599853515625,6736798.0,1109.3890380859375
2012-05-22,1653.489990234375,1618.6099853515625,1620.010009765625,1639.5999755859375,8394313.0,1135.881103515625
2012-05-23,1611.72998046875,1565.9200439453125,1599.489990234375,1567.780029296875,9876743.0,1086.1256103515625
2012-05-24,1612.0799560546875,1567.780029296875,1590.1700439453125,1602.760009765625,6821208.0,1110.35888671875
2012-05-25,1610.6800537109375,1573.3800048828125,1588.300048828125,1588.77001953125,6900039.0,1100.6666259765625
2012-05-29,1645.18994140625,1611.1500244140625,1630.27001953125,1633.530029296875,6781199.0,1131.67578125
2012-05-30,1618.1500244140625,1578.969970703125,1617.6800537109375,1592.5,7905588.0,1103.250732421875
2012-05-31,1607.8900146484375,1561.6600341796875,1597.1600341796875,1580.3699951171875,12018119.0,1094.8477783203125
2012-06-01,1606.489990234375,1512.9100341796875,1585.5,1580.3699951171875,8920219.0,1094.8477783203125
2012-06-06,1659.6500244140625,1595.760009765625,1596.22998046875,1656.3800048828125,11108121.0,1147.5057373046875
2012-06-07,1719.3399658203125,1640.530029296875,1660.1099853515625,1697.4200439453125,15365359.0,1175.937255859375
2012-06-08,1666.6400146484375,1627.93994140625,1661.050048828125,1647.989990234375,8785686.0,1141.6932373046875
2012-06-11,1765.969970703125,1643.7900390625,1704.8800048828125,1646.1199951171875,10099596.0,1140.3978271484375
2012-06-12,1714.2099609375,1636.3299560546875,1647.52001953125,1670.8399658203125,8518988.0,1157.5234375
2012-06-13,1684.3599853515625,1642.8599853515625,1680.6300048828125,1669.43994140625,9411690.0,1156.553466796875
2012-06-14,1669.43994140625,1623.739990234375,1667.1099853515625,1656.8499755859375,6455583.0,1147.8311767578125
2012-06-15,1693.219970703125,1661.510009765625,1668.969970703125,1678.77001953125,16324700.0,1163.01708984375
2012-06-18,1723.530029296875,1671.31005859375,1715.1400146484375,1705.81005859375,9850929.0,1181.749755859375
2012-06-19,1751.050048828125,1707.2099609375,1707.2099609375,1737.989990234375,7362978.0,1204.0433349609375
2012-06-20,1771.5699462890625,1722.1400146484375,1731.0,1749.1800537109375,12370662.0,1211.7958984375
2012-06-21,1735.18994140625,1693.68994140625,1709.0799560546875,1696.489990234375,12269876.0,1175.2930908203125
2012-06-22,1673.93994140625,1641.9300537109375,1664.31005859375,1650.7900390625,9044293.0,1143.6329345703125
2012-06-25,1656.8499755859375,1603.219970703125,1639.1300048828125,1609.75,6868671.0,1115.201416015625
2012-06-26,1630.739990234375,1597.1600341796875,1616.75,1607.8900146484375,5098345.0,1113.9127197265625
2012-06-27,1627.010009765625,1593.9000244140625,1617.6800537109375,1620.010009765625,6125410.0,1122.3092041015625
2012-06-28,1629.969970703125,1593.4300537109375,1627.93994140625,1629.800048828125,5900520.0,1129.0916748046875
2012-06-29,1716.0699462890625,1648.47998046875,1678.77001953125,1684.3599853515625,10183467.0,1166.8897705078125
2012-07-02,1721.199951171875,1683.4300537109375,1696.949951171875,1706.75,5894380.0,1182.401123046875
2012-07-03,1751.510009765625,1697.4200439453125,1706.75,1744.050048828125,7167563.0,1208.24169921875
2012-07-04,1759.739990234375,1736.5899658203125,1742.6500244140625,1739.8599853515625,4098488.0,1205.339111328125
2012-07-05,1865.300048828125,1727.72998046875,1744.989990234375,1750.1199951171875,12710400.0,1212.4466552734375
2012-07-06,1753.8499755859375,1709.0799560546875,1739.3900146484375,1718.4100341796875,5206108.0,1190.478759765625
2012-07-09,1719.800048828125,1695.2099609375,1710.93994140625,1700.219970703125,8428522.0,1177.8773193359375
2012-07-10,1737.989990234375,1680.1700439453125,1699.2900390625,1703.02001953125,7216859.0,1179.8172607421875
2012-07-11,1698.3499755859375,1674.5699462890625,1689.489990234375,1689.030029296875,7306634.0,1170.125
2012-07-12,1670.3699951171875,1620.93994140625,1655.9200439453125,1633.0699462890625,11614949.0,1131.3568115234375
2012-07-13,1687.6300048828125,1641.4599609375,1648.9200439453125,1683.9000244140625,8361268.0,1166.571044921875
2012-07-16,1682.5,1662.449951171875,1681.5699462890625,1674.0999755859375,4535219.0,1159.78173828125
2012-07-17,1689.030029296875,1660.5799560546875,1678.300048828125,1662.9100341796875,5391280.0,1152.029541015625
2012-07-18,1702.030029296875,1633.530029296875,1672.239990234375,1696.489990234375,7488323.0,1175.2930908203125
2012-07-19,1727.27001953125,1698.8199462890625,1705.81005859375,1720.739990234375,6398449.0,1192.093017578125
2012-07-20,1736.1300048828125,1693.219970703125,1724.9300537109375,1694.1600341796875,8057048.0,1173.6790771484375
2012-07-23,1669.9100341796875,1627.010009765625,1664.31005859375,1646.5899658203125,7999516.0,1140.723388671875
2012-07-24,1685.72998046875,1646.5899658203125,1663.8499755859375,1653.5899658203125,6100970.0,1145.572998046875
2012-07-25,1683.4300537109375,1632.1400146484375,1646.1199951171875,1661.97998046875,6481929.0,1151.3853759765625
2012-07-26,1709.3299560546875,1655.449951171875,1671.77001953125,1697.4200439453125,9286503.0,1175.937255859375
2012-07-27,1730.06005859375,1689.030029296875,1713.280029296875,1725.4000244140625,6009605.0,1195.3214111328125
2012-07-30,1762.7099609375,1669.9100341796875,1731.4599609375,1753.3800048828125,6706335.0,1214.7052001953125
2012-07-31,1769.699951171875,1743.1199951171875,1760.8399658203125,1743.1199951171875,6803853.0,1207.59765625
2012-08-01,1770.260009765625,1733.7900390625,1747.3199462890625,1765.0400390625,4229171.0,1222.7833251953125
2012-08-02,1783.219970703125,1727.27001953125,1764.1099853515625,1732.4000244140625,8927110.0,1200.1708984375
2012-08-03,1798.1500244140625,1726.3299560546875,1731.9300537109375,1788.8199462890625,7684605.0,1239.25732421875
2012-08-06,1816.3299560546875,1779.030029296875,1793.02001953125,1807.469970703125,6101503.0,1252.177734375
2012-08-07,1829.3900146484375,1799.550048828125,1808.8699951171875,1827.989990234375,7409355.0,1266.3936767578125
2012-08-08,1844.8399658203125,1805.6099853515625,1815.8699951171875,1842.9100341796875,6323475.0,1276.72998046875
2012-08-09,1860.1700439453125,1830.3199462890625,1848.510009765625,1852.239990234375,4160207.0,1283.193359375
2012-08-10,1862.969970703125,1833.1199951171875,1843.8499755859375,1857.3699951171875,5071672.0,1286.74755859375
2012-08-13,1858.300048828125,1829.8599853515625,1856.9000244140625,1846.1800537109375,6852893.0,1278.9949951171875
2012-08-14,1863.199951171875,1835.9200439453125,1855.969970703125,1848.0400390625,3970926.0,1280.2840576171875
2012-08-15,1838.25,1803.280029296875,1836.3900146484375,1806.0699462890625,5993269.0,1251.207763671875
2012-08-16,1838.719970703125,1809.800048828125,1816.800048828125,1832.6500244140625,4300692.0,1269.6219482421875
2012-08-17,1838.719970703125,1809.800048828125,1833.1199951171875,1828.4599609375,4936711.0,1266.71923828125
2012-08-20,1837.780029296875,1812.5999755859375,1829.3900146484375,1819.1300048828125,3777920.0,1260.2557373046875
2012-08-21,1859.699951171875,1832.6500244140625,1832.6500244140625,1846.6400146484375,5385875.0,1279.31396484375
2012-08-22,1827.7099609375,1806.5400390625,1819.5999755859375,1815.8699951171875,5998199.0,1257.9970703125
2012-08-23,1844.31005859375,1816.3299560546875,1821.4599609375,1828.4599609375,6370205.0,1266.71923828125
2012-08-24,1816.219970703125,1778.56005859375,1815.4000244140625,1802.81005859375,6858410.0,1248.9498291015625
2012-08-28,1807.010009765625,1781.8299560546875,1795.3499755859375,1802.3399658203125,5950293.0,1248.62353515625
2012-08-29,1793.949951171875,1772.5,1793.02001953125,1775.760009765625,6582036.0,1230.2098388671875
2012-08-30,1762.239990234375,1710.93994140625,1752.9100341796875,1717.93994140625,9725314.0,1190.1533203125
2012-08-31,1741.719970703125,1702.550048828125,1724.0,1712.3399658203125,8450873.0,1186.2738037109375
2012-09-03,1753.8499755859375,1680.1700439453125,1711.4100341796875,1730.06005859375,4571619.0,1198.5496826171875
2012-09-04,1737.989990234375,1692.2900390625,1734.72998046875,1703.949951171875,8019995.0,1180.4613037109375
2012-09-05,1683.4300537109375,1628.8699951171875,1671.31005859375,1658.719970703125,8007107.0,1173.720703125
2012-09-06,1724.9300537109375,1667.1099853515625,1671.77001953125,1718.8699951171875,9893767.0,1216.283203125
2012-09-07,1785.56005859375,1686.22998046875,1748.719970703125,1777.6300048828125,11387318.0,1257.8621826171875
2012-09-10,1807.3499755859375,1770.1700439453125,1779.9599609375,1781.3599853515625,5606600.0,1260.5015869140625
2012-09-11,1791.6199951171875,1749.1800537109375,1766.43994140625,1789.75,6689304.0,1266.4384765625
2012-09-12,1815.8699951171875,1773.9000244140625,1797.2099609375,1782.2900390625,7266710.0,1261.15966796875
2012-09-13,1807.469970703125,1761.31005859375,1781.3599853515625,1803.280029296875,5401273.0,1276.01220703125
2012-09-14,1923.739990234375,1797.2099609375,1864.3599853515625,1911.0,16390338.0,1352.2357177734375
2012-09-17,1914.72998046875,1878.8199462890625,1897.010009765625,1889.0799560546875,6490713.0,1336.7249755859375
2012-09-18,1873.68994140625,1842.9100341796875,1869.489990234375,1862.030029296875,6186053.0,1317.5843505859375
2012-09-19,1889.550048828125,1857.3699951171875,1868.0999755859375,1865.300048828125,5512828.0,1319.898193359375
2012-09-20,1833.5899658203125,1806.5400390625,1827.989990234375,1822.8599853515625,9505432.0,1289.8671875
2012-09-21,1852.239990234375,1819.1300048828125,1838.25,1825.18994140625,12580577.0,1291.51611328125
2012-09-24,1826.280029296875,1788.3499755859375,1813.0699462890625,1817.27001953125,4873940.0,1285.9117431640625
2012-09-25,1827.4300537109375,1798.1500244140625,1814.0,1822.4000244140625,4515654.0,1289.541748046875
2012-09-26,1803.280029296875,1762.1500244140625,1793.47998046875,1779.489990234375,7846320.0,1259.178466796875
2012-09-27,1807.010009765625,1783.219970703125,1795.8199462890625,1801.8800048828125,8849828.0,1275.0216064453125
2012-09-28,1825.18994140625,1793.47998046875,1809.3399658203125,1795.3499755859375,8679231.0,1270.40087890625
2012-10-01,1851.31005859375,1792.6199951171875,1795.3499755859375,1841.510009765625,5414220.0,1303.064208984375
2012-10-02,1851.77001953125,1810.27001953125,1827.530029296875,1813.5400390625,5708969.0,1283.2723388671875
2012-10-03,1824.72998046875,1791.1500244140625,1798.1500244140625,1812.1400146484375,6058195.0,1282.28173828125
2012-10-04,1809.3399658203125,1769.699951171875,1805.1400146484375,1783.68994140625,7518725.0,1262.150390625
2012-10-05,1824.72998046875,1773.9000244140625,1788.8199462890625,1799.550048828125,10900118.0,1273.3729248046875
2012-10-08,1797.0699462890625,1761.31005859375,1779.9599609375,1793.47998046875,5493313.0,1269.077880859375
2012-10-09,1823.7900390625,1783.68994140625,1804.6800537109375,1805.1400146484375,6190074.0,1277.3284912109375
2012-10-10,1824.72998046875,1790.219970703125,1803.739990234375,1791.1500244140625,4270623.0,1267.428955078125
2012-10-11,1827.989990234375,1784.6199951171875,1791.6199951171875,1819.1300048828125,4639638.0,1287.22802734375
2012-10-12,1829.3900146484375,1804.6800537109375,1811.6700439453125,1804.6800537109375,6483968.0,1277.0030517578125
2012-10-15,1814.469970703125,1771.5699462890625,1788.8199462890625,1796.75,4747193.0,1271.3917236328125
2012-10-16,1821.9300537109375,1797.2099609375,1797.6800537109375,1817.72998046875,5921328.0,1286.2373046875
2012-10-17,1883.02001953125,1806.7099609375,1815.8699951171875,1878.3499755859375,12458528.0,1329.1322021484375
2012-10-18,1917.530029296875,1862.3599853515625,1885.3499755859375,1910.06005859375,9511786.0,1351.57080078125
2012-10-19,1914.72998046875,1892.81005859375,1906.3299560546875,1897.010009765625,6561508.0,1342.3363037109375
2012-10-22,1908.199951171875,1876.9599609375,1897.469970703125,1892.81005859375,4989779.0,1339.3643798828125
2012-10-23,1898.4100341796875,1837.780029296875,1897.93994140625,1848.0400390625,8438309.0,1307.68505859375
2012-10-24,1872.760009765625,1831.719970703125,1848.510009765625,1858.77001953125,7761029.0,1315.277587890625
2012-10-25,1888.1500244140625,1858.300048828125,1867.1600341796875,1860.6300048828125,5385109.0,1316.593505859375
2012-10-26,1857.2099609375,1825.6600341796875,1838.719970703125,1848.0400390625,6217727.0,1307.68505859375
2012-10-29,1858.77001953125,1819.1300048828125,1841.510009765625,1841.97998046875,3962423.0,1303.3968505859375
2012-10-30,1880.68994140625,1844.97998046875,1846.6400146484375,1874.6199951171875,3017115.0,1326.4930419921875
2012-10-31,1887.2099609375,1848.97998046875,1875.0899658203125,1851.77001953125,6489931.0,1310.3243408203125
2012-11-01,1878.3499755859375,1836.6199951171875,1845.25,1873.68994140625,6245262.0,1325.8348388671875
2012-11-02,1911.0899658203125,1869.030029296875,1873.68994140625,1885.8199462890625,6967299.0,1334.4180908203125
2012-11-05,1872.760009765625,1848.97998046875,1858.77001953125,1857.3699951171875,6658723.0,1314.2869873046875
2012-11-06,1872.760009765625,1850.8399658203125,1855.5,1864.3599853515625,5582433.0,1319.232666015625
2012-11-07,1884.4200439453125,1822.4000244140625,1879.2900390625,1824.72998046875,8303718.0,1291.1904296875
2012-11-08,1849.43994140625,1816.3299560546875,1833.5899658203125,1821.4599609375,4574154.0,1288.876708984375
2012-11-09,1829.8599853515625,1793.47998046875,1817.72998046875,1819.1300048828125,4603980.0,1287.22802734375
2012-11-12,1832.6500244140625,1804.6800537109375,1817.27001953125,1819.1300048828125,4320873.0,1287.22802734375
2012-11-13,1822.4000244140625,1779.030029296875,1796.75,1821.9300537109375,6031057.0,1289.209228515625
2012-11-14,1822.4000244140625,1778.0899658203125,1818.6700439453125,1783.68994140625,5158956.0,1262.150390625
2012-11-15,1784.1600341796875,1763.1700439453125,1770.1700439453125,1770.1700439453125,4525546.0,1252.583740234375
2012-11-16,1775.760009765625,1740.7900390625,1763.6400146484375,1746.8499755859375,6883960.0,1236.0819091796875
2012-11-19,1814.9300537109375,1751.3399658203125,1770.6300048828125,1811.199951171875,4910222.0,1281.61669921875
2012-11-20,1820.06005859375,1799.0799560546875,1800.93994140625,1806.5400390625,4072513.0,1278.3192138671875
2012-11-21,1804.2099609375,1788.22998046875,1793.949951171875,1800.010009765625,4627717.0,1273.6983642578125
2012-11-22,1817.72998046875,1801.8800048828125,1804.2099609375,1810.27001953125,5773207.0,1280.9586181640625
2012-11-23,1829.3900146484375,1802.81005859375,1809.3399658203125,1814.469970703125,2902106.0,1283.9302978515625
2012-11-26,1824.260009765625,1807.010009765625,1815.8699951171875,1815.4000244140625,2528622.0,1284.58837890625
2012-11-27,1839.800048828125,1804.6800537109375,1822.4000244140625,1812.5999755859375,3200529.0,1282.607177734375
2012-11-28,1807.010009765625,1781.8299560546875,1800.93994140625,1803.739990234375,4684986.0,1276.337890625
2012-11-29,1851.77001953125,1807.469970703125,1819.1300048828125,1837.780029296875,6626432.0,1300.4246826171875
2012-11-30,1850.8399658203125,1829.6700439453125,1839.1800537109375,1829.8599853515625,4553055.0,1294.820556640625
2012-12-03,1851.31005859375,1821.9300537109375,1828.9200439453125,1833.1199951171875,2954173.0,1297.127197265625
2012-12-04,1837.780029296875,1816.3299560546875,1822.8599853515625,1820.06005859375,3727997.0,1287.885986328125
2012-12-05,1868.93994140625,1830.3199462890625,1841.97998046875,1863.4300537109375,6908551.0,1318.574951171875
2012-12-06,1887.2099609375,1851.31005859375,1860.1700439453125,1877.8900146484375,5411489.0,1328.806884765625
2012-12-07,1891.4100341796875,1867.1600341796875,1876.489990234375,1882.550048828125,5017431.0,1332.1044921875
2012-12-10,1887.6800537109375,1863.4300537109375,1878.3499755859375,1885.8199462890625,3332109.0,1334.4180908203125
2012-12-11,1930.0,1890.949951171875,1893.280029296875,1916.1300048828125,7808767.0,1355.8658447265625
2012-12-12,1931.97998046875,1911.0,1923.1199951171875,1928.719970703125,5280030.0,1364.7747802734375
2012-12-13,1939.9100341796875,1911.0,1939.9100341796875,1932.449951171875,4580399.0,1367.413818359375
2012-12-14,1955.760009765625,1921.260009765625,1935.25,1953.9000244140625,6267325.0,1382.5921630859375
2012-12-17,1981.4100341796875,1950.530029296875,1958.56005859375,1981.4100341796875,5400992.0,1402.058349609375
2012-12-18,2020.5799560546875,1978.6099853515625,1986.5400390625,2005.6600341796875,7668007.0,1419.2178955078125
2012-12-19,2032.7099609375,1998.199951171875,2010.7900390625,2001.0,5695207.0,1415.92041015625
2012-12-20,2018.719970703125,1994.0,1995.8699951171875,2004.260009765625,4970973.0,1418.2269287109375
2012-12-21,1996.800048828125,1972.550048828125,1986.5400390625,1992.5999755859375,8216183.0,1409.9764404296875
2012-12-24,2004.72998046875,1983.739990234375,1989.81005859375,1994.469970703125,914539.0,1411.2996826171875
2012-12-27,2034.9000244140625,1993.0699462890625,1993.0699462890625,2011.260009765625,2266792.0,1423.180419921875
2012-12-28,2030.8399658203125,1998.199951171875,2017.7900390625,2000.0699462890625,2569976.0,1415.26220703125
2012-12-31,2003.800048828125,1977.6800537109375,1991.2099609375,1986.0799560546875,1237630.0,1405.36279296875
2013-01-02,2075.72998046875,2021.050048828125,2021.050048828125,2059.75,5405624.0,1457.4921875
2013-01-03,2058.820068359375,2028.0400390625,2053.68994140625,2051.360107421875,5559072.0,1451.555419921875
2013-01-04,2046.22998046875,2020.5799560546875,2044.8299560546875,2035.510009765625,4784893.0,1440.3399658203125
2013-01-07,2042.030029296875,2015.9200439453125,2029.9100341796875,2022.9200439453125,5162917.0,1431.43115234375
2013-01-08,2019.6500244140625,1996.800048828125,2010.7900390625,2004.260009765625,5075725.0,1418.2269287109375
2013-01-09,2030.3800048828125,1996.3299560546875,2007.530029296875,2010.3199462890625,4481412.0,1422.5152587890625
2013-01-10,2021.280029296875,1980.949951171875,2006.1300048828125,1988.4100341796875,6999587.0,1407.011474609375
2013-01-11,1954.3699951171875,1925.449951171875,1949.239990234375,1935.25,8223613.0,1369.3953857421875
2013-01-14,1954.3699951171875,1929.6500244140625,1939.43994140625,1934.780029296875,4416625.0,1369.0625
2013-01-15,1956.699951171875,1923.5899658203125,1925.9200439453125,1931.97998046875,4922821.0,1367.0810546875
2013-01-16,1939.9100341796875,1905.47998046875,1921.719970703125,1936.6500244140625,6346362.0,1370.3858642578125
2013-01-17,1934.780029296875,1910.06005859375,1925.449951171875,1922.6600341796875,8927065.0,1360.486572265625
2013-01-18,1945.969970703125,1913.3299560546875,1937.1099853515625,1913.3299560546875,7599956.0,1353.8846435546875
2013-01-21,1943.6400146484375,1918.3499755859375,1924.989990234375,1940.8399658203125,3239401.0,1373.3505859375
2013-01-22,1952.030029296875,1919.8599853515625,1947.8399658203125,1940.8399658203125,5094592.0,1373.3505859375
2013-01-23,1979.0799560546875,1949.239990234375,1949.239990234375,1967.8900146484375,7120047.0,1392.4913330078125
2013-01-24,1999.1300048828125,1958.56005859375,1964.1600341796875,1994.469970703125,5384560.0,1411.2996826171875
2013-01-25,1980.949951171875,1951.5699462890625,1980.949951171875,1962.2900390625,5209471.0,1388.5289306640625
2013-01-28,1973.949951171875,1953.9000244140625,1957.6300048828125,1969.2900390625,3206389.0,1393.4820556640625
2013-01-29,2008.9300537109375,1960.4300537109375,1969.2900390625,2006.1300048828125,4336460.0,1419.55029296875
2013-01-30,2019.1800537109375,1991.6700439453125,2019.1800537109375,2004.260009765625,4237439.0,1418.2269287109375
2013-01-31,2031.31005859375,1987.93994140625,1994.0,2011.719970703125,6634209.0,1423.505859375
2013-02-01,2068.610107421875,2016.8499755859375,2016.8499755859375,2065.35009765625,5294254.0,1461.4549560546875
2013-02-04,2064.320068359375,2016.8499755859375,2063.02001953125,2021.97998046875,4743011.0,1430.765869140625
2013-02-05,2030.9000244140625,2010.7900390625,2014.06005859375,2017.3199462890625,4443284.0,1427.46826171875
2013-02-06,2043.9000244140625,2010.7900390625,2025.25,2036.9000244140625,4761098.0,1441.323486328125
2013-02-07,2040.1700439453125,2003.3299560546875,2019.1800537109375,2009.8599853515625,4162599.0,1422.189697265625
2013-02-08,2028.97998046875,2006.5899658203125,2014.989990234375,2010.7900390625,3335569.0,1422.8475341796875
2013-02-11,2019.7099609375,2000.530029296875,2007.989990234375,2014.06005859375,2207390.0,1425.1617431640625
2013-02-12,2007.989990234375,1985.6099853515625,2006.1300048828125,2006.1300048828125,4751691.0,1419.55029296875
2013-02-13,2063.02001953125,2008.9300537109375,2015.449951171875,2045.300048828125,5697603.0,1447.267333984375
2013-02-14,2081.800048828125,2043.4300537109375,2069.550048828125,2075.139892578125,7788674.0,1468.3822021484375
2013-02-15,2096.590087890625,2063.949951171875,2064.419921875,2079.81005859375,4665828.0,1471.6868896484375
2013-02-18,2087.27001953125,2060.219970703125,2085.39990234375,2070.010009765625,4003707.0,1464.752197265625
2013-02-19,2099.860107421875,2065.35009765625,2081.2099609375,2085.39990234375,5783475.0,1475.64208984375
2013-02-20,2070.47998046875,2020.1199951171875,2070.47998046875,2036.43994140625,9137710.0,1440.997802734375
2013-02-21,2014.06005859375,1953.9000244140625,1986.5400390625,1955.760009765625,14349573.0,1383.9080810546875
2013-02-22,1987.93994140625,1949.239990234375,1970.68994140625,1952.969970703125,5583182.0,1381.93408203125
2013-02-25,1995.8699951171875,1970.219970703125,1977.219970703125,1980.47998046875,6818338.0,1401.400146484375
2013-02-26,1956.699951171875,1921.260009765625,1931.050048828125,1942.7099609375,7970516.0,1374.6739501953125
2013-02-27,1964.1600341796875,1921.719970703125,1958.0999755859375,1954.3699951171875,7184353.0,1382.9244384765625
2013-02-28,1976.75,1932.449951171875,1976.280029296875,1948.300048828125,8415617.0,1378.62939453125
2013-03-01,1944.5699462890625,1910.530029296875,1944.5699462890625,1939.9100341796875,8217846.0,1372.692626953125
2013-03-04,1920.3199462890625,1872.2900390625,1905.8699951171875,1899.81005859375,7604143.0,1344.317626953125
2013-03-05,1970.68994140625,1874.6199951171875,1911.9300537109375,1965.56005859375,13940065.0,1390.8426513671875
2013-03-06,1952.5,1932.9100341796875,1944.5699462890625,1937.5799560546875,6280767.0,1398.070556640625
2013-03-07,1969.2900390625,1941.31005859375,1941.77001953125,1952.030029296875,5631962.0,1408.497314453125
2013-03-08,1970.68994140625,1930.1199951171875,1963.22998046875,1955.760009765625,6361807.0,1411.1883544921875
2013-03-11,1983.739990234375,1951.5699462890625,1957.1600341796875,1982.81005859375,5171751.0,1430.70654296875
2013-03-12,2003.5,1969.2900390625,1972.550048828125,1991.2099609375,5120422.0,1436.7674560546875
2013-03-13,1982.81005859375,1948.5999755859375,1982.81005859375,1965.0899658203125,5777173.0,1417.920654296875
2013-03-14,1969.75,1937.5799560546875,1969.75,1952.030029296875,6661532.0,1408.497314453125
2013-03-15,1966.9599609375,1919.8599853515625,1961.3599853515625,1925.9200439453125,9858504.0,1389.6572265625
2013-03-18,1922.18994140625,1880.68994140625,1890.47998046875,1915.6600341796875,4229349.0,1382.254150390625
2013-03-19,1897.93994140625,1832.6500244140625,1879.75,1848.0400390625,11356820.0,1333.4625244140625
2013-03-20,1865.760009765625,1819.5999755859375,1858.77001953125,1829.3900146484375,10896567.0,1320.00537109375
2013-03-21,1835.449951171875,1804.6800537109375,1834.52001953125,1828.9200439453125,7380278.0,1319.66650390625
2013-03-22,1833.5899658203125,1804.2099609375,1821.0,1805.6099853515625,7499778.0,1302.846923828125
2013-03-25,1824.260009765625,1782.010009765625,1818.6700439453125,1794.4200439453125,7028846.0,1294.7728271484375
2013-03-26,1814.530029296875,1787.8900146484375,1798.1500244140625,1807.93994140625,7549893.0,1304.528076171875
2013-03-27,1832.6500244140625,1800.93994140625,1819.1300048828125,1810.739990234375,5762048.0,1306.5484619140625
2013-03-28,1814.4100341796875,1784.6199951171875,1813.0699462890625,1786.02001953125,7586692.0,1288.7115478515625
2013-04-02,1817.72998046875,1774.3599853515625,1778.56005859375,1808.8699951171875,5937283.0,1305.19921875
2013-04-03,1794.4200439453125,1763.6400146484375,1794.4200439453125,1772.030029296875,7941694.0,1278.6171875
2013-04-04,1802.3499755859375,1757.5799560546875,1763.1700439453125,1769.22998046875,7748118.0,1276.5966796875
2013-04-05,1782.2900390625,1729.3199462890625,1770.1700439453125,1752.9100341796875,6365220.0,1264.8212890625
2013-04-08,1778.56005859375,1736.5899658203125,1762.239990234375,1751.510009765625,10055783.0,1263.8109130859375
2013-04-09,1816.3299560546875,1768.77001953125,1778.0899658203125,1813.0699462890625,10622611.0,1308.229736328125
2013-04-10,1830.8699951171875,1813.0699462890625,1821.4599609375,1819.5999755859375,8834488.0,1312.9415283203125
2013-04-11,1821.77001953125,1796.280029296875,1818.6700439453125,1802.81005859375,6655627.0,1300.82666015625
2013-04-12,1814.9300537109375,1756.1800537109375,1792.550048828125,1765.0400390625,9791019.0,1273.5733642578125
2013-04-15,1761.4200439453125,1690.4300537109375,1758.97998046875,1701.6199951171875,11259839.0,1227.8126220703125
2013-04-16,1742.18994140625,1678.1600341796875,1709.0799560546875,1717.469970703125,8324685.0,1239.2491455078125
2013-04-17,1724.0,1642.8599853515625,1716.5400390625,1659.1800537109375,13998709.0,1197.1898193359375
2013-04-18,1667.5799560546875,1636.3299560546875,1647.989990234375,1652.18994140625,8498442.0,1192.1458740234375
2013-04-19,1687.6300048828125,1650.3199462890625,1669.9100341796875,1662.449951171875,8828365.0,1199.5491943359375
2013-04-22,1676.43994140625,1632.3399658203125,1669.43994140625,1643.7900390625,6926750.0,1186.0848388671875
2013-04-23,1663.52001953125,1627.469970703125,1637.260009765625,1660.1099853515625,10390029.0,1197.8607177734375
2013-04-24,1758.0400390625,1663.3299560546875,1669.9100341796875,1690.4300537109375,10231665.0,1219.73828125
2013-04-25,1730.06005859375,1683.4300537109375,1702.550048828125,1718.4100341796875,9170071.0,1239.9276123046875
2013-04-26,1715.1400146484375,1680.6300048828125,1710.47998046875,1693.219970703125,7110421.0,1221.751220703125
2013-04-29,1714.2099609375,1681.0999755859375,1700.219970703125,1708.6099853515625,6998653.0,1232.8560791015625
2013-04-30,1719.800048828125,1658.719970703125,1707.6800537109375,1670.3699951171875,11009172.0,1205.263671875
2013-05-01,1694.4100341796875,1659.1800537109375,1683.9000244140625,1669.43994140625,3312891.0,1204.5927734375
2013-05-02,1665.7099609375,1632.5999755859375,1649.8599853515625,1661.97998046875,11345819.0,1199.2100830078125
2013-05-03,1737.06005859375,1662.449951171875,1668.510009765625,1723.0699462890625,10492059.0,1243.289794921875
2013-05-07,1765.5,1733.7900390625,1747.3199462890625,1756.1800537109375,11704043.0,1267.180419921875
2013-05-08,1799.8599853515625,1762.7099609375,1778.56005859375,1779.9599609375,7279930.0,1284.339111328125
2013-05-09,1815.8699951171875,1775.300048828125,1783.219970703125,1797.6800537109375,8047134.0,1297.125244140625
2013-05-10,1820.06005859375,1776.699951171875,1804.2099609375,1788.3499755859375,6038351.0,1290.3929443359375
2013-05-13,1795.8199462890625,1769.699951171875,1786.02001953125,1782.760009765625,3707225.0,1286.3594970703125
2013-05-14,1793.719970703125,1751.050048828125,1792.0799560546875,1790.68994140625,8907110.0,1292.0814208984375
2013-05-15,1788.8199462890625,1763.6400146484375,1772.969970703125,1776.699951171875,9307068.0,1281.98681640625
2013-05-16,1784.6199951171875,1759.43994140625,1767.3699951171875,1782.760009765625,6813074.0,1286.3594970703125
2013-05-17,1816.800048828125,1777.8599853515625,1787.4200439453125,1798.6099853515625,6308361.0,1297.7960205078125
2013-05-20,1800.93994140625,1774.8299560546875,1791.6199951171875,1795.3499755859375,5588339.0,1295.443603515625
2013-05-21,1848.97998046875,1792.0799560546875,1801.8800048828125,1848.510009765625,8778513.0,1333.8017578125
2013-05-22,1895.6099853515625,1838.25,1856.43994140625,1866.22998046875,9933700.0,1346.5880126953125
2013-05-23,1822.4000244140625,1789.75,1791.6199951171875,1811.6700439453125,10001853.0,1307.219482421875
2013-05-24,1814.469970703125,1781.8299560546875,1810.739990234375,1793.47998046875,5260104.0,1294.094482421875
2013-05-28,1815.4000244140625,1784.1600341796875,1785.0899658203125,1807.93994140625,10141775.0,1304.528076171875
2013-05-29,1824.81005859375,1787.4200439453125,1804.6800537109375,1800.010009765625,8472770.0,1298.80615234375
2013-05-30,1823.7900390625,1785.56005859375,1793.949951171875,1813.0699462890625,7900555.0,1308.229736328125
2013-05-31,1823.7900390625,1785.969970703125,1815.8699951171875,1786.489990234375,10685934.0,1289.050537109375
2013-06-03,1801.8800048828125,1761.31005859375,1780.4300537109375,1774.8299560546875,7872891.0,1280.637451171875
2013-06-04,1794.8800048828125,1761.77001953125,1791.6199951171875,1766.9000244140625,5556443.0,1274.9156494140625
2013-06-05,1758.510009765625,1704.4200439453125,1747.3199462890625,1718.8699951171875,10343358.0,1240.25927734375
2013-06-06,1727.27001953125,1692.760009765625,1721.199951171875,1698.3499755859375,11982800.0,1225.452880859375
2013-06-07,1711.4100341796875,1671.31005859375,1684.3599853515625,1709.0799560546875,9967508.0,1233.1951904296875
2013-06-10,1706.280029296875,1669.43994140625,1698.8199462890625,1685.300048828125,11456728.0,1216.0367431640625
2013-06-11,1660.8699951171875,1618.1500244140625,1660.1099853515625,1658.719970703125,16087731.0,1196.857666015625
2013-06-12,1677.4300537109375,1638.6600341796875,1649.3900146484375,1643.3299560546875,9542204.0,1185.7529296875
2013-06-13,1679.699951171875,1601.8199462890625,1607.8900146484375,1672.239990234375,13261396.0,1206.613037109375
2013-06-14,1710.010009765625,1677.8399658203125,1686.22998046875,1696.02001953125,8598622.0,1223.7716064453125
2013-06-17,1705.4300537109375,1677.6400146484375,1690.4300537109375,1693.219970703125,5487012.0,1221.751220703125
2013-06-18,1707.2099609375,1663.1500244140625,1671.31005859375,1697.8900146484375,7459186.0,1225.1209716796875
2013-06-19,1713.739990234375,1675.969970703125,1701.6199951171875,1689.9599609375,7014443.0,1219.3990478515625
2013-06-20,1641.4599609375,1600.8900146484375,1631.199951171875,1612.0799560546875,15035940.0,1163.2042236328125
2013-06-21,1651.719970703125,1588.77001953125,1619.0799560546875,1589.699951171875,13857302.0,1147.05615234375
2013-06-24,1586.9000244140625,1558.4599609375,1578.969970703125,1561.25,10261238.0,1126.52783203125
2013-06-25,1589.1199951171875,1561.25,1578.969970703125,1575.7099609375,9369236.0,1136.96142578125
2013-06-26,1587.8299560546875,1555.18994140625,1584.5699462890625,1560.3199462890625,15195477.0,1125.8565673828125
2013-06-27,1595.760009765625,1554.72998046875,1568.719970703125,1580.3699951171875,8602798.0,1140.323974609375
2013-06-28,1604.6199951171875,1557.06005859375,1590.1700439453125,1568.719970703125,9541679.0,1131.91796875
2013-07-01,1604.1600341796875,1556.1199951171875,1576.6400146484375,1599.030029296875,6940742.0,1153.7880859375
2013-07-02,1624.6700439453125,1589.699951171875,1610.219970703125,1595.760009765625,7702595.0,1151.4285888671875
2013-07-03,1574.31005859375,1533.27001953125,1574.31005859375,1557.989990234375,7716925.0,1124.1754150390625
2013-07-04,1627.93994140625,1565.449951171875,1565.449951171875,1613.02001953125,5857909.0,1163.882568359375
2013-07-05,1624.6700439453125,1548.6600341796875,1616.280029296875,1554.260009765625,8520168.0,1121.4840087890625
2013-07-08,1586.43994140625,1551.9300537109375,1562.18994140625,1575.239990234375,4678284.0,1136.6224365234375
2013-07-09,1634.9300537109375,1603.219970703125,1607.4200439453125,1613.02001953125,9109661.0,1163.882568359375
2013-07-10,1619.5400390625,1589.22998046875,1610.219970703125,1605.550048828125,6028763.0,1158.49267578125
2013-07-11,1687.1600341796875,1660.1099853515625,1669.43994140625,1678.77001953125,10858897.0,1211.3250732421875
2013-07-12,1693.68994140625,1662.739990234375,1678.77001953125,1678.77001953125,6990649.0,1211.3250732421875
2013-07-15,1706.280029296875,1675.0400390625,1676.43994140625,1685.760009765625,4818366.0,1216.36865234375
2013-07-16,1726.3299560546875,1690.8900146484375,1691.3599853515625,1708.6099853515625,7350658.0,1232.8560791015625
2013-07-17,1798.6099853515625,1721.199951171875,1725.4000244140625,1742.18994140625,11329864.0,1257.0859375
2013-07-18,1764.5699462890625,1724.9300537109375,1727.27001953125,1754.31005859375,5401562.0,1265.8310546875
2013-07-19,1764.5699462890625,1713.280029296875,1726.800048828125,1743.5899658203125,8048697.0,1258.0960693359375
2013-07-22,1758.1199951171875,1731.4599609375,1741.260009765625,1749.6500244140625,5078742.0,1262.46875
2013-07-23,1799.550048828125,1743.27001953125,1765.5,1784.1600341796875,8549823.0,1287.36962890625
2013-07-24,1812.5999755859375,1764.1099853515625,1780.4300537109375,1778.56005859375,7006719.0,1283.328857421875
2013-07-25,1764.1099853515625,1725.8699951171875,1761.77001953125,1751.510009765625,6576355.0,1263.8109130859375
2013-07-26,1775.300048828125,1745.449951171875,1759.9100341796875,1751.510009765625,4583358.0,1263.8109130859375
2013-07-29,1772.5,1749.6500244140625,1750.5799560546875,1765.0400390625,4608652.0,1273.5733642578125
2013-07-30,1768.300048828125,1751.050048828125,1762.7099609375,1753.3800048828125,4552455.0,1265.16015625
2013-07-31,1774.3599853515625,1739.5999755859375,1755.7099609375,1752.449951171875,5319730.0,1264.4891357421875
2013-08-01,1790.68994140625,1756.1800537109375,1757.5799560546875,1790.68994140625,5904640.0,1292.0814208984375
2013-08-02,1785.56005859375,1758.510009765625,1782.760009765625,1766.9000244140625,6576071.0,1274.9156494140625
2013-08-05,1782.2900390625,1757.1099853515625,1766.43994140625,1773.4300537109375,4457606.0,1279.6275634765625
2013-08-06,1773.2900390625,1733.7900390625,1770.1700439453125,1748.719970703125,8791111.0,1261.797607421875
2013-08-07,1740.3199462890625,1711.4100341796875,1736.5899658203125,1720.27001953125,6638459.0,1241.26953125
2013-08-08,1773.4300537109375,1724.469970703125,1726.3299560546875,1771.0999755859375,6746497.0,1277.946044921875
2013-08-09,1841.050048828125,1774.8299560546875,1782.760009765625,1831.260009765625,7368316.0,1321.3548583984375
2013-08-12,1861.5699462890625,1809.2099609375,1846.1800537109375,1849.9100341796875,8596246.0,1334.8118896484375
2013-08-13,1869.489990234375,1838.25,1851.77001953125,1855.969970703125,12220732.0,1339.1844482421875
2013-08-14,1877.4200439453125,1830.7900390625,1851.31005859375,1860.1700439453125,6873686.0,1342.2152099609375
2013-08-15,1871.8299560546875,1820.530029296875,1864.3599853515625,1842.449951171875,7103631.0,1329.4288330078125
2013-08-16,1859.3599853515625,1830.7900390625,1837.3199462890625,1853.6400146484375,8352460.0,1337.503173828125
2013-08-19,1846.6400146484375,1812.5999755859375,1844.780029296875,1824.260009765625,5751008.0,1316.3040771484375
2013-08-20,1805.1400146484375,1759.43994140625,1790.68994140625,1793.949951171875,9763124.0,1294.43359375
2013-08-21,1779.9599609375,1740.7900390625,1766.43994140625,1746.8499755859375,7745978.0,1260.448486328125
2013-08-22,1793.02001953125,1751.050048828125,1752.9100341796875,1779.9599609375,5937897.0,1284.339111328125
2013-08-23,1793.02001953125,1758.97998046875,1769.22998046875,1780.8900146484375,6196243.0,1285.0101318359375
2013-08-27,1767.8399658203125,1743.5899658203125,1767.8399658203125,1756.1800537109375,7208525.0,1267.180419921875
2013-08-28,1777.3599853515625,1729.1300048828125,1734.72998046875,1750.5799560546875,6382601.0,1263.139892578125
2013-08-29,1768.300048828125,1744.050048828125,1754.780029296875,1753.8499755859375,5022799.0,1265.4993896484375
2013-08-30,1767.8399658203125,1746.8499755859375,1761.31005859375,1751.510009765625,5866756.0,1263.8109130859375
2013-09-02,1815.8699951171875,1746.3800048828125,1787.8900146484375,1791.6199951171875,5431698.0,1292.7523193359375
2013-09-03,1821.9300537109375,1760.8399658203125,1802.3399658203125,1805.6099853515625,5703841.0,1302.846923828125
2013-09-04,1777.6300048828125,1755.239990234375,1773.9000244140625,1774.3599853515625,3901631.0,1307.6920166015625
2013-09-05,1803.4599609375,1758.510009765625,1775.300048828125,1783.68994140625,4681581.0,1314.5679931640625
2013-09-06,1799.0799560546875,1762.239990234375,1771.0999755859375,1791.6199951171875,7220787.0,1320.4124755859375
2013-09-09,1809.800048828125,1771.5699462890625,1797.2099609375,1778.56005859375,6761863.0,1310.7872314453125
2013-09-10,1820.530029296875,1763.6400146484375,1801.8800048828125,1808.4100341796875,6365141.0,1332.7864990234375
2013-09-11,1816.8900146484375,1791.1500244140625,1816.3299560546875,1802.3399658203125,5148221.0,1328.31298828125
2013-09-12,1815.4000244140625,1783.219970703125,1806.5400390625,1793.47998046875,7160113.0,1321.783203125
2013-09-13,1788.3499755859375,1745.449951171875,1787.4200439453125,1758.0400390625,6709643.0,1295.664306640625
2013-09-16,1794.4200439453125,1777.1600341796875,1781.8299560546875,1777.1600341796875,4467650.0,1309.755615234375
2013-09-17,1779.489990234375,1760.3699951171875,1777.1600341796875,1767.3699951171875,5800851.0,1302.5404052734375
2013-09-18,1775.300048828125,1750.1199951171875,1772.030029296875,1757.5799560546875,4779605.0,1295.3251953125
2013-09-19,1817.72998046875,1777.6300048828125,1798.1500244140625,1779.489990234375,7901923.0,1311.472900390625
2013-09-20,1782.760009765625,1748.719970703125,1782.760009765625,1749.1800537109375,8607762.0,1289.1346435546875
2013-09-23,1755.239990234375,1736.1300048828125,1749.1800537109375,1749.1800537109375,2914419.0,1289.1346435546875
2013-09-24,1751.510009765625,1727.27001953125,1749.6500244140625,1734.72998046875,4546315.0,1278.48486328125
2013-09-25,1760.8399658203125,1729.1300048828125,1734.72998046875,1739.3900146484375,6455972.0,1281.9190673828125
2013-09-26,1765.5,1737.52001953125,1742.18994140625,1756.1800537109375,3507054.0,1294.29345703125
2013-09-27,1756.1800537109375,1709.550048828125,1756.1800537109375,1717.010009765625,4934200.0,1265.42529296875
2013-09-30,1707.6800537109375,1684.8299560546875,1693.68994140625,1697.4200439453125,4906907.0,1250.98779296875
2013-10-01,1707.6800537109375,1666.6800537109375,1695.0899658203125,1683.4300537109375,5537676.0,1240.6771240234375
2013-10-02,1709.0799560546875,1657.3199462890625,1678.77001953125,1703.02001953125,5641999.0,1255.1148681640625
2013-10-03,1717.469970703125,1675.0400390625,1700.68994140625,1680.6300048828125,4401844.0,1238.6136474609375
2013-10-04,1686.9100341796875,1661.510009765625,1678.77001953125,1682.9599609375,4269797.0,1240.3306884765625
2013-10-07,1682.030029296875,1657.3199462890625,1676.43994140625,1680.6300048828125,4581313.0,1238.6136474609375
2013-10-08,1676.9000244140625,1640.050048828125,1672.239990234375,1649.3900146484375,7468179.0,1215.590087890625
2013-10-09,1666.1800537109375,1641.4599609375,1655.449951171875,1652.18994140625,6383809.0,1217.6533203125
2013-10-10,1680.1700439453125,1646.1199951171875,1658.719970703125,1670.8399658203125,5386124.0,1231.3983154296875
2013-10-11,1695.0899658203125,1672.239990234375,1684.8299560546875,1692.760009765625,4337482.0,1247.5531005859375
2013-10-14,1776.699951171875,1677.8399658203125,1692.760009765625,1694.1600341796875,3167316.0,1248.5850830078125
2013-10-15,1733.7900390625,1705.81005859375,1707.6800537109375,1718.4100341796875,7037521.0,1266.4573974609375
2013-10-16,1733.3299560546875,1694.6199951171875,1711.8800048828125,1725.4000244140625,6819848.0,1271.6087646484375
2013-10-17,1735.8599853515625,1706.280029296875,1718.4100341796875,1719.800048828125,4478446.0,1267.4815673828125
2013-10-18,1746.25,1723.530029296875,1725.4000244140625,1736.1300048828125,5480768.0,1279.5166015625
2013-10-21,1758.0400390625,1739.3900146484375,1744.050048828125,1747.3199462890625,4926618.0,1287.7635498046875
2013-10-22,1832.18994140625,1775.760009765625,1779.489990234375,1819.1300048828125,11658174.0,1340.687255859375
2013-10-23,1822.8599853515625,1782.760009765625,1818.199951171875,1793.02001953125,7235506.0,1321.4442138671875
2013-10-24,1823.3299560546875,1793.02001953125,1797.6800537109375,1818.6700439453125,5529598.0,1340.34814453125
2013-10-25,1827.06005859375,1787.8900146484375,1805.6099853515625,1821.4599609375,4344978.0,1342.404296875
2013-10-28,1837.780029296875,1803.739990234375,1834.050048828125,1813.5400390625,5584692.0,1336.5673828125
2013-10-29,1826.1300048828125,1788.8199462890625,1809.3399658203125,1817.72998046875,4687772.0,1339.6553955078125
2013-10-30,1837.780029296875,1813.0699462890625,1823.3299560546875,1820.530029296875,4095736.0,1341.7191162109375
2013-10-31,1825.6600341796875,1794.8800048828125,1818.199951171875,1800.47998046875,7072170.0,1326.9422607421875
2013-11-01,1814.469970703125,1780.4300537109375,1800.47998046875,1789.75,6577653.0,1319.034423828125
2013-11-04,1822.8599853515625,1797.2099609375,1797.2099609375,1818.199951171875,4763789.0,1340.0018310546875
2013-11-05,1861.5699462890625,1825.18994140625,1825.18994140625,1837.3199462890625,7981675.0,1354.093017578125
2013-11-06,1865.300048828125,1830.8399658203125,1850.3800048828125,1849.43994140625,6199325.0,1363.025390625
2013-11-07,1870.4300537109375,1827.06005859375,1844.780029296875,1835.9200439453125,6994975.0,1353.061279296875
2013-11-08,1840.9000244140625,1808.8699951171875,1819.5999755859375,1837.3199462890625,5450378.0,1354.093017578125
2013-11-11,1838.25,1809.3399658203125,1827.989990234375,1824.260009765625,3722821.0,1344.468017578125
2013-11-12,1824.72998046875,1801.4100341796875,1820.530029296875,1809.800048828125,5438294.0,1333.8111572265625
2013-11-13,1805.6099853515625,1754.31005859375,1798.1500244140625,1775.760009765625,8747653.0,1308.7237548828125
2013-11-14,1805.6099853515625,1764.5699462890625,1799.0799560546875,1784.6199951171875,5384251.0,1315.253662109375
2013-11-15,1813.0699462890625,1785.56005859375,1790.68994140625,1801.8800048828125,5601802.0,1327.973876953125
2013-11-18,1814.9300537109375,1796.75,1809.3399658203125,1809.800048828125,3359846.0,1333.8111572265625
2013-11-19,1805.1400146484375,1783.219970703125,1802.81005859375,1798.1500244140625,4153805.0,1325.22509765625
2013-11-20,1819.1300048828125,1776.699951171875,1783.219970703125,1805.6099853515625,4334460.0,1330.7230224609375
2013-11-21,1794.4200439453125,1774.3599853515625,1794.4200439453125,1780.8900146484375,4506899.0,1312.5045166015625
2013-11-22,1785.0899658203125,1734.72998046875,1783.219970703125,1749.6500244140625,6470416.0,1289.4808349609375
2013-11-25,1761.77001953125,1738.9200439453125,1753.3800048828125,1748.719970703125,2949550.0,1288.79541015625
2013-11-26,1757.06005859375,1708.6099853515625,1751.510009765625,1717.010009765625,7982101.0,1265.42529296875
2013-11-27,1742.6500244140625,1705.3499755859375,1713.739990234375,1719.800048828125,7003667.0,1267.4815673828125
2013-11-28,1758.0400390625,1708.1500244140625,1719.800048828125,1749.1800537109375,5429955.0,1289.1346435546875
2013-11-29,1756.1800537109375,1733.7900390625,1738.4599609375,1733.7900390625,7230892.0,1277.7921142578125
2013-12-02,1732.8599853515625,1696.489990234375,1721.199951171875,1699.2900390625,6037713.0,1252.365966796875
2013-12-03,1695.56005859375,1651.719970703125,1683.4300537109375,1680.1700439453125,9779295.0,1238.2747802734375
2013-12-04,1713.280029296875,1681.5699462890625,1691.3599853515625,1696.02001953125,11556910.0,1249.955810546875
2013-12-05,1712.260009765625,1684.3599853515625,1693.219970703125,1693.219970703125,6799299.0,1247.89208984375
2013-12-06,1736.5899658203125,1692.2900390625,1697.8900146484375,1720.739990234375,7951402.0,1268.174072265625
2013-12-09,1726.800048828125,1692.760009765625,1726.3299560546875,1719.800048828125,6953559.0,1267.4815673828125
2013-12-10,1711.8800048828125,1685.760009765625,1707.6800537109375,1685.760009765625,7142137.0,1242.3944091796875
2013-12-11,1704.8800048828125,1657.780029296875,1677.8399658203125,1664.780029296875,8032722.0,1226.93212890625
2013-12-12,1665.239990234375,1620.47998046875,1637.72998046875,1636.3299560546875,9536647.0,1205.96484375
2013-12-13,1651.25,1626.0699462890625,1638.6600341796875,1639.1300048828125,6403844.0,1208.0284423828125
2013-12-16,1679.699951171875,1599.489990234375,1632.5999755859375,1672.239990234375,6134890.0,1232.43017578125
2013-12-17,1677.8399658203125,1647.06005859375,1658.25,1664.31005859375,5652319.0,1226.5859375
2013-12-18,1686.22998046875,1663.8499755859375,1671.77001953125,1668.510009765625,6227390.0,1229.6812744140625
2013-12-19,1693.760009765625,1665.239990234375,1687.6300048828125,1680.1700439453125,7083989.0,1238.2747802734375
2013-12-20,1701.6199951171875,1662.449951171875,1689.030029296875,1683.9000244140625,19598083.0,1241.0235595703125
2013-12-23,1710.93994140625,1688.56005859375,1695.56005859375,1709.550048828125,3977493.0,1259.9276123046875
2013-12-27,1744.050048828125,1702.0799560546875,1720.739990234375,1742.18994140625,3160128.0,1283.98291015625
2013-12-30,1755.989990234375,1727.72998046875,1744.050048828125,1739.8599853515625,3561115.0,1282.265869140625
2014-01-02,1750.5799560546875,1711.4100341796875,1750.5799560546875,1727.27001953125,5427735.0,1272.9866943359375
2014-01-03,1736.93994140625,1708.43994140625,1728.199951171875,1732.4000244140625,3473786.0,1276.767578125
2014-01-06,1736.5899658203125,1701.6199951171875,1725.4000244140625,1705.3499755859375,5284237.0,1256.8319091796875
2014-01-07,1723.530029296875,1692.2900390625,1705.3499755859375,1705.3499755859375,4667996.0,1256.8319091796875
2014-01-08,1712.3399658203125,1684.8299560546875,1699.2900390625,1689.030029296875,6176243.0,1244.8043212890625
2014-01-09,1693.8699951171875,1648.9200439453125,1688.0899658203125,1652.6500244140625,7365123.0,1217.9925537109375
2014-01-10,1684.8299560546875,1647.52001953125,1662.9100341796875,1660.5799560546875,7867528.0,1223.8367919921875
2014-01-13,1680.1700439453125,1656.8499755859375,1671.77001953125,1675.969970703125,6886744.0,1235.1790771484375
2014-01-14,1669.43994140625,1645.77001953125,1661.510009765625,1661.510009765625,4784202.0,1224.522216796875
2014-01-15,1673.1700439453125,1646.1800537109375,1655.449951171875,1670.8399658203125,6750453.0,1231.3983154296875
2014-01-16,1740.3199462890625,1688.550048828125,1706.75,1734.72998046875,16708930.0,1278.48486328125
2014-01-17,1762.7099609375,1743.1199951171875,1743.1199951171875,1762.7099609375,14101105.0,1299.10595703125
2014-01-20,1771.5699462890625,1742.4100341796875,1748.719970703125,1759.43994140625,5153494.0,1296.69580078125
2014-01-21,1759.43994140625,1721.199951171875,1754.780029296875,1729.5999755859375,8318405.0,1274.7042236328125
2014-01-22,1747.780029296875,1701.6199951171875,1734.72998046875,1710.47998046875,7850409.0,1260.6126708984375
2014-01-23,1723.530029296875,1684.8199462890625,1691.8199462890625,1701.6199951171875,7489313.0,1254.0831298828125
2014-01-24,1699.6099853515625,1663.3800048828125,1699.2900390625,1670.8399658203125,9033057.0,1231.3983154296875
2014-01-27,1692.760009765625,1652.18994140625,1665.7099609375,1660.1099853515625,9318223.0,1223.490478515625
2014-01-28,1706.75,1652.52001953125,1676.9000244140625,1680.6300048828125,9054541.0,1238.6136474609375
2014-01-29,1717.010009765625,1646.1199951171875,1700.68994140625,1682.030029296875,10736669.0,1239.6455078125
2014-01-30,1691.8199462890625,1659.9100341796875,1674.5699462890625,1689.030029296875,7933360.0,1244.8043212890625
2014-01-31,1688.56005859375,1651.25,1681.5699462890625,1674.5699462890625,10086805.0,1234.1474609375
2014-02-03,1692.760009765625,1648.4599609375,1673.1700439453125,1654.989990234375,6320836.0,1219.7171630859375
2014-02-04,1718.9300537109375,1625.1400146484375,1643.3299560546875,1647.06005859375,8864154.0,1213.8726806640625
2014-02-05,1647.989990234375,1620.3599853515625,1639.5999755859375,1640.530029296875,8765858.0,1209.0601806640625
2014-02-06,1668.969970703125,1630.739990234375,1647.989990234375,1662.449951171875,9220875.0,1225.2149658203125
2014-02-07,1687.1600341796875,1655.9200439453125,1672.7099609375,1683.4300537109375,8606086.0,1240.6771240234375
2014-02-10,1704.8800048828125,1679.989990234375,1691.8199462890625,1692.760009765625,6859498.0,1247.5531005859375
2014-02-11,1727.72998046875,1695.280029296875,1704.8800048828125,1724.469970703125,10854766.0,1270.9234619140625
2014-02-12,1754.31005859375,1727.300048828125,1738.4599609375,1737.06005859375,7932447.0,1280.2021484375
2014-02-13,1753.3800048828125,1703.02001953125,1740.7900390625,1744.989990234375,12585988.0,1286.0465087890625
2014-02-14,1778.0899658203125,1716.0,1747.780029296875,1761.31005859375,10621440.0,1298.07421875
2014-02-17,1787.8900146484375,1763.1700439453125,1771.0999755859375,1783.219970703125,6770942.0,1314.2218017578125
2014-02-18,1823.7900390625,1783.68994140625,1816.800048828125,1817.72998046875,10730292.0,1339.6553955078125
2014-02-19,1839.1800537109375,1802.469970703125,1813.5400390625,1832.6500244140625,10253537.0,1350.6513671875
2014-02-20,1845.7099609375,1795.3499755859375,1795.3499755859375,1845.7099609375,13109590.0,1360.2763671875
2014-02-21,1855.0400390625,1824.260009765625,1851.31005859375,1837.3199462890625,11417654.0,1354.093017578125
2014-02-24,1837.3199462890625,1811.6700439453125,1826.1300048828125,1827.989990234375,9153312.0,1347.216796875
2014-02-25,1827.989990234375,1783.68994140625,1814.9300537109375,1798.6099853515625,13021369.0,1325.56396484375
2014-02-26,1808.8699951171875,1780.8900146484375,1793.949951171875,1787.8900146484375,6129164.0,1317.66357421875
2014-02-27,1811.6700439453125,1769.22998046875,1780.8900146484375,1796.280029296875,7607792.0,1323.8468017578125
2014-02-28,1798.6099853515625,1779.25,1792.0799560546875,1798.6099853515625,7910195.0,1325.56396484375
2014-03-03,1779.489990234375,1719.2099609375,1764.5699462890625,1776.699951171875,7103476.0,1309.41650390625
2014-03-04,1804.6800537109375,1744.31005859375,1788.3499755859375,1797.2099609375,8776622.0,1324.5322265625
2014-03-05,1775.760009765625,1747.780029296875,1765.0400390625,1756.1800537109375,6591483.0,1320.1700439453125
2014-03-06,1776.22998046875,1749.1800537109375,1760.3699951171875,1760.8399658203125,6298770.0,1323.673095703125
2014-03-07,1793.22998046875,1714.2099609375,1754.31005859375,1724.0,16307258.0,1295.9793701171875
2014-03-10,1709.550048828125,1665.22998046875,1692.760009765625,1699.2900390625,11009915.0,1277.404296875
2014-03-11,1715.1400146484375,1684.3599853515625,1706.75,1689.9599609375,8334297.0,1270.390625
2014-03-12,1789.8399658203125,1657.3199462890625,1678.77001953125,1672.239990234375,10654828.0,1257.0699462890625
2014-03-13,1699.2900390625,1667.5799560546875,1695.0899658203125,1669.43994140625,8502678.0,1254.965087890625
2014-03-14,1675.969970703125,1650.7900390625,1656.3800048828125,1666.1800537109375,9052197.0,1252.5145263671875
2014-03-17,1703.010009765625,1668.22998046875,1669.9100341796875,1686.699951171875,9041950.0,1267.9398193359375
2014-03-18,1708.6099853515625,1672.239990234375,1690.8900146484375,1693.68994140625,5807769.0,1273.194580078125
2014-03-19,1704.4200439453125,1657.3199462890625,1696.489990234375,1658.719970703125,7221879.0,1246.9066162109375
2014-03-20,1676.43994140625,1645.18994140625,1654.52001953125,1672.239990234375,9280562.0,1257.0699462890625
2014-03-21,1700.219970703125,1677.8399658203125,1677.8399658203125,1687.6300048828125,10384715.0,1268.6387939453125
2014-03-24,1698.8199462890625,1667.199951171875,1695.56005859375,1680.6300048828125,5557576.0,1263.3770751953125
2014-03-25,1721.199951171875,1692.760009765625,1692.760009765625,1719.3399658203125,7714569.0,1292.4764404296875
2014-03-26,1737.52001953125,1703.02001953125,1725.8699951171875,1707.6800537109375,7162276.0,1283.7113037109375
2014-03-27,1711.8800048828125,1691.47998046875,1700.219970703125,1709.0799560546875,5520022.0,1284.763671875
2014-03-28,1744.4100341796875,1709.1500244140625,1721.199951171875,1727.27001953125,6140311.0,1298.4373779296875
2014-03-31,1749.1099853515625,1713.280029296875,1739.3900146484375,1719.800048828125,7877414.0,1292.8221435546875
2014-04-01,1768.77001953125,1742.1500244140625,1749.6500244140625,1755.239990234375,9799431.0,1319.4635009765625
2014-04-02,1796.280029296875,1758.280029296875,1761.31005859375,1787.8900146484375,7451654.0,1344.0074462890625
2014-04-03,1802.3399658203125,1771.0999755859375,1772.030029296875,1796.280029296875,7821987.0,1350.3143310546875
2014-04-04,1833.5899658203125,1785.9200439453125,1795.8199462890625,1828.9200439453125,7342684.0,1374.850830078125
2014-04-07,1820.8900146484375,1786.1700439453125,1812.1400146484375,1798.1500244140625,5464674.0,1351.7200927734375
2014-04-08,1820.3599853515625,1780.8900146484375,1801.8800048828125,1809.3399658203125,8279037.0,1360.1317138671875
2014-04-09,1831.719970703125,1802.81005859375,1812.5999755859375,1811.6700439453125,6457856.0,1361.88330078125
2014-04-10,1825.800048828125,1786.72998046875,1811.6700439453125,1800.93994140625,7491335.0,1353.8173828125
2014-04-11,1800.8599853515625,1766.9000244140625,1789.75,1780.8900146484375,7634074.0,1338.7452392578125
2014-04-14,1807.6500244140625,1764.6700439453125,1779.030029296875,1807.469970703125,6542445.0,1358.72607421875
2014-04-15,1811.199951171875,1764.5899658203125,1804.2099609375,1771.0999755859375,7212135.0,1331.3857421875
2014-04-16,1805.1400146484375,1765.0400390625,1799.550048828125,1780.8900146484375,4736399.0,1338.7452392578125
2014-04-17,1789.75,1753.3800048828125,1785.56005859375,1784.1600341796875,4641062.0,1341.203369140625
2014-04-22,1798.6099853515625,1772.969970703125,1781.8299560546875,1789.2900390625,8356467.0,1345.0599365234375
2014-04-23,1797.43994140625,1779.030029296875,1790.219970703125,1790.68994140625,4540200.0,1346.1124267578125
2014-04-24,1811.199951171875,1790.219970703125,1794.8800048828125,1799.0799560546875,4125775.0,1352.4190673828125
2014-04-25,1809.75,1784.6199951171875,1791.6199951171875,1794.4200439453125,4127987.0,1348.916259765625
2014-04-28,1794.530029296875,1765.0400390625,1786.02001953125,1774.3599853515625,5626747.0,1333.83642578125
2014-04-29,1790.219970703125,1756.1800537109375,1776.699951171875,1789.2900390625,5647282.0,1345.0599365234375
2014-04-30,1799.0799560546875,1772.5,1779.030029296875,1789.75,5456304.0,1345.4056396484375
2014-05-01,1787.8900146484375,1761.31005859375,1775.760009765625,1768.300048828125,2274346.0,1329.2808837890625
2014-05-02,1808.9100341796875,1754.780029296875,1761.77001953125,1800.93994140625,6256186.0,1353.8173828125
2014-05-06,1794.8800048828125,1762.7099609375,1791.6199951171875,1783.219970703125,5862793.0,1340.496826171875
2014-05-07,1787.97998046875,1754.31005859375,1770.1700439453125,1787.8900146484375,4336444.0,1344.0074462890625
2014-05-08,1794.4200439453125,1781.3599853515625,1789.75,1784.1600341796875,3645744.0,1341.203369140625
2014-05-09,1793.47998046875,1767.8399658203125,1790.68994140625,1768.77001953125,4134985.0,1329.6341552734375
2014-05-12,1823.510009765625,1788.699951171875,1792.550048828125,1816.800048828125,8908565.0,1365.7398681640625
2014-05-13,1855.5,1768.77001953125,1827.06005859375,1832.6500244140625,7706112.0,1377.6546630859375
2014-05-14,1866.699951171875,1830.3199462890625,1838.25,1860.6300048828125,7027959.0,1398.6881103515625
2014-05-15,1881.6199951171875,1840.1199951171875,1858.77001953125,1848.510009765625,7918853.0,1389.5772705078125
2014-05-16,1850.8399658203125,1806.5400390625,1846.6400146484375,1821.4599609375,6888014.0,1369.2427978515625
2014-05-19,1820.530029296875,1793.949951171875,1809.3399658203125,1811.199951171875,5725664.0,1361.5302734375
2014-05-20,1815.8699951171875,1780.4300537109375,1808.8699951171875,1786.949951171875,5072657.0,1343.30078125
2014-05-21,1787.510009765625,1764.5699462890625,1775.300048828125,1786.489990234375,3876239.0,1342.9547119140625
2014-05-22,1813.5400390625,1793.47998046875,1800.010009765625,1805.1400146484375,4232004.0,1356.974609375
2014-05-23,1819.949951171875,1792.0799560546875,1805.1400146484375,1816.3299560546875,4430462.0,1365.3865966796875
2014-05-27,1823.3299560546875,1805.6099853515625,1822.8599853515625,1816.3299560546875,5146452.0,1365.3865966796875
2014-05-28,1824.72998046875,1786.489990234375,1812.1400146484375,1792.550048828125,6342610.0,1347.51025390625
2014-05-29,1810.739990234375,1790.219970703125,1793.47998046875,1809.800048828125,2889510.0,1360.4779052734375
2014-05-30,1796.280029296875,1735.18994140625,1796.280029296875,1742.18994140625,11685178.0,1309.6533203125
2014-06-02,1765.969970703125,1745.969970703125,1755.7099609375,1759.9100341796875,5661208.0,1322.9739990234375
2014-06-03,1753.31005859375,1728.6600341796875,1743.5899658203125,1749.6500244140625,5592715.0,1315.2613525390625
2014-06-04,1771.0999755859375,1740.719970703125,1751.050048828125,1756.1800537109375,5970498.0,1320.1700439453125
2014-06-05,1761.77001953125,1737.06005859375,1749.1800537109375,1749.6500244140625,7153299.0,1315.2613525390625
2014-06-06,1769.47998046875,1744.3699951171875,1759.43994140625,1764.5699462890625,4183574.0,1326.47705078125
2014-06-09,1788.8199462890625,1768.300048828125,1768.300048828125,1775.760009765625,4518025.0,1334.888916015625
2014-06-10,1771.0999755859375,1751.97998046875,1767.8399658203125,1760.3699951171875,4713392.0,1323.319580078125
2014-06-11,1767.8399658203125,1747.3199462890625,1754.780029296875,1765.0400390625,5467132.0,1326.830322265625
2014-06-12,1762.68994140625,1725.8699951171875,1750.5799560546875,1742.18994140625,6887976.0,1309.6533203125
2014-06-13,1750.5799560546875,1710.010009765625,1727.72998046875,1725.4000244140625,7406554.0,1297.0318603515625
2014-06-16,1757.280029296875,1723.530029296875,1726.3299560546875,1739.3900146484375,5644598.0,1307.54833984375
2014-06-17,1746.0799560546875,1707.6800537109375,1734.72998046875,1727.72998046875,9074306.0,1298.783447265625
2014-06-18,1752.449951171875,1726.6099853515625,1733.7900390625,1748.25,6205649.0,1314.2088623046875
2014-06-19,1788.5899658203125,1765.5,1775.760009765625,1765.5,6842025.0,1327.176025390625
2014-06-20,1776.699951171875,1753.8499755859375,1757.1099853515625,1773.4300537109375,9954988.0,1333.1375732421875
2014-06-23,1813.0699462890625,1781.3599853515625,1781.3599853515625,1807.469970703125,8799135.0,1358.72607421875
2014-06-24,1817.72998046875,1782.760009765625,1811.6700439453125,1792.0799560546875,4000917.0,1347.156982421875
2014-06-25,1785.56005859375,1764.1099853515625,1784.1600341796875,1772.030029296875,4510471.0,1332.0849609375
2014-06-26,1792.0799560546875,1759.43994140625,1784.6199951171875,1772.030029296875,4464651.0,1332.0849609375
2014-06-27,1788.8199462890625,1765.969970703125,1772.969970703125,1784.6199951171875,3648118.0,1341.54931640625
2014-06-30,1776.5400390625,1757.5799560546875,1765.5,1762.239990234375,4939405.0,1324.7254638671875
2014-07-01,1813.5400390625,1719.3699951171875,1772.969970703125,1813.5400390625,6840406.0,1363.2891845703125
2014-07-02,1838.25,1810.3599853515625,1818.6700439453125,1827.06005859375,6817045.0,1373.45263671875
2014-07-03,1865.300048828125,1828.9200439453125,1837.780029296875,1865.300048828125,8257900.0,1402.198486328125
2014-07-04,1877.4200439453125,1848.0400390625,1855.969970703125,1875.56005859375,4681873.0,1409.9114990234375
2014-07-07,1867.6300048828125,1849.6800537109375,1863.9000244140625,1860.6300048828125,5454618.0,1398.6881103515625
2014-07-08,1873.219970703125,1842.449951171875,1863.4300537109375,1842.449951171875,5690827.0,1385.021484375
2014-07-09,1854.47998046875,1836.3900146484375,1845.7099609375,1846.6400146484375,4434809.0,1388.17138671875
2014-07-10,1851.77001953125,1812.1400146484375,1838.719970703125,1820.06005859375,6937644.0,1368.1903076171875
2014-07-11,1829.8599853515625,1807.93994140625,1829.8599853515625,1828.9200439453125,5326735.0,1374.850830078125
2014-07-14,1868.0999755859375,1835.9200439453125,1841.050048828125,1858.77001953125,3874020.0,1397.2899169921875
2014-07-15,1889.550048828125,1851.31005859375,1863.9000244140625,1857.8399658203125,6969824.0,1396.5908203125
2014-07-16,1899.760009765625,1860.6300048828125,1865.760009765625,1897.010009765625,6231662.0,1426.035888671875
2014-07-17,1898.3800048828125,1865.760009765625,1883.02001953125,1873.68994140625,5934275.0,1408.505615234375
2014-07-18,1875.56005859375,1850.8399658203125,1866.699951171875,1875.56005859375,6020260.0,1409.9114990234375
2014-07-21,1880.219970703125,1862.030029296875,1875.56005859375,1877.4200439453125,3471679.0,1411.3094482421875
2014-07-22,1921.260009765625,1887.2099609375,1888.6099853515625,1916.1300048828125,5391715.0,1440.4091796875
2014-07-23,1944.1099853515625,1915.18994140625,1926.3900146484375,1927.3199462890625,7325755.0,1448.82080078125
2014-07-24,1943.1700439453125,1911.4599609375,1934.31005859375,1942.7099609375,7454083.0,1460.3900146484375
2014-07-25,1946.9000244140625,1924.3599853515625,1937.1099853515625,1941.31005859375,3787195.0,1459.3375244140625
2014-07-28,1955.300048828125,1923.5899658203125,1944.5699462890625,1935.7099609375,3848088.0,1455.1278076171875
2014-07-29,1960.4300537109375,1934.31005859375,1941.77001953125,1954.8299560546875,6183329.0,1469.5008544921875
2014-07-30,1953.9000244140625,1903.0699462890625,1953.9000244140625,1910.06005859375,5858789.0,1435.8460693359375
2014-07-31,1924.449951171875,1888.6099853515625,1915.18994140625,1892.3399658203125,6477531.0,1422.5252685546875
2014-08-01,1885.3499755859375,1845.25,1885.3499755859375,1876.02001953125,7292810.0,1410.257080078125
2014-08-04,1891.8800048828125,1868.56005859375,1891.8800048828125,1877.8900146484375,6463844.0,1411.662841796875
2014-08-05,1887.2099609375,1861.5699462890625,1877.4200439453125,1877.8900146484375,7424914.0,1411.662841796875
2014-08-06,1899.3399658203125,1855.969970703125,1870.4300537109375,1897.93994140625,8017400.0,1426.7349853515625
2014-08-07,1920.3199462890625,1857.3699951171875,1904.469970703125,1858.77001953125,7864713.0,1397.2899169921875
2014-08-08,1873.219970703125,1829.02001953125,1855.0400390625,1870.8900146484375,5407064.0,1406.4007568359375
2014-08-11,1920.5699462890625,1872.2900390625,1879.2900390625,1906.3299560546875,5173418.0,1433.041748046875
2014-08-12,1920.5699462890625,1885.989990234375,1904.0,1897.469970703125,3608719.0,1426.3818359375
2014-08-13,1904.0,1881.530029296875,1897.93994140625,1902.1400146484375,6411195.0,1429.892333984375
2014-08-14,1897.469970703125,1880.219970703125,1888.1500244140625,1889.0799560546875,5846049.0,1420.0748291015625
2014-08-15,1960.9200439453125,1879.3299560546875,1958.56005859375,1911.9300537109375,10299658.0,1437.251708984375
2014-08-18,1951.5899658203125,1912.8599853515625,1938.510009765625,1927.7900390625,5429345.0,1449.1741943359375
2014-08-19,1926.75,1829.3900146484375,1874.6199951171875,1832.6500244140625,19451037.0,1377.6546630859375
2014-08-20,1852.0999755859375,1812.5999755859375,1832.6500244140625,1845.7099609375,9455611.0,1387.4722900390625
2014-08-21,1847.5799560546875,1742.18994140625,1835.449951171875,1838.25,6590491.0,1381.8641357421875
2014-08-22,1842.449951171875,1804.2099609375,1839.1800537109375,1813.0699462890625,6750190.0,1362.935791015625
2014-08-26,1828.239990234375,1797.2099609375,1820.530029296875,1812.5999755859375,7043009.0,1362.582763671875
2014-08-27,1829.3900146484375,1808.1800537109375,1817.72998046875,1814.469970703125,5431720.0,1363.988037109375
2014-08-28,1806.949951171875,1760.3699951171875,1803.280029296875,1763.6400146484375,11446722.0,1325.7779541015625
2014-08-29,1785.56005859375,1761.31005859375,1775.300048828125,1779.030029296875,6605963.0,1337.3470458984375
2014-09-01,1785.4200439453125,1734.6199951171875,1779.030029296875,1776.699951171875,4363822.0,1335.5955810546875
2014-09-02,1807.469970703125,1751.6500244140625,1794.4200439453125,1790.68994140625,8068465.0,1346.1124267578125
2014-09-03,1793.47998046875,1750.1199951171875,1756.6400146484375,1763.6400146484375,7899496.0,1354.524169921875
2014-09-04,1781.3599853515625,1758.510009765625,1764.1099853515625,1776.699951171875,8099263.0,1364.5548095703125
2014-09-05,1772.969970703125,1750.5799560546875,1767.8399658203125,1768.77001953125,6399282.0,1358.4642333984375
2014-09-08,1777.1600341796875,1757.1099853515625,1762.7099609375,1763.6400146484375,6248604.0,1354.524169921875
2014-09-09,1780.4300537109375,1744.25,1769.22998046875,1745.9200439453125,7683254.0,1340.9149169921875
2014-09-10,1761.3800048828125,1731.9300537109375,1741.260009765625,1736.5899658203125,6293523.0,1333.7491455078125
2014-09-11,1737.989990234375,1715.52001953125,1733.7900390625,1724.469970703125,7325066.0,1324.4405517578125
2014-09-12,1739.3900146484375,1720.27001953125,1720.27001953125,1724.0,5017174.0,1324.07958984375
2014-09-15,1729.1300048828125,1710.010009765625,1720.739990234375,1717.93994140625,6243118.0,1319.4254150390625
2014-09-16,1724.469970703125,1702.550048828125,1719.800048828125,1712.3399658203125,5789052.0,1315.12451171875
2014-09-17,1731.9300537109375,1694.1600341796875,1724.0,1694.6199951171875,6862568.0,1301.514892578125
2014-09-18,1699.2900390625,1679.699951171875,1688.56005859375,1694.1600341796875,6281658.0,1301.1617431640625
2014-09-19,1696.02001953125,1667.1099853515625,1692.760009765625,1672.7099609375,12983060.0,1284.6876220703125
2014-09-22,1650.7900390625,1610.6800537109375,1647.52001953125,1613.949951171875,9894471.0,1239.5582275390625
2014-09-23,1638.199951171875,1616.280029296875,1632.5999755859375,1624.2099609375,14259484.0,1247.438232421875
2014-09-24,1678.300048828125,1618.1500244140625,1636.3299560546875,1676.43994140625,12003401.0,1287.55224609375
2014-09-25,1661.97998046875,1618.1500244140625,1661.97998046875,1628.4000244140625,12118803.0,1250.65625
2014-09-26,1635.8699951171875,1603.68994140625,1620.93994140625,1615.3499755859375,7666767.0,1240.6334228515625
2014-09-29,1609.75,1590.1600341796875,1599.489990234375,1604.6199951171875,5772757.0,1232.3927001953125
2014-09-30,1615.3499755859375,1584.0999755859375,1611.6199951171875,1599.489990234375,11450594.0,1228.452392578125
2014-10-01,1602.760009765625,1570.5799560546875,1594.3599853515625,1576.6400146484375,10345614.0,1210.9033203125
2014-10-02,1585.5,1554.72998046875,1583.6400146484375,1554.72998046875,11913606.0,1194.0755615234375
2014-10-03,1574.780029296875,1527.2099609375,1571.97998046875,1539.3399658203125,9199728.0,1182.255615234375
2014-10-06,1581.31005859375,1528.6099853515625,1544.469970703125,1562.6500244140625,10478994.0,1200.158447265625
2014-10-07,1592.030029296875,1549.1300048828125,1585.5,1555.6600341796875,12094365.0,1194.7900390625
2014-10-08,1560.300048828125,1534.8299560546875,1550.989990234375,1545.4000244140625,10515467.0,1186.9100341796875
2014-10-09,1592.030029296875,1548.6600341796875,1584.5699462890625,1553.3299560546875,11035069.0,1193.000244140625
2014-10-10,1544.469970703125,1501.0999755859375,1539.800048828125,1504.8299560546875,11605938.0,1155.7509765625
2014-10-13,1553.3299560546875,1510.8900146484375,1528.1500244140625,1548.6600341796875,9180757.0,1189.4136962890625
2014-10-14,1583.1700439453125,1550.989990234375,1563.1199951171875,1572.9100341796875,10975112.0,1208.0384521484375
2014-10-15,1586.43994140625,1529.5400390625,1580.8399658203125,1537.010009765625,13535119.0,1180.46630859375
2014-10-16,1585.5,1495.4100341796875,1579.9100341796875,1546.800048828125,21573177.0,1187.9852294921875
2014-10-17,1577.1099853515625,1495.4000244140625,1552.8599853515625,1569.1800537109375,10263073.0,1205.173828125
2014-10-20,1575.7099609375,1543.530029296875,1571.510009765625,1547.260009765625,7419352.0,1188.338623046875
2014-10-21,1586.9000244140625,1541.199951171875,1552.8599853515625,1575.7099609375,10509767.0,1210.18896484375
2014-10-22,1584.0999755859375,1545.8699951171875,1580.3699951171875,1552.3900146484375,9244053.0,1192.278564453125
2014-10-23,1551.9300537109375,1513.219970703125,1536.5400390625,1546.800048828125,8120718.0,1187.9852294921875
2014-10-24,1556.699951171875,1514.6199951171875,1540.739990234375,1517.4200439453125,9137140.0,1165.4202880859375
2014-10-27,1544.0,1494.0999755859375,1538.8699951171875,1502.5,8313046.0,1153.961669921875
2014-10-28,1527.6800537109375,1504.6300048828125,1514.6199951171875,1521.6199951171875,8504153.0,1168.6461181640625
2014-10-29,1545.8699951171875,1517.8900146484375,1536.0699462890625,1520.219970703125,6533084.0,1167.5709228515625
2014-10-30,1524.8800048828125,1482.9100341796875,1523.47998046875,1506.68994140625,11729921.0,1157.1796875
2014-10-31,1537.6600341796875,1493.6400146484375,1531.4100341796875,1502.030029296875,11590427.0,1153.6004638671875
2014-11-03,1524.8800048828125,1493.6400146484375,1499.699951171875,1502.030029296875,6985522.0,1153.6004638671875
2014-11-04,1522.0799560546875,1490.8399658203125,1501.56005859375,1502.030029296875,8390049.0,1153.6004638671875
2014-11-05,1512.760009765625,1485.7099609375,1503.4300537109375,1510.4200439453125,6403536.0,1160.0443115234375
2014-11-06,1529.0799560546875,1492.5999755859375,1502.030029296875,1518.3499755859375,6442363.0,1166.1346435546875
2014-11-07,1571.050048828125,1502.030029296875,1527.6800537109375,1563.1199951171875,13144874.0,1200.5194091796875
2014-11-10,1593.4300537109375,1502.5,1569.1800537109375,1559.3900146484375,7374066.0,1197.6546630859375
2014-11-11,1585.6199951171875,1528.18994140625,1553.7900390625,1543.530029296875,6958966.0,1185.4736328125
2014-11-12,1557.06005859375,1519.06005859375,1533.739990234375,1550.989990234375,5993219.0,1191.2032470703125
2014-11-13,1564.1500244140625,1534.1600341796875,1553.7900390625,1550.989990234375,4438105.0,1191.2032470703125
2014-11-14,1549.5999755859375,1516.489990234375,1546.3299560546875,1546.3299560546875,7071160.0,1187.6241455078125
2014-11-17,1573.8399658203125,1543.1199951171875,1545.4000244140625,1556.1199951171875,5301054.0,1195.143310546875
2014-11-18,1565.8699951171875,1537.469970703125,1546.3299560546875,1548.199951171875,5714092.0,1189.0604248046875
2014-11-19,1540.050048828125,1509.030029296875,1532.3399658203125,1515.550048828125,8084328.0,1163.9842529296875
2014-11-20,1495.280029296875,1461.9300537109375,1492.239990234375,1475.9200439453125,11264428.0,1133.54736328125
2014-11-21,1618.780029296875,1472.56005859375,1481.97998046875,1550.06005859375,18513390.0,1190.489013671875
2014-11-24,1544.0,1506.22998046875,1543.530029296875,1511.8199462890625,9474438.0,1161.1195068359375
2014-11-25,1506.010009765625,1475.449951171875,1495.5,1486.1800537109375,10794074.0,1141.42724609375
2014-11-26,1517.4200439453125,1486.1800537109375,1502.5,1497.3699951171875,7823642.0,1150.021484375
2014-11-27,1512.760009765625,1453.0699462890625,1491.31005859375,1461.4599609375,8818418.0,1122.4417724609375
2014-11-28,1439.6500244140625,1407.3699951171875,1436.75,1414.8299560546875,14722711.0,1086.6285400390625
2014-12-01,1399.43994140625,1322.5,1334.6199951171875,1384.050048828125,13432504.0,1062.988525390625
2014-12-02,1437.6800537109375,1399.43994140625,1402.239990234375,1413.9000244140625,9333097.0,1085.9141845703125
2014-12-03,1424.6199951171875,1396.6400146484375,1408.77001953125,1416.22998046875,6249872.0,1087.7037353515625
2014-12-04,1426.02001953125,1389.6500244140625,1419.489990234375,1398.969970703125,10123699.0,1074.44775390625
2014-12-05,1402.239990234375,1362.4200439453125,1400.3699951171875,1374.719970703125,10461522.0,1055.8228759765625
2014-12-08,1365.77001953125,1334.1500244140625,1360.27001953125,1340.219970703125,8491425.0,1029.325927734375
2014-12-09,1343.949951171875,1288.219970703125,1321.56005859375,1318.300048828125,11552833.0,1012.49072265625
2014-12-10,1328.0899658203125,1290.7900390625,1326.68994140625,1293.1199951171875,8232840.0,993.1519165039062
2014-12-11,1311.77001953125,1252.0799560546875,1291.719970703125,1269.3299560546875,10379441.0,974.880615234375
2014-12-12,1260.010009765625,1233.8900146484375,1259.0799560546875,1235.760009765625,13366292.0,949.0977783203125
2014-12-15,1260.469970703125,1189.5899658203125,1229.699951171875,1190.06005859375,12390344.0,913.9989624023438
2014-12-16,1229.22998046875,1165.9599609375,1188.6600341796875,1229.22998046875,14056213.0,944.0825805664062
2014-12-17,1247.4200439453125,1196.5899658203125,1212.43994140625,1238.0899658203125,15366685.0,950.887451171875
2014-12-18,1262.81005859375,1229.699951171875,1259.0799560546875,1240.4200439453125,15291788.0,952.6769409179688
2014-12-19,1290.7900390625,1247.4200439453125,1256.739990234375,1284.719970703125,14858828.0,986.7003784179688
2014-12-22,1314.5699462890625,1271.6700439453125,1301.97998046875,1275.8599853515625,7356856.0,979.8956909179688
2014-12-23,1291.719970703125,1250.8399658203125,1270.72998046875,1289.3900146484375,5080136.0,990.2870483398438
2014-12-29,1327.6300048828125,1249.8199462890625,1319.699951171875,1312.239990234375,4945062.0,1007.8364868164062
2014-12-30,1309.9100341796875,1287.989990234375,1303.3800048828125,1296.3800048828125,4307941.0,995.6556396484375
2015-01-02,1311.77001953125,1274.9300537109375,1300.1099853515625,1285.18994140625,4427759.0,987.0615234375
2015-01-05,1300.5799560546875,1224.3800048828125,1282.3900146484375,1227.8299560546875,10075690.0,943.0073852539062
2015-01-06,1255.81005859375,1208.7099609375,1233.4300537109375,1235.2900390625,8653871.0,948.73681640625
2015-01-07,1265.1400146484375,1224.0999755859375,1243.219970703125,1251.1500244140625,7139448.0,960.917724609375
2015-01-08,1296.3800048828125,1253.47998046875,1266.0699462890625,1294.050048828125,9460324.0,993.8662109375
2015-01-09,1299.1800537109375,1274.0,1299.1800537109375,1283.3199462890625,7730075.0,985.6251831054688
2015-01-12,1285.6600341796875,1243.68994140625,1284.719970703125,1260.010009765625,6111740.0,967.7225952148438
2015-01-13,1284.719970703125,1243.0699462890625,1249.75,1265.5999755859375,6632783.0,972.0158081054688
2015-01-14,1257.8199462890625,1163.47998046875,1226.4300537109375,1198.449951171875,16950263.0,920.4427490234375
2015-01-15,1272.1300048828125,1191.9300537109375,1229.699951171875,1257.2099609375,20481242.0,965.572021484375
2015-01-16,1300.5799560546875,1239.02001953125,1252.0799560546875,1294.52001953125,10964556.0,994.2271728515625
2015-01-19,1302.1600341796875,1266.5400390625,1297.31005859375,1275.8599853515625,6536246.0,979.8956909179688
2015-01-20,1309.9100341796875,1262.81005859375,1285.18994140625,1298.7099609375,8028881.0,997.4452514648438
2015-01-21,1332.699951171875,1289.8499755859375,1298.7099609375,1330.8900146484375,9204803.0,1022.1602172851562
2015-01-22,1383.1199951171875,1329.9599609375,1333.68994140625,1354.2099609375,12929286.0,1040.0706787109375
2015-01-23,1362.1300048828125,1323.8900146484375,1359.800048828125,1329.02001953125,11207818.0,1020.7241821289062
2015-01-26,1335.0899658203125,1282.77001953125,1305.7099609375,1335.0899658203125,9547765.0,1025.385986328125
2015-01-27,1351.760009765625,1306.1700439453125,1338.3499755859375,1322.030029296875,8087175.0,1015.3556518554688
2015-01-28,1342.510009765625,1304.31005859375,1335.550048828125,1326.68994140625,6576801.0,1018.9346313476562
2015-01-29,1333.219970703125,1309.43994140625,1322.5,1318.300048828125,7482904.0,1012.49072265625
2015-01-30,1362.1300048828125,1324.780029296875,1329.02001953125,1345.81005859375,9989259.0,1033.619140625
2015-02-02,1384.97998046875,1354.6700439453125,1359.3399658203125,1384.050048828125,9372144.0,1062.988525390625
2015-02-03,1458.6600341796875,1416.68994140625,1417.6300048828125,1453.530029296875,14373921.0,1116.3511962890625
2015-02-04,1481.510009765625,1412.9599609375,1459.5999755859375,1424.1500244140625,14595574.0,1093.78662109375
2015-02-05,1436.4100341796875,1382.010009765625,1408.300048828125,1434.4100341796875,13164874.0,1101.6666259765625
2015-02-06,1440.93994140625,1401.969970703125,1427.4200439453125,1403.6400146484375,6575682.0,1078.0345458984375
2015-02-09,1443.27001953125,1395.7099609375,1400.8399658203125,1438.6099853515625,8351650.0,1104.8922119140625
2015-02-10,1440.93994140625,1384.6500244140625,1440.93994140625,1394.31005859375,11409758.0,1070.868896484375
2015-02-11,1391.219970703125,1355.8399658203125,1388.7099609375,1374.260009765625,6410834.0,1055.4697265625
2015-02-12,1407.3699951171875,1372.8599853515625,1379.3900146484375,1393.8399658203125,9658604.0,1070.5078125
2015-02-13,1465.18994140625,1392.989990234375,1419.9599609375,1463.3299560546875,10215037.0,1123.8778076171875
2015-02-16,1487.4200439453125,1449.510009765625,1455.4000244140625,1481.97998046875,5269001.0,1138.20166015625
2015-02-17,1530.47998046875,1468.9200439453125,1472.18994140625,1480.5799560546875,12134350.0,1137.1263427734375
2015-02-18,1501.0999755859375,1446.5400390625,1489.43994140625,1480.5799560546875,10949938.0,1137.1263427734375
2015-02-19,1474.52001953125,1446.5400390625,1464.719970703125,1466.1199951171875,7386162.0,1126.020751953125
2015-02-20,1486.1800537109375,1458.6600341796875,1467.52001953125,1474.52001953125,8312353.0,1132.47216796875
2015-02-23,1467.06005859375,1432.550048828125,1467.06005859375,1442.81005859375,6991785.0,1108.1180419921875
2015-02-24,1549.1300048828125,1484.31005859375,1492.239990234375,1532.81005859375,15656970.0,1177.2406005859375
2015-02-25,1547.72998046875,1517.8900146484375,1524.8800048828125,1529.5400390625,7414881.0,1174.7291259765625
2015-02-26,1557.989990234375,1502.030029296875,1534.6700439453125,1506.68994140625,10356093.0,1157.1796875
2015-02-27,1518.3499755859375,1493.6400146484375,1503.4300537109375,1507.6300048828125,10965227.0,1157.9017333984375
2015-03-02,1532.68994140625,1477.780029296875,1520.219970703125,1488.0400390625,9993404.0,1142.8558349609375
2015-03-03,1506.1700439453125,1464.719970703125,1483.3800048828125,1490.8399658203125,8862751.0,1145.0062255859375
2015-03-04,1496.9000244140625,1461.02001953125,1485.239990234375,1467.52001953125,8539764.0,1127.095947265625
2015-03-05,1486.6400146484375,1450.47998046875,1474.52001953125,1470.7900390625,8248186.0,1129.6075439453125
2015-03-06,1477.8299560546875,1440.47998046875,1462.8599853515625,1446.0699462890625,7220110.0,1110.621826171875
2015-03-09,1446.97998046875,1424.6199951171875,1435.81005859375,1439.5400390625,6863094.0,1105.6064453125
2015-03-10,1431.1500244140625,1371.9300537109375,1431.1500244140625,1371.9300537109375,9961942.0,1053.68017578125
2015-03-11,1380.1500244140625,1352.3399658203125,1368.199951171875,1372.8599853515625,9167569.0,1054.3944091796875
2015-03-12,1374.260009765625,1316.800048828125,1373.7900390625,1338.8199462890625,9842280.0,1060.71630859375
2015-03-13,1342.0799560546875,1291.25,1339.75,1295.9200439453125,10838339.0,1026.72802734375
2015-03-16,1322.5,1299.4100341796875,1303.3800048828125,1320.6300048828125,8977869.0,1046.30517578125
2015-03-17,1370.530029296875,1329.02001953125,1330.4200439453125,1364.469970703125,10503860.0,1081.0384521484375
2015-03-18,1385.449951171875,1352.2099609375,1361.6700439453125,1359.800048828125,10306188.0,1077.3385009765625
2015-03-19,1405.5,1372.8599853515625,1372.8599853515625,1385.449951171875,10829437.0,1097.660400390625
2015-03-20,1435.3499755859375,1368.199951171875,1388.25,1435.3499755859375,17365496.0,1137.195068359375
2015-03-23,1484.31005859375,1382.050048828125,1436.280029296875,1483.8399658203125,11511791.0,1175.612548828125
2015-03-24,1502.5,1471.25,1472.6500244140625,1483.8399658203125,12573957.0,1175.612548828125
2015-03-25,1487.1099853515625,1468.4599609375,1477.3199462890625,1478.25,8853044.0,1171.18359375
2015-03-26,1491.300048828125,1429.75,1477.3199462890625,1438.6099853515625,12384511.0,1139.7779541015625
2015-03-27,1437.2099609375,1389.6500244140625,1434.4100341796875,1405.969970703125,9473689.0,1113.91796875
2015-03-30,1419.489990234375,1387.780029296875,1416.68994140625,1410.1600341796875,7568559.0,1117.2376708984375
2015-03-31,1438.6099853515625,1372.8599853515625,1421.3599853515625,1374.260009765625,10342006.0,1088.794677734375
2015-04-01,1385.3900146484375,1346.8599853515625,1380.3199462890625,1370.989990234375,9001482.0,1086.2042236328125
2015-04-02,1384.050048828125,1329.9599609375,1365.4000244140625,1335.0899658203125,8164584.0,1057.7613525390625
2015-04-07,1379.8499755859375,1346.280029296875,1374.719970703125,1371.4599609375,11242329.0,1086.576416015625
2015-04-08,1406.4300537109375,1366.739990234375,1381.25,1370.06005859375,8533931.0,1085.46728515625
2015-04-09,1368.6600341796875,1325.2900390625,1347.6800537109375,1355.1400146484375,7651890.0,1073.6466064453125
2015-04-10,1368.6600341796875,1342.0799560546875,1368.6600341796875,1364.9300537109375,11802972.0,1081.4029541015625
2015-04-13,1357.0,1306.030029296875,1343.010009765625,1320.6300048828125,10672700.0,1046.30517578125
2015-04-14,1363.0699462890625,1312.239990234375,1316.4300537109375,1361.199951171875,11032370.0,1078.44775390625
2015-04-15,1391.050048828125,1343.949951171875,1352.3399658203125,1372.8599853515625,9064641.0,1087.6856689453125
2015-04-16,1398.510009765625,1369.300048828125,1383.5799560546875,1370.530029296875,9802465.0,1085.839599609375
2015-04-17,1388.7099609375,1335.0899658203125,1373.3299560546875,1348.6099853515625,8352924.0,1068.472900390625
2015-04-20,1384.52001953125,1354.6700439453125,1357.0,1381.719970703125,6273265.0,1094.7052001953125
2015-04-21,1392.9100341796875,1352.3399658203125,1392.9100341796875,1364.469970703125,7773583.0,1081.0384521484375
2015-04-22,1385.9200439453125,1357.1800537109375,1375.6600341796875,1383.1199951171875,8465359.0,1095.8143310546875
2015-04-23,1428.3499755859375,1369.5899658203125,1391.97998046875,1428.3499755859375,8255250.0,1131.6490478515625
2015-04-24,1478.7099609375,1438.6099853515625,1445.6099853515625,1458.6600341796875,11622749.0,1155.6630859375
2015-04-27,1479.6500244140625,1436.280029296875,1469.3900146484375,1463.3299560546875,6967331.0,1159.36279296875
2015-04-28,1495.969970703125,1439.5400390625,1454.9300537109375,1482.449951171875,10340950.0,1174.5111083984375
2015-04-29,1466.5899658203125,1441.8699951171875,1453.0699462890625,1458.6600341796875,8434333.0,1155.6630859375
2015-04-30,1469.8499755859375,1436.280029296875,1457.72998046875,1455.8599853515625,9419164.0,1153.444580078125
2015-05-01,1520.219970703125,1472.0,1474.52001953125,1499.22998046875,6335603.0,1187.8056640625
2015-05-05,1527.2099609375,1473.5799560546875,1484.780029296875,1502.030029296875,10674335.0,1190.0240478515625
2015-05-06,1516.02001953125,1482.56005859375,1499.22998046875,1487.1099853515625,10457327.0,1178.2032470703125
2015-05-07,1472.6500244140625,1427.4200439453125,1471.719970703125,1434.4100341796875,12300976.0,1136.4503173828125
2015-05-08,1461.22998046875,1419.9599609375,1433.010009765625,1455.4000244140625,9537020.0,1153.080078125
2015-05-11,1490.3699951171875,1451.199951171875,1452.5999755859375,1466.1199951171875,9121135.0,1161.5733642578125
2015-05-12,1487.4599609375,1445.1400146484375,1450.739990234375,1468.9200439453125,9117265.0,1163.7918701171875
2015-05-13,1488.969970703125,1443.739990234375,1478.25,1463.7900390625,7094932.0,1159.727294921875
2015-05-14,1460.530029296875,1431.1500244140625,1448.8699951171875,1444.6700439453125,7617109.0,1144.5791015625
2015-05-15,1463.7900390625,1419.9599609375,1448.8699951171875,1429.75,8651442.0,1132.75830078125
2015-05-18,1477.5,1429.260009765625,1440.0,1463.0,16745491.0,1159.1015625
2015-05-19,1455.0,1398.0,1452.5,1405.5,12533684.0,1113.545654296875
2015-05-20,1415.0,1383.0,1398.0,1395.5,8184959.0,1105.6229248046875
2015-05-21,1430.5,1397.5,1400.0,1404.5,6065981.0,1112.75341796875
2015-05-22,1436.0,1405.0,1412.0,1408.5,6855736.0,1115.922607421875
2015-05-26,1430.780029296875,1369.0,1420.0,1375.0,7901158.0,1089.381103515625
2015-05-27,1386.0,1361.0,1380.0,1379.0,6617362.0,1092.55029296875
2015-05-28,1379.5699462890625,1347.5,1374.0,1376.5,6019550.0,1090.5694580078125
2015-05-29,1396.0,1358.0,1381.5,1379.5,9140043.0,1092.9464111328125
2015-06-01,1390.5,1355.5,1379.5,1359.5,6166483.0,1077.1007080078125
2015-06-02,1393.5,1328.5,1354.0,1383.5,11060599.0,1096.1156005859375
2015-06-03,1388.0,1355.5,1387.5,1367.0,7718372.0,1083.0428466796875
2015-06-04,1357.0,1322.5,1357.0,1323.5,9396499.0,1048.578857421875
2015-06-05,1352.5,1300.0,1320.0,1327.0,9951068.0,1051.3519287109375
2015-06-08,1332.0,1305.0,1322.0,1308.0,7123338.0,1036.2987060546875
2015-06-09,1328.5,1298.219970703125,1309.0,1315.0,8852581.0,1041.844482421875
2015-06-10,1354.5,1311.5,1317.5,1348.5,9721864.0,1068.3858642578125
2015-06-11,1371.0,1330.0,1345.5,1346.0,8247207.0,1066.4051513671875
2015-06-12,1355.0,1326.0,1337.0,1340.5,6057079.0,1062.0474853515625
2015-06-15,1344.719970703125,1313.0,1331.0,1320.5,5592078.0,1046.2020263671875
2015-06-16,1324.1700439453125,1303.5,1310.5,1312.0,8271191.0,1039.4677734375
2015-06-17,1325.0,1300.8199462890625,1323.0,1302.0,8679913.0,1031.544921875
2015-06-18,1345.0,1300.0,1300.0,1333.0,11060715.0,1056.10546875
2015-06-19,1344.0,1317.0,1328.0,1325.5,8118159.0,1050.1634521484375
2015-06-22,1348.25,1322.5,1343.0,1346.5,5677468.0,1066.80126953125
2015-06-23,1366.0,1332.0,1345.5,1356.0,6081929.0,1074.3277587890625
2015-06-24,1418.030029296875,1362.5,1366.0,1373.5,8345336.0,1088.1927490234375
2015-06-25,1371.5999755859375,1334.8199462890625,1363.0,1336.0,7589418.0,1058.482421875
2015-06-26,1328.0,1301.5,1318.5,1301.5,8726267.0,1031.1488037109375
2015-06-29,1310.0,1275.0,1279.5,1301.5,8941501.0,1031.1488037109375
2015-06-30,1298.780029296875,1249.0,1294.0,1249.0,10901420.0,989.5543212890625
2015-07-01,1276.5,1249.0,1257.5,1260.0,7349165.0,998.2692260742188
2015-07-02,1286.5,1249.0,1254.0,1272.5,6878539.0,1008.1727294921875
2015-07-03,1266.0,1238.9300537109375,1260.0,1248.5,5533731.0,989.1581420898438
2015-07-06,1239.5,1217.0,1229.0,1223.5,6248703.0,969.3511352539062
2015-07-07,1222.5,1180.0,1222.5,1189.0,12440846.0,942.017578125
2015-07-08,1207.5,1168.0,1181.5,1187.5,13380040.0,940.8292236328125
2015-07-09,1224.5,1196.0,1207.5,1206.0,10734319.0,955.4862060546875
2015-07-10,1250.0,1219.0,1243.0,1227.5,7813464.0,972.5203247070312
2015-07-13,1253.25,1206.0,1236.5,1253.0,8836199.0,992.7232055664062
2015-07-14,1258.0,1233.5,1248.0,1236.0,6254870.0,979.25439453125
2015-07-15,1258.5,1227.5,1236.5,1233.5,6713693.0,977.2739868164062
2015-07-16,1259.5,1219.5,1240.0,1253.0,8241838.0,992.7232055664062
2015-07-17,1256.5,1231.0,1249.0,1245.0,9618401.0,986.3851928710938
2015-07-20,1247.0,1231.5,1237.0,1240.0,4777676.0,982.4237670898438
2015-07-21,1257.5,1232.0,1242.0,1251.5,6085279.0,991.5349731445312
2015-07-22,1225.0,1180.0,1224.0,1180.0,10758867.0,934.8870239257812
2015-07-23,1197.5,1160.0,1180.0,1168.0,7741467.0,925.3797607421875
2015-07-24,1172.0,1117.5,1166.5,1123.5,10758370.0,890.1234741210938
2015-07-27,1152.5,1121.0,1145.0,1130.5,10371331.0,895.6694946289062
2015-07-28,1157.8499755859375,1125.5,1137.0,1143.5,8452872.0,905.9689331054688
2015-07-29,1171.5,1132.5,1160.0,1168.0,9840565.0,925.3797607421875
2015-07-30,1187.0,1158.0,1171.5,1170.0,8082647.0,926.9644165039062
2015-07-31,1191.0,1151.0,1175.5,1182.5,10818930.0,936.8677978515625
2015-08-03,1174.5,1131.5,1174.0,1137.0,7657967.0,900.8191528320312
2015-08-04,1169.5,1131.5,1145.0,1159.0,8981011.0,918.2492065429688
2015-08-05,1225.0,1167.0,1167.5,1200.5,11612862.0,951.1287231445312
2015-08-06,1197.5,1153.5,1197.0,1175.5,8860709.0,931.3218383789062
2015-08-07,1206.0,1176.0,1177.5,1191.0,7916934.0,943.6022338867188
2015-08-10,1209.5,1157.0,1192.5,1209.0,7874489.0,957.8632202148438
2015-08-11,1206.0,1145.0,1190.0,1148.5,14153095.0,909.9304809570312
2015-08-12,1147.5,1108.5,1127.0,1147.0,17171729.0,908.7420043945312
2015-08-13,1190.5,1143.5,1178.0,1152.0,8831302.0,912.7031860351562
2015-08-14,1175.0,1138.0,1152.0,1150.0,7410179.0,911.118896484375
2015-08-17,1151.0,1125.1199951171875,1149.5,1133.5,6423568.0,898.046142578125
2015-08-18,1133.0,1098.3599853515625,1128.0,1112.5,7157042.0,881.4083251953125
2015-08-19,1121.0,1070.0,1120.0,1071.5,10218689.0,848.9249267578125
2015-08-20,1103.0,1063.5,1066.0,1092.5,10501145.0,865.5628662109375
2015-08-21,1097.0,1064.0,1075.0,1065.5,8724141.0,844.1714477539062
2015-08-24,1029.0,955.5999755859375,1019.0,967.5,21141744.0,766.5281982421875
2015-08-25,1073.0,990.2000122070312,1000.0,1021.0,17067555.0,808.9150390625
2015-08-26,1049.5,1002.5,1024.0,1009.5,14807565.0,799.8038330078125
2015-08-27,1107.0,1031.0,1039.5,1102.5,15803595.0,873.485595703125
2015-08-28,1137.0,1091.050048828125,1114.5,1132.0,12142459.0,896.8577880859375
2015-09-01,1117.0,1040.5,1099.0,1056.0,14311671.0,836.6447143554688
2015-09-02,1097.0,1054.0,1054.0,1064.5,12660486.0,843.3790893554688
2015-09-03,1119.3800048828125,1067.5,1074.0,1110.0,14291020.0,879.427734375
2015-09-04,1109.5,1048.5,1099.0,1052.0,10517866.0,833.4756469726562
2015-09-07,1089.5,1045.0,1064.5,1065.5,7036028.0,844.1714477539062
2015-09-08,1097.0,1072.5,1076.5,1087.0,7946356.0,861.2053833007812
2015-09-09,1149.6400146484375,1108.0,1137.0,1127.0,13189884.0,892.8964233398438
2015-09-10,1080.6099853515625,1046.5,1057.0,1060.0,14743291.0,870.9216918945312
2015-09-11,1091.0,1054.0,1057.5,1057.5,9467711.0,868.8676147460938
2015-09-14,1087.5,1043.5,1064.5,1068.5,11628980.0,877.9053344726562
2015-09-15,1090.0,1031.5,1058.0,1084.5,9336662.0,891.0513916015625
2015-09-16,1127.0,1058.5,1093.0,1123.5,13903031.0,923.0948486328125
2015-09-17,1150.1800537109375,1104.5,1128.0,1107.5,10976399.0,909.9488525390625
2015-09-18,1118.0,1060.0,1105.0,1098.0,20004408.0,902.143310546875
2015-09-21,1101.5,1074.0,1086.5,1076.0,7148961.0,884.067626953125
2015-09-22,1073.5,1020.5,1070.0,1021.5,11507662.0,839.2891845703125
2015-09-23,1053.0,1011.0,1021.0,1041.5,9245783.0,855.7216186523438
2015-09-24,1048.0,1010.0,1028.5,1018.5,10525257.0,836.82421875
2015-09-25,1046.0,1020.0,1040.0,1026.0,10191960.0,842.9863891601562
2015-09-28,1035.3299560546875,958.7999877929688,1028.5,964.0999755859375,16687861.0,792.1279296875
2015-09-29,984.0,951.0,955.0,979.0,14268302.0,804.3700561523438
2015-09-30,1007.5,985.0999755859375,1003.0,1005.0,10962501.0,825.7323608398438
2015-10-01,1043.0,1018.0,1021.5,1029.0,11862619.0,845.4512939453125
2015-10-02,1047.5,1014.0,1030.5,1042.0,7885018.0,856.1324462890625
2015-10-05,1082.0,1048.0,1080.0,1065.0,10582010.0,875.02978515625
2015-10-06,1082.300048828125,1052.5,1077.0,1059.5,12220352.0,870.5108032226562
2015-10-07,1138.0,1088.0,1100.0,1108.0,23595858.0,910.3596801757812
2015-10-08,1149.5,1098.5,1109.5,1145.0,10668440.0,940.759765625
2015-10-09,1200.0,1165.0,1167.0,1194.5,13021212.0,981.4299926757812
2015-10-12,1203.5,1171.5,1186.0,1177.5,10086841.0,967.4625854492188
2015-10-13,1172.5,1144.0,1168.0,1162.5,7893192.0,955.1381225585938
2015-10-14,1176.5,1137.0,1148.0,1152.5,9910596.0,946.921875
2015-10-15,1181.0,1143.5,1164.5,1145.0,7885100.0,940.759765625
2015-10-16,1155.5,1127.0,1154.0,1129.5,7190798.0,928.0245971679688
2015-10-19,1128.0,1092.5,1126.0,1096.0,6283072.0,900.5001831054688
2015-10-20,1097.0,1068.5,1089.0,1093.0,7001137.0,898.0352172851562
2015-10-21,1115.8299560546875,1074.5,1095.0,1096.5,9350534.0,900.910888671875
2015-10-22,1127.0,1083.0,1098.0,1116.5,8833312.0,917.3433837890625
2015-10-23,1164.5,1112.5,1124.0,1140.5,10361511.0,937.0623779296875
2015-10-26,1152.5,1121.5,1134.5,1131.0,5748710.0,929.2570190429688
2015-10-27,1122.5,1089.5,1122.5,1091.0,8813783.0,896.3920288085938
2015-10-28,1101.5,1056.5,1075.0,1097.0,9416396.0,901.3217163085938
2015-10-29,1067.0,1037.0,1065.0,1053.0,11408090.0,865.1702880859375
2015-10-30,1067.5,1038.0,1049.0,1040.5,8681533.0,854.8999633789062
2015-11-02,1043.5,1020.0,1030.0,1026.0,7234449.0,842.9863891601562
2015-11-03,1059.5,1021.8599853515625,1040.0,1058.5,7677514.0,869.6892700195312
2015-11-04,1131.97998046875,1068.5,1071.5,1069.5,10181754.0,878.7271118164062
2015-11-05,1067.0,1024.5,1067.0,1034.0,8717740.0,849.5594482421875
2015-11-06,1004.5,953.2999877929688,990.0,975.0,24618774.0,801.0835571289062
2015-11-09,993.7000122070312,949.5999755859375,965.0,952.4000244140625,13398162.0,782.514892578125
2015-11-10,957.885009765625,922.4000244140625,949.2000122070312,946.5,14405415.0,777.6672973632812
2015-11-11,949.4000244140625,917.7999877929688,943.2999877929688,923.7000122070312,9764632.0,758.9342041015625
2015-11-12,933.2000122070312,877.2999877929688,929.9000244140625,877.2999877929688,17001139.0,720.8109741210938
2015-11-13,908.2000122070312,877.5999755859375,881.7000122070312,883.4000244140625,14184804.0,725.82275390625
2015-11-16,916.4000244140625,872.2000122070312,880.0,877.7000122070312,8859418.0,721.1395874023438
2015-11-17,904.5999755859375,871.9000244140625,891.7999877929688,877.0999755859375,9951726.0,720.6465454101562
2015-11-18,892.4000244140625,852.5,865.2999877929688,880.7000122070312,10434249.0,723.6043701171875
2015-11-19,916.0,883.2000122070312,898.2999877929688,888.7000122070312,13333194.0,730.177490234375
2015-11-20,905.7000122070312,882.7999877929688,893.2000122070312,885.5,8905346.0,727.5482788085938
2015-11-23,890.0,852.5,860.0999755859375,871.2999877929688,9813747.0,715.8811645507812
2015-11-24,887.2000122070312,852.0,866.4000244140625,875.7999877929688,12830536.0,719.5784912109375
2015-11-25,882.0,852.9000244140625,880.0,853.5,14842294.0,701.2561645507812
2015-11-26,852.0,825.5,838.2999877929688,833.2000122070312,11410007.0,684.5772705078125
2015-11-27,825.5,797.5,823.0,807.5999755859375,12979995.0,663.5437622070312
2015-11-30,807.5999755859375,755.0,803.0,796.9000244140625,20596569.0,654.7523193359375
2015-12-01,819.7000122070312,804.0,806.0,812.7000122070312,12016981.0,667.7340087890625
2015-12-02,828.0999755859375,804.7999877929688,814.0,814.4000244140625,9520502.0,669.1307373046875
2015-12-03,810.4000244140625,784.2999877929688,809.0,787.4000244140625,13987897.0,646.94677734375
2015-12-04,803.0,777.5999755859375,786.0,787.7000122070312,13573190.0,647.1934204101562
2015-12-07,790.4000244140625,762.0999755859375,789.0999755859375,765.2000122070312,7898545.0,628.7068481445312
2015-12-08,751.6170043945312,715.4000244140625,745.0999755859375,722.7999877929688,14527873.0,593.8699340820312
2015-12-09,761.0,713.0999755859375,745.0,749.4000244140625,17557108.0,615.7252197265625
2015-12-10,764.0,728.2999877929688,746.0999755859375,733.2000122070312,13462193.0,602.4148559570312
2015-12-11,743.0,686.0999755859375,731.5,694.2000122070312,14554349.0,570.3714599609375
2015-12-14,703.0,665.7000122070312,693.5,669.2999877929688,12612536.0,549.9130859375
2015-12-15,696.7999877929688,679.7000122070312,684.7000122070312,686.9000244140625,12727791.0,564.3736572265625
2015-12-16,717.5,683.6729736328125,700.0,702.7999877929688,12837319.0,577.4374389648438
2015-12-17,722.2999877929688,697.7000122070312,712.7000122070312,700.0,13055917.0,575.136962890625
2015-12-18,719.5,695.0999755859375,695.7000122070312,717.2000122070312,16872934.0,589.2689208984375
2015-12-21,744.2999877929688,715.7000122070312,719.5,716.7000122070312,10145609.0,588.8580932617188
2015-12-22,729.5,716.2999877929688,724.0,728.0,7499520.0,598.1423950195312
2015-12-23,781.9000244140625,744.9000244140625,744.9000244140625,778.0999755859375,11807632.0,639.3057250976562
2015-12-29,782.5,763.5999755859375,777.2000122070312,775.7999877929688,8208078.0,637.416015625
2015-12-30,772.5999755859375,754.3330078125,771.0,760.5999755859375,6076258.0,624.9273681640625
2016-01-04,750.5,726.5999755859375,750.0,736.0,11139011.0,604.7153930664062
2016-01-05,764.0,733.5999755859375,754.0999755859375,746.0,9266042.0,612.9317016601562
2016-01-06,730.0,693.7000122070312,730.0,709.4000244140625,14733307.0,582.8602294921875
2016-01-07,679.7999877929688,662.0,675.0,673.7000122070312,19380109.0,553.5281982421875
2016-01-08,691.5999755859375,652.0999755859375,677.7999877929688,652.0999755859375,11750534.0,535.7810668945312
2016-01-11,659.9000244140625,634.0999755859375,645.4000244140625,636.0999755859375,12779654.0,522.6351318359375
2016-01-12,648.7999877929688,609.0999755859375,619.0,617.9000244140625,19974977.0,507.68157958984375
2016-01-13,640.2999877929688,614.2000122070312,624.2999877929688,619.5999755859375,17159710.0,509.078369140625
2016-01-14,664.2999877929688,618.4000244140625,626.0,657.0,21476857.0,539.8070068359375
2016-01-15,645.7000122070312,607.4000244140625,640.0,615.0,19258317.0,505.2989196777344
2016-01-18,625.2999877929688,601.7000122070312,615.9000244140625,608.7999877929688,12922711.0,500.20477294921875
2016-01-19,648.7000122070312,619.2000122070312,626.0,627.0999755859375,14412789.0,515.2405395507812
2016-01-20,600.0,571.5999755859375,599.9000244140625,580.9000244140625,19422116.0,477.281494140625
2016-01-21,652.9000244140625,585.0,592.0,642.7999877929688,25343370.0,528.139892578125
2016-01-22,677.2000122070312,641.2000122070312,666.5999755859375,648.9000244140625,19298834.0,533.1519775390625
2016-01-25,658.0,627.2000122070312,658.0,639.7999877929688,12280326.0,525.6751708984375
2016-01-26,669.0,616.0,625.0,665.5,16200722.0,546.7908325195312
2016-01-27,669.9000244140625,635.4000244140625,660.0,669.9000244140625,16790812.0,550.4061279296875
2016-01-28,703.5999755859375,658.7000122070312,664.7999877929688,679.5999755859375,18722155.0,558.3757934570312
2016-01-29,695.0,651.2999877929688,690.0,676.4000244140625,14413043.0,555.74658203125
2016-02-01,686.2000122070312,659.5,682.0999755859375,678.0999755859375,11419512.0,557.143310546875
2016-02-02,664.0,620.7999877929688,664.0,632.4000244140625,14553241.0,519.5951538085938
2016-02-03,646.7000122070312,619.5999755859375,626.5999755859375,643.2000122070312,16778838.0,528.4686279296875
2016-02-04,727.5,668.7000122070312,670.2000122070312,712.5999755859375,19257229.0,585.4893188476562
2016-02-05,725.5,688.2999877929688,701.2000122070312,709.2000122070312,15876470.0,582.6958618164062
2016-02-08,730.0,687.7999877929688,714.7000122070312,707.5,12655886.0,581.299072265625
2016-02-09,707.5,655.7999877929688,704.0,666.0999755859375,13538395.0,547.2838745117188
2016-02-10,678.5999755859375,643.9000244140625,675.0,653.7999877929688,15567095.0,537.1778564453125
2016-02-11,646.7000122070312,607.5,640.0,634.0999755859375,10554147.0,520.9918823242188
2016-02-12,697.5,640.4000244140625,640.4000244140625,696.5999755859375,15766681.0,572.3433837890625
2016-02-15,718.0,686.7999877929688,715.7000122070312,693.5999755859375,11519329.0,569.8784790039062
2016-02-16,735.0,679.9000244140625,723.2999877929688,693.0,16041185.0,569.3855590820312
2016-02-17,743.7000122070312,691.0999755859375,698.0999755859375,743.0,15423891.0,610.4666748046875
2016-02-18,756.7999877929688,720.2999877929688,749.0,738.5,15137160.0,606.7694091796875
2016-02-19,740.2999877929688,723.5,732.5999755859375,732.4000244140625,14808297.0,601.7576293945312
2016-02-22,801.0999755859375,755.0,755.0,795.0,10774827.0,653.1912841796875
2016-02-23,775.0,736.4000244140625,775.0,746.9000244140625,18636256.0,613.671142578125
2016-02-24,728.0,679.0,728.0,684.2999877929688,20313205.0,562.2373657226562
2016-02-25,708.7999877929688,683.2999877929688,701.0,689.9000244140625,13281849.0,566.8385620117188
2016-02-26,724.9000244140625,696.0999755859375,700.0,716.0999755859375,14069508.0,588.364990234375
2016-02-29,732.1400146484375,695.4000244140625,703.0,728.0,12746091.0,598.1423950195312
2016-03-01,758.0999755859375,725.0,727.9000244140625,740.4000244140625,11576892.0,608.33056640625
2016-03-02,784.0,751.10302734375,775.0,778.4000244140625,18588259.0,639.5523071289062
2016-03-03,815.0999755859375,783.9000244140625,800.0,795.2999877929688,20010889.0,653.437744140625
2016-03-04,868.7000122070312,810.5999755859375,811.0,867.7999877929688,21719959.0,713.0054321289062
2016-03-07,906.7000122070312,839.5,865.4000244140625,897.7999877929688,21879036.0,737.6541748046875
2016-03-08,861.7999877929688,814.4000244140625,853.0,821.4000244140625,20097225.0,674.8821411132812
2016-03-09,834.7999877929688,798.0999755859375,813.4000244140625,831.2000122070312,12875203.0,682.9340209960938
2016-03-10,832.2999877929688,789.0999755859375,816.4000244140625,789.9000244140625,14690466.0,657.7971801757812
2016-03-11,818.2000122070312,783.9000244140625,806.0,815.7999877929688,11480649.0,679.3656616210938
2016-03-14,847.2999877929688,806.0,820.0,816.2000122070312,10319215.0,679.69873046875
2016-03-15,780.5,757.0,780.5,762.7999877929688,12325868.0,635.2293701171875
2016-03-16,779.0,756.7000122070312,768.0,763.4000244140625,9637173.0,635.7290649414062
2016-03-17,827.5,805.5,808.0,822.0,16065557.0,684.5287475585938
2016-03-18,854.5,821.2000122070312,833.9000244140625,830.7000122070312,15879141.0,691.7738647460938
2016-03-21,839.7000122070312,812.5999755859375,823.2000122070312,819.5,9150970.0,682.44677734375
2016-03-22,824.7999877929688,804.0999755859375,813.4000244140625,816.7000122070312,8336026.0,680.1151733398438
2016-03-23,823.4000244140625,787.5999755859375,815.5,795.5,8835774.0,662.460693359375
2016-03-24,785.7000122070312,760.2000122070312,785.0,778.4000244140625,7937799.0,648.220458984375
2016-03-29,783.5,742.2000122070312,778.5999755859375,750.0,11541114.0,624.5700073242188
2016-03-30,805.0,763.0999755859375,763.0999755859375,793.5999755859375,11658076.0,660.8783569335938
2016-03-31,799.5,761.0999755859375,779.0,782.7999877929688,12772775.0,651.884521484375
2016-04-01,793.9000244140625,757.7999877929688,774.7000122070312,772.4000244140625,10727333.0,643.2238159179688
2016-04-04,784.0,767.0,783.7999877929688,769.7000122070312,8782759.0,640.9754028320312
2016-04-05,770.969970703125,724.0,749.0,734.5,11100385.0,611.6622314453125
2016-04-06,753.5999755859375,714.7000122070312,745.0,732.7000122070312,12503021.0,610.163330078125
2016-04-07,762.2999877929688,724.5,757.9000244140625,727.5,12797907.0,605.8329467773438
2016-04-08,763.7000122070312,731.7999877929688,742.0,760.5,10121697.0,633.3140869140625
2016-04-11,783.7999877929688,750.2000122070312,757.9000244140625,778.2000122070312,7997491.0,648.053955078125
2016-04-12,811.2999877929688,781.1400146484375,783.7000122070312,808.5999755859375,11559826.0,673.3696899414062
2016-04-13,882.7999877929688,829.0999755859375,832.7999877929688,882.7999877929688,19377379.0,735.1605834960938
2016-04-14,914.0,869.0999755859375,884.7999877929688,898.5,20450988.0,748.2348022460938
2016-04-15,915.9000244140625,884.9000244140625,905.5,900.0,16801983.0,749.4840698242188
2016-04-18,916.5999755859375,858.5,880.0,916.4000244140625,13305924.0,763.141357421875
2016-04-19,965.5999755859375,918.2999877929688,950.0,964.5,15133187.0,803.1970825195312
2016-04-20,1002.0,954.2000122070312,960.4000244140625,997.0,18143577.0,830.26171875
2016-04-21,1030.5,972.0499877929688,1010.0,987.7999877929688,22485949.0,822.6004028320312
2016-04-22,993.0999755859375,967.4000244140625,976.0,987.5999755859375,14592342.0,822.4337768554688
2016-04-25,983.2000122070312,923.4000244140625,982.5999755859375,930.2999877929688,14800351.0,774.7166748046875
2016-04-26,940.2999877929688,913.0,926.0999755859375,926.7999877929688,12380349.0,771.8019409179688
2016-04-27,933.9329833984375,904.0999755859375,915.0,926.2000122070312,11005559.0,771.3023071289062
2016-04-28,964.5910034179688,933.5,935.0,945.7000122070312,15420170.0,787.5411987304688
2016-04-29,948.0999755859375,919.0999755859375,937.5,933.0999755859375,14156710.0,777.0482788085938
2016-05-03,922.72998046875,867.4000244140625,916.7999877929688,875.2999877929688,14744941.0,728.9148559570312
2016-05-04,846.9000244140625,808.4000244140625,840.0,824.7999877929688,18495288.0,686.8604736328125
2016-05-05,851.0,812.0490112304688,832.2999877929688,831.0999755859375,9736702.0,692.1068725585938
2016-05-06,849.2999877929688,805.7999877929688,818.0,844.7000122070312,10687486.0,703.4324340820312
2016-05-09,830.0,788.0,828.7999877929688,793.2999877929688,20548166.0,660.6285400390625
2016-05-10,818.0,787.9000244140625,799.7999877929688,815.0,12680461.0,678.699462890625
2016-05-11,842.9000244140625,818.0,818.7999877929688,836.7000122070312,9961907.0,696.7703857421875
2016-05-12,837.2000122070312,797.4000244140625,825.4000244140625,807.2999877929688,12156337.0,672.2871704101562
2016-05-13,825.7000122070312,793.9439697265625,798.5,822.7999877929688,8434281.0,685.1950073242188
2016-05-16,854.5,817.7000122070312,820.0,840.0,6999193.0,699.5184326171875
2016-05-17,874.0999755859375,834.5999755859375,853.0,861.4000244140625,10730428.0,717.3395385742188
2016-05-18,851.9000244140625,822.7999877929688,849.9000244140625,843.4000244140625,11267637.0,702.349853515625
2016-05-19,817.2999877929688,794.0,814.9000244140625,814.7000122070312,13128720.0,678.4496459960938
2016-05-20,840.5,814.0999755859375,824.0,817.9000244140625,6952815.0,681.114501953125
2016-05-23,814.2000122070312,793.0,809.7000122070312,811.4000244140625,7897209.0,675.7014770507812
2016-05-24,830.0,800.5999755859375,805.0999755859375,816.7000122070312,6971214.0,680.1151733398438
2016-05-25,842.4000244140625,816.0,829.0,837.2000122070312,7457161.0,697.1867065429688
2016-05-26,878.0,845.0,854.0,851.7999877929688,10276594.0,709.344970703125
2016-05-27,865.9000244140625,832.5999755859375,853.7000122070312,840.2999877929688,8474163.0,699.7682495117188
2016-05-31,843.0,816.5,840.0,823.0,11406759.0,685.361572265625
2016-06-01,816.0,786.4000244140625,816.0,807.0999755859375,11577985.0,672.1206665039062
2016-06-02,817.9000244140625,797.9000244140625,810.4000244140625,805.5999755859375,8461063.0,670.87158203125
2016-06-03,837.0,813.9000244140625,816.0999755859375,833.5999755859375,9962851.0,694.188720703125
2016-06-06,892.2000122070312,854.7000122070312,854.7000122070312,885.7999877929688,12417380.0,737.6588134765625
2016-06-07,912.7999877929688,877.5999755859375,893.5,879.9000244140625,8877412.0,732.74560546875
2016-06-08,912.2999877929688,875.5,877.5999755859375,901.0,8445718.0,750.3167724609375
2016-06-09,906.7000122070312,857.9000244140625,900.0,860.0999755859375,9510519.0,716.2567749023438
2016-06-10,857.7000122070312,821.2999877929688,850.0,827.2999877929688,12782649.0,688.9423217773438
2016-06-13,827.5999755859375,813.0999755859375,813.0999755859375,823.4000244140625,8654780.0,685.6947021484375
2016-06-14,822.0,788.2999877929688,814.5999755859375,789.7000122070312,12977062.0,657.6306762695312
2016-06-15,831.2000122070312,799.5999755859375,804.7000122070312,822.0,13645768.0,684.5287475585938
2016-06-16,814.2999877929688,790.7999877929688,806.7999877929688,807.0,11061484.0,672.037353515625
2016-06-17,838.5999755859375,808.5999755859375,814.5,830.7999877929688,12838623.0,691.85693359375
2016-06-20,857.0,806.3599853515625,855.0,852.2999877929688,9906032.0,709.7614135742188
2016-06-21,852.4000244140625,830.0,841.7000122070312,847.7000122070312,7883472.0,705.9306640625
2016-06-22,863.2000122070312,844.9000244140625,855.2000122070312,853.7999877929688,8423363.0,711.010498046875
2016-06-23,878.2000122070312,849.9000244140625,855.5,870.5,5635587.0,724.9176635742188
2016-06-24,873.5999755859375,793.4000244140625,835.0,856.2999877929688,17648636.0,713.0924072265625
2016-06-27,870.0,838.5,859.0999755859375,841.9000244140625,13862677.0,701.1007080078125
2016-06-28,893.0,863.4000244140625,866.2000122070312,879.0999755859375,11188944.0,732.0792846679688
2016-06-29,913.5,890.5460205078125,891.7999877929688,910.4000244140625,11360536.0,758.1448364257812
2016-06-30,943.0830078125,890.0,907.0,942.7999877929688,13493627.0,785.126220703125
2016-07-01,948.0,917.7000122070312,944.4000244140625,940.0,10475095.0,782.79443359375
2016-07-04,973.4000244140625,949.9000244140625,962.0,952.2000122070312,6223070.0,792.9541625976562
2016-07-05,959.2000122070312,926.2999877929688,955.0,935.4000244140625,10104513.0,778.9638061523438
2016-07-06,959.4000244140625,907.2000122070312,934.5999755859375,932.4000244140625,11270733.0,776.4655151367188
2016-07-07,972.7999877929688,940.5999755859375,955.5,942.0999755859375,8477563.0,784.543212890625
2016-07-08,966.4000244140625,939.2999877929688,949.0,961.4000244140625,9971378.0,800.6155395507812
2016-07-11,999.7999877929688,971.5,977.0,992.4000244140625,7047680.0,826.4310302734375
2016-07-12,1007.5999755859375,982.4000244140625,992.2999877929688,1003.5,9590642.0,835.6747436523438
2016-07-13,1039.5,997.2999877929688,1006.0,997.7000122070312,10626101.0,830.8446655273438
2016-07-14,1029.5,988.0,1012.0,1003.5,6888063.0,835.6747436523438
2016-07-15,1003.0,977.7000122070312,995.2000122070312,996.5,6954106.0,829.845458984375
2016-07-18,982.5,965.4000244140625,978.2999877929688,976.7999877929688,12780396.0,813.4400024414062
2016-07-19,969.9000244140625,940.2000122070312,965.5,948.5,7950334.0,789.8729248046875
2016-07-20,945.0,903.4000244140625,939.0,926.4000244140625,10167259.0,771.4689331054688
2016-07-21,954.0999755859375,924.2999877929688,944.4000244140625,939.2000122070312,9079661.0,782.1282348632812
2016-07-22,941.2000122070312,907.7999877929688,935.9000244140625,924.7999877929688,5580154.0,770.136474609375
2016-07-25,944.9000244140625,912.7000122070312,934.2000122070312,921.0999755859375,5881489.0,767.0551147460938
2016-07-26,952.2999877929688,929.4000244140625,934.9000244140625,951.0,7085334.0,791.9547729492188
2016-07-27,984.5,960.5,966.0,964.2999877929688,7305530.0,803.0304565429688
2016-07-28,984.2000122070312,934.9509887695312,967.0999755859375,961.0,8786695.0,800.2824096679688
2016-07-29,956.2000122070312,936.0999755859375,956.0,944.7000122070312,10941946.0,786.7083129882812
2016-08-01,982.5999755859375,944.3800048828125,960.0,963.2999877929688,7614020.0,802.1978149414062
2016-08-02,954.2999877929688,932.5,944.0,937.4000244140625,9273485.0,780.6292114257812
2016-08-03,953.2999877929688,929.7000122070312,940.4000244140625,948.5999755859375,7641270.0,789.9561767578125
2016-08-04,984.5999755859375,940.0,950.0,982.9000244140625,13797100.0,818.5198974609375
2016-08-05,1024.5,995.0,1000.0,1014.0,13751877.0,844.4186401367188
2016-08-08,1054.27001953125,1019.0,1021.5,1047.5,10905191.0,872.316162109375
2016-08-09,1051.530029296875,1032.0,1042.0,1049.5,5717395.0,873.9815673828125
2016-08-10,1055.0,1032.0,1034.0,1038.5,5626452.0,864.8213500976562
2016-08-11,1055.5,1019.530029296875,1033.5,1055.5,9280747.0,878.978271484375
2016-08-12,1069.0,1031.5,1056.0,1040.0,8969492.0,866.0704345703125
2016-08-15,1047.0,1022.0,1034.5,1042.5,5524749.0,868.15234375
2016-08-16,1087.0,1015.0,1020.0,1049.5,10733742.0,873.9815673828125
2016-08-17,1075.0,1035.0,1058.0,1046.0,7459243.0,871.0669555664062
2016-08-18,1076.5,1059.0,1059.0,1075.0,7131426.0,895.2171020507812
2016-08-19,1074.0,1047.0,1068.0,1053.0,5870749.0,876.8964233398438
2016-08-22,1045.0,1019.5,1045.0,1033.0,5915167.0,860.2410888671875
2016-08-23,1080.0,1050.0,1050.0,1078.5,8090361.0,898.1318359375
2016-08-24,1114.1099853515625,1049.0,1072.5,1052.0,6772866.0,876.0634765625
2016-08-25,1051.0,1029.5,1040.0,1047.0,5164162.0,871.8997802734375
2016-08-26,1083.0,1042.3399658203125,1050.0,1080.0,6737153.0,899.3807983398438
2016-08-30,1061.280029296875,1038.0,1052.0,1040.5,8341002.0,866.48681640625
2016-08-31,1025.1800537109375,986.7000122070312,1018.0,989.9000244140625,14518203.0,824.34912109375
2016-09-01,995.0999755859375,957.0999755859375,985.0,975.0999755859375,9964075.0,820.7805786132812
2016-09-02,1001.0,968.5,977.0999755859375,995.5,11328160.0,837.9520874023438
2016-09-05,1023.0,997.5,1004.5,1004.0,7134668.0,845.10693359375
2016-09-06,1017.5,989.5,1008.0,997.0999755859375,6722811.0,839.2988891601562
2016-09-07,1008.0,987.0,1002.5,999.0,8158244.0,840.8982543945312
2016-09-08,1019.0,1000.0,1001.0,1015.5,7625475.0,854.7869262695312
2016-09-09,1027.5,1009.5,1021.0,1017.5,10430507.0,856.470458984375
2016-09-12,991.2000122070312,960.0999755859375,980.0,991.0,11872236.0,834.164306640625
2016-09-13,992.5999755859375,967.2999877929688,985.0,968.0999755859375,14085892.0,814.888427734375
2016-09-14,998.7999877929688,969.9000244140625,975.7000122070312,981.2999877929688,11482779.0,825.9993896484375
2016-09-15,1003.5,973.0,979.5999755859375,1002.0,9970918.0,843.4234619140625
2016-09-16,1004.5,982.0,999.7000122070312,986.0999755859375,12695742.0,830.0397338867188
2016-09-19,1024.0,1002.0,1005.0,1022.5,7962720.0,860.6791381835938
2016-09-20,1049.0,1025.0,1029.0,1032.5,11107387.0,869.0964965820312
2016-09-21,1056.0,1032.0,1040.5,1051.0,7261713.0,884.6687622070312
2016-09-22,1110.0,1084.0,1100.0,1094.5,11355716.0,921.2844848632812
2016-09-23,1105.5,1071.5,1077.0,1098.0,8306547.0,924.23046875
2016-09-26,1098.5,1080.5,1087.0,1093.5,8151549.0,920.442626953125
2016-09-27,1103.5,1070.5,1102.0,1077.5,9960393.0,906.974853515625
2016-09-28,1110.0,1088.0,1088.0,1097.0,6613598.0,923.3887939453125
2016-09-29,1168.0,1140.5,1150.0,1168.0,16908021.0,983.1522827148438
2016-09-30,1169.0,1132.5,1145.0,1162.5,13251348.0,978.5226440429688
2016-10-03,1191.760009765625,1159.5,1162.5,1183.0,8723961.0,995.7783813476562
2016-10-04,1217.0,1186.0,1190.0,1201.0,14747924.0,1010.9297485351562
2016-10-05,1204.5,1177.300048828125,1188.0,1204.0,10223370.0,1013.455078125
2016-10-06,1214.0,1191.0,1204.5,1202.0,7536628.0,1011.771484375
2016-10-07,1255.0,1222.0,1225.0,1232.5,8959681.0,1037.4444580078125
2016-10-10,1270.0,1238.0,1243.0,1267.0,7788456.0,1066.484619140625
2016-10-11,1279.5,1239.0,1263.5,1239.0,12330246.0,1042.9158935546875
2016-10-12,1248.0,1218.0,1243.0,1238.5,9574083.0,1042.4951171875
2016-10-13,1199.5,1172.010009765625,1184.5,1184.0,13769628.0,996.6201171875
2016-10-14,1224.5,1182.6600341796875,1218.0,1208.5,10271305.0,1017.2428588867188
2016-10-17,1216.4599609375,1189.0,1201.5,1193.5,9863526.0,1004.6165771484375
2016-10-18,1228.0,1208.5,1210.0,1212.0,8142849.0,1020.18896484375
2016-10-19,1221.0,1198.5,1211.5,1218.0,8535458.0,1025.2392578125
2016-10-20,1233.5,1203.0,1225.5,1216.5,7106153.0,1023.9766235351562
2016-10-21,1231.0,1213.0,1222.5,1221.0,7006802.0,1027.7645263671875
2016-10-24,1252.5,1221.22998046875,1235.0,1224.0,7460626.0,1030.289794921875
2016-10-25,1263.5,1239.0,1240.0,1261.0,9886860.0,1061.4339599609375
2016-10-26,1245.0,1228.0,1245.0,1240.0,8548967.0,1043.757568359375
2016-10-27,1230.0,1206.5,1227.0,1227.5,9169793.0,1033.23583984375
2016-10-28,1235.25,1209.0,1234.5,1233.0,9108416.0,1037.865478515625
2016-10-31,1248.0,1222.5,1240.0,1234.5,7185287.0,1039.1278076171875
2016-11-01,1260.0,1219.5,1241.5,1223.0,9506522.0,1029.4478759765625
2016-11-02,1228.510009765625,1197.4200439453125,1209.0,1211.5,7907946.0,1019.7679443359375
2016-11-03,1214.0,1185.0,1202.5,1187.0,8600829.0,999.1453247070312
2016-11-04,1179.0,1149.0,1179.0,1166.0,8410123.0,981.46875
2016-11-07,1223.0,1203.0,1215.0,1221.5,8751304.0,1028.185302734375
2016-11-08,1283.0,1226.0,1228.0,1279.0,10672784.0,1076.5855712890625
2016-11-09,1338.0,1230.5,1240.0,1338.0,23542605.0,1126.2481689453125
2016-11-10,1396.0,1319.5,1353.5,1337.0,18399339.0,1125.4063720703125
2016-11-11,1349.0,1283.5,1346.0,1299.5,12011130.0,1093.8411865234375
2016-11-14,1346.0,1315.0,1318.0,1336.5,11138836.0,1124.985595703125
2016-11-15,1307.0,1265.0,1300.5,1271.5,12636323.0,1070.2723388671875
2016-11-16,1287.0,1249.5,1281.0,1256.0,9028881.0,1057.225341796875
2016-11-17,1284.5,1260.0,1270.0,1279.0,7338811.0,1076.5855712890625
2016-11-18,1269.5,1241.0,1265.5,1263.5,9095558.0,1063.538330078125
2016-11-21,1295.800048828125,1265.0,1280.5,1271.5,9412180.0,1070.2723388671875
2016-11-22,1339.0,1313.5,1327.5,1334.0,10272769.0,1122.8812255859375
2016-11-23,1369.0,1328.5,1360.0,1363.0,13129007.0,1147.291748046875
2016-11-24,1367.0,1340.5,1363.0,1361.0,4925036.0,1145.6080322265625
2016-11-25,1380.0,1348.0,1378.0,1356.0,5569775.0,1141.3992919921875
2016-11-28,1361.5,1338.5999755859375,1358.0,1354.5,6019069.0,1140.1368408203125
2016-11-29,1339.5,1299.5,1334.0,1313.5,8930405.0,1105.625244140625
2016-11-30,1341.510009765625,1280.0,1299.5,1313.5,19757484.0,1105.625244140625
2016-12-01,1361.0,1294.5,1340.0,1339.0,10196524.0,1127.08984375
2016-12-02,1312.0,1282.5,1302.5,1304.0,6676683.0,1097.6287841796875
2016-12-05,1342.5,1301.0400390625,1318.0,1339.5,7070656.0,1127.5107421875
2016-12-06,1335.0,1291.5,1335.0,1311.0,7942178.0,1103.52099609375
2016-12-07,1367.5,1313.0,1333.0,1362.0,9563106.0,1146.449951171875
2016-12-08,1418.0,1345.5,1370.0,1372.5,11631011.0,1155.2880859375
2016-12-09,1395.0,1350.010009765625,1370.0,1355.0,6604498.0,1140.5576171875
2016-12-12,1419.5,1379.5,1379.5,1400.5,14890660.0,1178.8568115234375
2016-12-13,1397.02001953125,1353.5,1393.0,1361.5,8240217.0,1146.0289306640625
2016-12-14,1386.0,1345.0,1358.5,1355.5,7581082.0,1140.978515625
2016-12-15,1341.0,1302.5,1340.0,1312.0,11740234.0,1104.3629150390625
2016-12-16,1316.219970703125,1294.0,1309.5,1305.0,8265345.0,1098.470703125
2016-12-19,1306.0,1274.0,1299.5,1282.0,8566619.0,1079.110595703125
2016-12-20,1299.0,1267.0,1288.5,1293.0,7215670.0,1088.3697509765625
2016-12-21,1300.0,1278.0,1299.5,1291.5,5843717.0,1087.1070556640625
2016-12-22,1283.5,1267.5,1283.5,1270.5,6405349.0,1069.4306640625
2016-12-23,1269.5,1254.8199462890625,1263.0,1257.5,2158275.0,1058.488037109375
2016-12-28,1320.0,1304.0,1315.0,1311.5,6685239.0,1103.94189453125
2016-12-29,1318.5,1293.0,1313.5,1301.0,3754623.0,1095.103759765625
2016-12-30,1306.5,1284.0,1300.0,1306.5,2690865.0,1099.733154296875
2017-01-03,1337.0,1307.5,1307.5,1331.0,7535261.0,1120.3558349609375
2017-01-04,1340.0999755859375,1306.5,1335.0,1313.0,6424063.0,1105.2047119140625
2017-01-05,1335.0,1312.0,1334.0,1316.5,7354886.0,1108.150634765625
2017-01-06,1330.5,1303.0,1315.5,1317.0,5393076.0,1108.571533203125
2017-01-09,1342.0,1326.5,1337.0,1340.5,5664445.0,1128.3524169921875
2017-01-10,1404.0,1351.5,1353.0,1400.0,8902203.0,1178.4359130859375
2017-01-11,1438.5,1389.530029296875,1400.0,1420.0,8298292.0,1195.270751953125
2017-01-12,1469.5,1418.969970703125,1423.0,1438.0,9567233.0,1210.422119140625
2017-01-13,1460.5,1429.5,1440.0,1454.5,10127946.0,1224.310791015625
2017-01-16,1490.0,1455.3699951171875,1475.0,1477.5,5859686.0,1243.6708984375
2017-01-17,1456.5,1433.5,1455.5,1434.0,6333422.0,1207.0550537109375
2017-01-18,1457.5,1418.5,1430.5,1455.0,6062963.0,1224.731689453125
2017-01-19,1473.0,1434.5,1455.0,1446.5,5760923.0,1217.5767822265625
2017-01-20,1449.0,1426.5,1436.5,1440.0,5663192.0,1212.1055908203125
2017-01-23,1448.5,1426.199951171875,1432.5,1437.5,5564475.0,1210.0013427734375
2017-01-24,1505.5,1471.5,1491.0,1480.5,10461124.0,1246.196044921875
2017-01-25,1518.5,1453.0,1502.0,1457.5,8404993.0,1226.8359375
2017-01-26,1466.5,1428.0,1464.0,1445.5,10080082.0,1216.735107421875
2017-01-27,1464.0,1439.0,1439.5,1450.0,8880835.0,1220.52294921875
2017-01-30,1444.0,1413.0,1439.0,1415.5,8149352.0,1191.483154296875
2017-01-31,1463.5,1414.5,1418.0,1437.5,9160375.0,1210.0013427734375
2017-02-01,1470.5,1440.0,1449.5,1442.5,6290421.0,1214.2099609375
2017-02-02,1459.0,1432.5,1449.5,1433.0,6346030.0,1206.21337890625
2017-02-03,1412.0,1374.75,1400.5,1397.5,10345294.0,1176.33154296875
2017-02-06,1412.5,1382.5,1400.5,1385.5,6808344.0,1166.23046875
2017-02-07,1412.0,1381.5,1390.0,1388.5,10509707.0,1168.7559814453125
2017-02-08,1405.9100341796875,1339.0,1400.0,1341.5,16196092.0,1129.1942138671875
2017-02-09,1359.97998046875,1319.0,1350.5,1338.0,11692534.0,1126.2481689453125
2017-02-10,1389.0,1354.5,1378.0,1370.0,12583598.0,1153.183837890625
2017-02-13,1422.0,1379.8800048828125,1418.0,1380.0,9939160.0,1161.6011962890625
2017-02-14,1405.0,1375.0,1381.0,1392.0,9363027.0,1171.7021484375
2017-02-15,1430.5,1399.0,1400.5,1420.0,8426081.0,1195.270751953125
2017-02-16,1431.0,1407.0,1430.0,1414.0,6377617.0,1190.2203369140625
2017-02-17,1422.7900390625,1385.0,1405.5,1394.5,11856409.0,1173.806396484375
2017-02-20,1413.0,1391.0,1408.0,1400.0,8627966.0,1178.4359130859375
2017-02-21,1436.5,1390.5,1435.5,1405.5,10016200.0,1183.0655517578125
2017-02-22,1400.5,1355.0,1399.5,1367.5,9933882.0,1151.0794677734375
2017-02-23,1388.0,1341.5,1359.5,1347.5,8011033.0,1134.2445068359375
2017-02-24,1348.0,1293.5,1335.0,1308.0,14707077.0,1100.995849609375
2017-02-27,1333.0,1307.5,1321.0,1325.5,6148443.0,1115.726318359375
2017-02-28,1312.0,1287.0,1312.0,1297.5,11671541.0,1092.1575927734375
2017-03-01,1356.0,1297.6800537109375,1318.0,1353.5,11006688.0,1139.2950439453125
2017-03-02,1376.5,1340.0,1365.0,1346.0,11652939.0,1132.9820556640625
2017-03-03,1367.5,1326.0,1341.0,1362.5,9641843.0,1146.8707275390625
2017-03-06,1359.5,1330.0,1352.5,1337.0,8183749.0,1125.4063720703125
2017-03-07,1360.0,1336.5,1351.0,1342.5,7808078.0,1130.035888671875
2017-03-08,1359.989990234375,1323.260009765625,1342.0,1326.0,9257063.0,1116.1470947265625
2017-03-09,1279.5,1238.5,1250.0,1249.5,14222706.0,1078.5499267578125
2017-03-10,1275.6800537109375,1241.0,1253.0,1244.5,10329861.0,1074.23388671875
2017-03-13,1280.0,1270.5,1274.0,1275.5,7791543.0,1100.99267578125
2017-03-14,1278.56005859375,1256.0,1272.5,1275.0,13132710.0,1100.5611572265625
2017-03-15,1302.5,1274.760009765625,1300.0,1284.5,9200720.0,1108.76123046875
2017-03-16,1364.5,1314.5,1350.5,1317.5,13972652.0,1137.24658203125
2017-03-17,1333.0,1313.0,1317.0,1333.0,10548134.0,1150.6258544921875
2017-03-20,1336.5,1316.5,1325.0,1336.5,5509891.0,1153.64697265625
2017-03-21,1329.5,1277.0,1325.0,1283.5,7462467.0,1107.898193359375
2017-03-22,1276.5,1242.0,1245.0,1271.5,10826964.0,1097.5399169921875
2017-03-23,1277.0,1251.5,1270.5,1255.0,7701277.0,1083.2974853515625
2017-03-24,1266.0,1241.9000244140625,1260.0,1245.0,6748093.0,1074.6656494140625
2017-03-27,1230.5699462890625,1185.0,1200.5,1197.0,14515569.0,1033.2327880859375
2017-03-28,1231.5,1201.5,1222.0,1227.0,9911541.0,1059.1282958984375
2017-03-29,1263.0,1234.0,1260.0,1260.0,8505519.0,1087.6134033203125
2017-03-30,1270.5,1248.5,1255.0,1270.5,6215523.0,1096.6767578125
2017-03-31,1255.0,1232.0,1253.0,1234.0,8414840.0,1065.17041015625
2017-04-03,1247.0,1227.5,1237.0,1228.0,6020989.0,1059.9913330078125
2017-04-04,1260.0,1224.5,1230.0,1255.5,8677074.0,1083.7288818359375
2017-04-05,1303.5,1275.0,1280.0,1277.5,10099690.0,1102.718994140625
2017-04-06,1292.5,1258.5,1260.0,1274.0,12518745.0,1099.6978759765625
2017-04-07,1287.5,1244.5,1256.5,1287.5,7007682.0,1111.350830078125
2017-04-10,1361.5,1313.0,1357.5,1316.0,14676341.0,1135.9517822265625
2017-04-11,1332.0,1303.0,1316.0,1314.5,8837019.0,1134.656982421875
2017-04-12,1316.0,1267.5,1310.5,1268.0,12198040.0,1094.518798828125
2017-04-13,1305.3499755859375,1256.5,1265.0,1269.0,6831238.0,1095.3819580078125
2017-04-18,1247.5,1198.0,1237.0,1198.0,12045857.0,1034.0958251953125
2017-04-19,1213.800048828125,1188.75,1203.5,1199.5,10585711.0,1035.3907470703125
2017-04-20,1209.5,1183.0,1196.0,1203.0,10857269.0,1038.411865234375
2017-04-21,1232.5,1191.5,1224.0,1191.5,9083742.0,1028.4852294921875
2017-04-24,1234.0,1206.5,1211.5,1214.5,8978633.0,1048.3385009765625
2017-04-25,1219.0,1189.0,1193.5,1206.5,9774760.0,1041.432861328125
2017-04-26,1221.0,1188.0,1208.0,1211.0,9369132.0,1045.3172607421875
2017-04-27,1201.0,1151.5,1194.0,1153.5,9449930.0,995.6842041015625
2017-04-28,1181.3299560546875,1168.0,1168.0,1175.0,8434825.0,1014.242431640625
2017-05-02,1187.5,1159.0,1184.5,1169.5,8131511.0,1009.4950561523438
2017-05-03,1167.25,1129.5,1161.0,1146.0,11432036.0,989.2101440429688
2017-05-04,1136.5,1103.0,1131.5,1117.0,12301924.0,964.177734375
2017-05-05,1145.5,1104.0,1113.0,1140.0,11309281.0,984.0311279296875
2017-05-08,1135.1500244140625,1109.0,1130.0,1125.0,8142469.0,971.08349609375
2017-05-09,1158.0,1117.0799560546875,1135.0,1150.0,9195194.0,992.6630859375
2017-05-10,1172.5,1148.5,1150.0,1164.0,7484911.0,1004.7474365234375
2017-05-11,1188.5,1163.5,1169.0,1173.5,10854044.0,1012.9478759765625
2017-05-12,1177.5,1159.5,1173.5,1164.0,6467560.0,1004.7474365234375
2017-05-15,1196.5,1177.0,1180.0,1190.5,8594653.0,1027.621826171875
2017-05-16,1211.0,1180.0,1196.5,1199.0,10760714.0,1034.958984375
2017-05-17,1209.5,1180.5,1202.5,1192.0,8112552.0,1028.9166259765625
2017-05-18,1202.4100341796875,1160.5,1185.0,1194.5,10066186.0,1031.07470703125
2017-05-19,1235.5,1198.0,1235.5,1215.0,9494380.0,1048.7698974609375
2017-05-22,1227.0,1200.8800048828125,1223.5,1215.5,5841624.0,1049.2015380859375
2017-05-23,1219.3499755859375,1198.0,1207.0,1201.0,8448130.0,1036.6854248046875
2017-05-24,1216.5,1176.0,1189.0,1212.0,8141537.0,1046.180419921875
2017-05-25,1224.0,1196.0,1215.0,1209.5,6574320.0,1044.0225830078125
2017-05-26,1215.1800537109375,1199.0,1201.5,1205.0,7039251.0,1040.1380615234375
2017-05-30,1211.5,1196.8800048828125,1199.5,1202.5,6521476.0,1037.980224609375
2017-05-31,1190.800048828125,1171.5,1190.0,1173.0,10297196.0,1012.5161743164062
2017-06-01,1189.0,1161.0,1172.5,1185.0,10871237.0,1022.8743896484375
2017-06-02,1192.0,1171.5,1189.0,1185.0,7302739.0,1022.8743896484375
2017-06-05,1179.1199951171875,1162.5,1177.0,1165.0,7431190.0,1005.6107788085938
2017-06-06,1184.0,1152.0,1159.5,1178.5,8333112.0,1017.2637939453125
2017-06-07,1187.5,1157.72998046875,1174.5,1170.5,9263565.0,1010.3583984375
2017-06-08,1191.5,1168.5,1170.5,1183.0,8819109.0,1021.1481323242188
2017-06-09,1214.4599609375,1177.68994140625,1205.0,1207.5,8598955.0,1042.2960205078125
2017-06-12,1213.0,1189.1199951171875,1202.0,1201.5,7140889.0,1037.1170654296875
2017-06-13,1213.0,1189.5,1203.5,1200.0,15282723.0,1035.8221435546875
2017-06-14,1214.5,1178.3800048828125,1206.0,1178.5,12763529.0,1017.2637939453125
2017-06-15,1181.5,1146.5,1176.0,1160.0,14027715.0,1001.294677734375
2017-06-16,1181.0,1152.5400390625,1166.0,1158.0,17417283.0,999.5684204101562
2017-06-19,1183.0,1158.5,1168.5,1179.0,102407.0,1017.6953735351562
2017-06-20,1184.5,1135.5,1178.0,1140.0,4349260.0,984.0311279296875
2017-06-21,1159.0,1124.0,1137.0,1140.5,2414557.0,984.4627075195312
2017-06-22,1149.5,1121.75,1136.5,1147.5,1666178.0,990.5050048828125
2017-06-23,1153.0,1138.2900390625,1142.5,1143.5,1793049.0,987.05224609375
2017-06-26,1157.25,1137.0,1148.0,1146.3399658203125,3486085.0,989.5037841796875
2017-06-27,1180.0,1150.719970703125,1152.0,1167.25,1398482.0,1007.5528564453125
2017-06-28,1187.030029296875,1157.0,1169.5,1179.0,1197949.0,1017.6953735351562
2017-06-29,1214.0,1187.5,1200.0,1189.5,1252182.0,1026.7587890625
2017-06-30,1201.3800048828125,1171.5,1185.5,1176.0,3847396.0,1015.1057739257812
2017-07-03,1214.5,1173.0,1176.0,1214.5,11290936.0,1048.3385009765625
2017-07-04,1232.1199951171875,1198.739990234375,1204.5,1227.5,7737977.0,1059.5599365234375
2017-07-05,1260.5,1224.0,1244.0,1234.5,15261655.0,1065.6021728515625
2017-07-06,1256.0,1234.0,1236.0,1246.5,12142218.0,1075.9603271484375
2017-07-07,1254.5,1232.0,1249.5,1242.5,9182470.0,1072.507568359375
2017-07-10,1266.0,1229.0,1246.5,1263.5,8141780.0,1090.634765625
2017-07-11,1263.5,1263.5,1263.5,1263.5,0.0,1090.634765625
2017-07-12,1303.1199951171875,1274.5,1284.5,1290.5,10078950.0,1113.9404296875
2017-07-13,1309.5,1282.0,1293.0,1290.0,9352791.0,1113.5089111328125
2017-07-14,1319.0,1283.5,1294.5,1305.0,11309566.0,1126.456787109375
2017-07-17,1328.6199951171875,1310.0,1310.5,1322.5,6786475.0,1141.5625
2017-07-18,1321.0,1297.5,1315.5,1312.5,7024816.0,1132.9305419921875
2017-07-19,1326.5,1305.0,1319.5,1319.5,7396277.0,1138.972900390625
2017-07-20,1330.489990234375,1302.5,1320.0,1315.0,9320268.0,1135.0885009765625
2017-07-21,1322.5,1293.0,1300.0,1305.5,9194319.0,1126.88818359375
2017-07-24,1317.0,1278.5,1298.0,1288.0,12013178.0,1111.782470703125
2017-07-25,1346.0,1299.0,1300.0,1343.5,16233943.0,1159.6893310546875
2017-07-26,1364.5,1341.5,1347.5,1353.0,12202745.0,1167.8896484375
2017-07-27,1373.0,1350.7900390625,1356.0,1362.0,11133809.0,1175.658203125
2017-07-28,1372.0,1340.0,1348.0,1364.0,7597676.0,1177.384521484375
2017-07-31,1396.5,1375.0,1384.5,1378.0,10883213.0,1189.4691162109375
2017-08-01,1385.5,1362.0,1385.5,1362.5,7675913.0,1176.08984375
2017-08-02,1360.0,1337.0,1353.0,1348.0,8475858.0,1163.5736083984375
2017-08-03,1361.5,1334.5,1343.0,1357.5,7722721.0,1171.7740478515625
2017-08-04,1371.8800048828125,1355.5,1356.5,1365.0,7155274.0,1178.247802734375
2017-08-07,1399.0,1373.0,1378.0,1396.0,7399165.0,1205.0064697265625
2017-08-08,1398.06005859375,1374.0,1380.0,1397.5,7066429.0,1206.3013916015625
2017-08-09,1396.5,1376.06005859375,1390.5,1381.5,6305432.0,1192.490234375
2017-08-10,1387.5,1366.0,1376.0,1375.5,11946763.0,1187.311279296875
2017-08-11,1346.5,1319.5,1339.5,1336.0,10047503.0,1153.215576171875
2017-08-14,1367.0,1337.0,1343.0,1361.0,8024002.0,1174.7950439453125
2017-08-15,1354.5,1335.0,1350.5,1342.0,6275851.0,1158.3944091796875
2017-08-16,1376.5,1347.0,1348.0,1368.0,9695825.0,1180.837158203125
2017-08-17,1387.5,1357.5,1376.0,1362.0,5817011.0,1175.658203125
2017-08-18,1363.5,1330.0,1354.0,1351.0,11972307.0,1166.1632080078125
2017-08-21,1373.5,1350.5,1361.5,1366.0,8038539.0,1179.111083984375
2017-08-22,1416.1199951171875,1385.5,1404.0,1394.5,12302195.0,1203.7117919921875
2017-08-23,1411.5,1380.0,1391.5,1410.5,6992871.0,1217.5225830078125
2017-08-24,1424.5,1403.1600341796875,1416.0,1417.0,9566565.0,1223.1334228515625
2017-08-25,1458.5,1418.0,1420.5,1437.0,11658899.0,1240.3970947265625
2017-08-29,1448.5,1406.5,1425.5,1448.0,10729385.0,1249.89208984375
2017-08-30,1461.5,1444.5,1454.5,1454.5,7078507.0,1255.5028076171875
2017-08-31,1483.5,1449.0699462890625,1457.0,1476.5,10156920.0,1274.492919921875
2017-09-01,1489.5,1476.5,1481.5,1484.0,5307844.0,1280.966796875
2017-09-04,1489.0,1472.5,1478.0,1486.0,5489177.0,1282.693359375
2017-09-05,1500.0,1481.0,1500.0,1482.5,6655422.0,1279.6719970703125
2017-09-06,1489.0,1467.0,1475.0,1484.5,7633646.0,1281.3984375
2017-09-07,1488.0,1446.5,1447.5,1457.5,6296446.0,1286.331787109375
2017-09-08,1449.0,1399.8699951171875,1449.0,1402.5,9259442.0,1237.7911376953125
2017-09-11,1422.0,1402.0,1415.0,1419.5,7665777.0,1252.7945556640625
2017-09-12,1445.5,1422.5,1429.0,1438.0,12403615.0,1269.1220703125
2017-09-13,1435.800048828125,1406.5,1430.5,1408.5,9745399.0,1243.08642578125
2017-09-14,1393.0,1360.5,1389.0,1361.5,12119546.0,1201.6060791015625
2017-09-15,1366.3599853515625,1329.8599853515625,1356.0,1330.5,11515697.0,1174.246826171875
2017-09-18,1344.0,1325.5,1340.0,1332.0,6491622.0,1175.570556640625
2017-09-19,1350.5,1329.0,1335.0,1343.5,8246433.0,1185.7200927734375
2017-09-20,1352.5,1334.0,1344.0,1352.0,4462870.0,1193.2218017578125
2017-09-21,1350.5,1326.5,1334.0,1344.0,11032705.0,1186.1612548828125
2017-09-22,1351.0,1312.0,1328.5,1345.0,6944534.0,1187.0439453125
2017-09-25,1343.0,1326.5,1335.5,1329.0,7101595.0,1172.9228515625
2017-09-26,1343.0,1316.0,1329.0,1319.0,6427499.0,1164.097412109375
2017-09-27,1333.5,1312.9100341796875,1325.5,1313.0,10103333.0,1158.802001953125
2017-09-28,1327.0899658203125,1292.5,1304.5,1305.5,9337650.0,1152.1827392578125
2017-09-29,1326.0,1313.5,1314.0,1314.5,6402283.0,1160.125732421875
2017-10-02,1344.5,1320.0,1321.5,1337.5,6589171.0,1180.4248046875
2017-10-03,1351.5,1335.5,1335.5,1345.0,5040856.0,1187.0439453125
2017-10-04,1363.56005859375,1344.97998046875,1345.0,1357.0,6065264.0,1197.6346435546875
2017-10-05,1377.0,1357.1700439453125,1360.0,1371.5,6780406.0,1210.4317626953125
2017-10-06,1380.550048828125,1369.5,1376.0,1380.0,7089694.0,1217.933349609375
2017-10-09,1388.0,1367.0,1376.0,1379.5,9409880.0,1217.4921875
2017-10-10,1397.06005859375,1377.0,1382.0,1396.5,10353221.0,1232.49560546875
2017-10-11,1389.5,1365.949951171875,1387.0,1366.5,8540838.0,1206.0189208984375
2017-10-12,1383.5,1368.5,1372.0,1375.5,5730983.0,1213.9620361328125
2017-10-13,1405.0,1373.5,1376.0,1398.0,8672489.0,1233.819580078125
2017-10-16,1439.0,1413.0,1420.0,1418.0,10093072.0,1251.470703125
2017-10-17,1437.0,1413.0,1419.0,1415.0,9440042.0,1248.822998046875
2017-10-18,1421.0,1388.75,1419.0,1390.0,6463910.0,1226.7591552734375
2017-10-19,1404.5,1374.0,1398.5,1396.5,7991535.0,1232.49560546875
2017-10-20,1420.0,1373.5,1411.0,1383.5,8149746.0,1221.0224609375
2017-10-23,1405.02001953125,1371.0,1382.5,1380.0,4543009.0,1217.933349609375
2017-10-24,1393.0,1376.0,1390.5,1393.0,7567997.0,1229.40673828125
2017-10-25,1387.5,1344.8699951171875,1381.0,1352.5,8924400.0,1193.6630859375
2017-10-26,1377.5,1353.0,1353.0,1376.0,7298530.0,1214.4033203125
2017-10-27,1365.0,1343.0,1357.0,1361.5,6484392.0,1201.6060791015625
2017-10-30,1371.050048828125,1349.5,1360.0,1370.5,6382850.0,1209.549072265625
2017-10-31,1374.0,1353.0,1365.0,1362.5,6123083.0,1202.48876953125
2017-11-01,1416.469970703125,1379.5,1381.5,1407.0,11827386.0,1241.7626953125
2017-11-02,1448.5,1398.5,1402.0,1445.5,10791689.0,1275.7412109375
2017-11-03,1444.5,1402.9000244140625,1439.5,1427.5,6424498.0,1259.8551025390625
2017-11-06,1466.5,1439.0,1440.0,1464.0,10750495.0,1292.0684814453125
2017-11-07,1484.5,1433.56005859375,1480.0,1456.0,11397428.0,1285.008056640625
2017-11-08,1477.0899658203125,1451.5,1461.0,1476.5,9125557.0,1303.1005859375
2017-11-09,1470.0,1425.5,1467.5,1429.5,7359076.0,1261.6202392578125
2017-11-10,1442.5,1421.5,1435.5,1424.0,5328442.0,1256.7662353515625
2017-11-13,1447.5,1408.0,1442.5,1423.0,6068715.0,1255.8836669921875
2017-11-14,1418.5,1382.5,1418.5,1387.5,7099910.0,1224.552734375
2017-11-15,1375.0,1346.25,1370.0,1366.5,10542371.0,1206.0189208984375
2017-11-16,1453.9599609375,1346.5,1371.0,1355.0,9273335.0,1195.869384765625
2017-11-17,1368.0,1344.0,1353.0,1363.5,7564133.0,1203.3712158203125
2017-11-20,1363.5,1345.5,1351.0,1360.5,4290376.0,1200.7235107421875
2017-11-21,1390.5,1355.5,1365.0,1385.0,10163725.0,1222.3463134765625
2017-11-22,1409.5,1382.5,1382.5,1395.0,7279481.0,1231.1719970703125
2017-11-23,1419.0,1387.5,1388.0,1410.5,3408572.0,1244.8514404296875
2017-11-24,1426.5,1407.0,1412.5,1410.5,4119777.0,1244.8514404296875
2017-11-27,1414.5,1390.0,1401.0,1392.5,7958115.0,1228.9654541015625
2017-11-28,1383.5,1363.5,1373.5,1379.5,9362638.0,1217.4921875
2017-11-29,1375.5,1346.0,1371.5,1350.0,9614151.0,1191.4566650390625
2017-11-30,1356.5,1336.0,1345.0,1345.0,15158668.0,1187.0439453125
2017-12-01,1367.0,1333.5,1345.5,1347.0,6649005.0,1188.80908203125
2017-12-04,1381.0,1352.0,1372.0,1360.0,10062799.0,1200.2822265625
2017-12-05,1365.5,1342.5,1362.0,1345.0,8294386.0,1187.0439453125
2017-12-06,1343.0,1325.0,1331.5,1337.0,6638584.0,1179.9833984375
2017-12-07,1344.5,1314.5,1321.5,1328.5,7856910.0,1172.4815673828125
2017-12-08,1354.0,1326.0,1335.0,1341.5,6819507.0,1183.954833984375
2017-12-11,1374.0,1336.5,1340.0,1372.0,7082712.0,1210.873046875
2017-12-12,1383.5,1365.5,1376.0,1382.5,9243725.0,1220.139892578125
2017-12-13,1390.0,1375.8399658203125,1388.0,1379.6600341796875,8462079.0,1217.6334228515625
2017-12-14,1407.5,1382.0,1383.5,1388.0,6806582.0,1224.994140625
2017-12-15,1419.5,1383.0,1390.5,1419.5,12922061.0,1252.7945556640625
2017-12-18,1437.0,1419.5,1424.0,1434.0,5935203.0,1265.5916748046875
2017-12-19,1439.0,1403.0,1439.0,1415.0,8970746.0,1248.822998046875
2017-12-20,1434.5,1418.0,1424.0,1434.5,7417342.0,1266.032958984375
2017-12-21,1472.0,1440.5,1442.0,1469.0,5932242.0,1296.4813232421875
2017-12-22,1471.0,1461.0,1467.0,1463.5,1927455.0,1291.6273193359375
2017-12-27,1493.5,1470.0,1470.0,1486.0,4964710.0,1311.4849853515625
2017-12-28,1505.5,1492.0,1495.0,1499.5,3483942.0,1323.3995361328125
2017-12-29,1527.0,1501.0,1505.0,1522.5,3797490.0,1343.6982421875
2018-01-02,1529.0,1494.199951171875,1517.0,1529.0,7036225.0,1349.43505859375
2018-01-03,1548.4000244140625,1519.4000244140625,1522.4000244140625,1544.4000244140625,7290915.0,1363.0264892578125
2018-01-04,1564.4000244140625,1536.4000244140625,1552.199951171875,1562.199951171875,14128877.0,1378.7359619140625
2018-01-05,1573.4000244140625,1547.4000244140625,1560.0,1561.5999755859375,6374107.0,1378.2064208984375
2018-01-08,1588.4000244140625,1563.199951171875,1568.199951171875,1585.5999755859375,7997445.0,1399.387939453125
2018-01-09,1610.199951171875,1587.800048828125,1597.0,1606.5999755859375,8490235.0,1417.9217529296875
2018-01-10,1608.800048828125,1588.199951171875,1594.0,1599.4000244140625,9879362.0,1411.5672607421875
2018-01-11,1628.800048828125,1603.800048828125,1604.800048828125,1628.0,16016259.0,1436.8084716796875
2018-01-12,1650.800048828125,1614.800048828125,1629.199951171875,1647.4000244140625,13466318.0,1453.9302978515625
2018-01-15,1662.4000244140625,1638.800048828125,1640.0,1660.0,5477669.0,1465.0504150390625
2018-01-16,1648.0,1610.0,1637.199951171875,1620.0,12630640.0,1429.7481689453125
2018-01-17,1627.0,1592.4000244140625,1599.0,1607.0,7768923.0,1418.274658203125
2018-01-18,1613.4000244140625,1579.4000244140625,1597.0,1595.800048828125,10704791.0,1408.39013671875
2018-01-19,1620.199951171875,1598.800048828125,1601.5999755859375,1613.800048828125,9184232.0,1424.2762451171875
2018-01-22,1612.199951171875,1590.800048828125,1593.199951171875,1593.0,9522067.0,1405.9188232421875
2018-01-23,1592.0,1563.199951171875,1581.5999755859375,1575.0,10586553.0,1390.032958984375
2018-01-24,1581.800048828125,1560.199951171875,1579.800048828125,1560.5999755859375,7347959.0,1377.3238525390625
2018-01-25,1576.5999755859375,1558.5999755859375,1569.800048828125,1568.800048828125,8037976.0,1384.5609130859375
2018-01-26,1582.4000244140625,1555.4000244140625,1562.800048828125,1582.4000244140625,8017296.0,1396.563720703125
2018-01-29,1614.4000244140625,1584.5999755859375,1585.0,1600.0,9579499.0,1412.0968017578125
2018-01-30,1586.0,1564.0,1568.800048828125,1569.800048828125,9448276.0,1385.443603515625
2018-01-31,1575.800048828125,1553.0,1560.0,1564.0,9100297.0,1380.32470703125
2018-02-01,1583.199951171875,1557.800048828125,1562.5999755859375,1561.0,6778306.0,1377.677001953125
2018-02-02,1573.5999755859375,1531.0,1564.199951171875,1537.199951171875,7985148.0,1356.6719970703125
2018-02-05,1560.800048828125,1517.4000244140625,1528.800048828125,1542.4000244140625,12368507.0,1361.26123046875
2018-02-06,1551.800048828125,1453.5999755859375,1484.5999755859375,1502.199951171875,13445258.0,1325.7823486328125
2018-02-07,1526.199951171875,1494.5999755859375,1526.199951171875,1512.199951171875,10994177.0,1334.6080322265625
2018-02-08,1493.800048828125,1448.0,1492.4000244140625,1475.0,13764960.0,1301.7767333984375
2018-02-09,1498.0,1462.0,1468.0,1475.4000244140625,12757572.0,1302.1297607421875
2018-02-12,1520.0,1489.800048828125,1501.0,1505.0,8669848.0,1328.2535400390625
2018-02-13,1535.4000244140625,1503.5999755859375,1520.800048828125,1531.5999755859375,7565636.0,1351.729736328125
2018-02-14,1574.5999755859375,1516.800048828125,1537.0,1574.5999755859375,12627098.0,1389.679931640625
2018-02-15,1622.800048828125,1587.800048828125,1605.199951171875,1598.0,11973788.0,1410.3316650390625
2018-02-16,1614.199951171875,1577.4000244140625,1607.0,1577.4000244140625,12399942.0,1392.1510009765625
2018-02-19,1588.199951171875,1558.199951171875,1585.0,1562.0,6662282.0,1378.5595703125
2018-02-20,1527.0,1479.4000244140625,1527.0,1490.4000244140625,18561582.0,1315.3682861328125
2018-02-21,1497.4000244140625,1457.5999755859375,1490.0,1494.0,16171553.0,1318.54541015625
2018-02-22,1528.4000244140625,1478.800048828125,1494.0,1521.199951171875,10871262.0,1342.551025390625
2018-02-23,1528.0,1507.5999755859375,1523.0,1516.0,8035816.0,1337.961669921875
2018-02-26,1547.199951171875,1531.5999755859375,1537.0,1542.4000244140625,6641191.0,1361.26123046875
2018-02-27,1548.800048828125,1518.4000244140625,1542.4000244140625,1525.0,8639615.0,1345.90478515625
2018-02-28,1512.199951171875,1481.5999755859375,1510.0,1484.199951171875,10488866.0,1309.8963623046875
2018-03-01,1490.199951171875,1444.199951171875,1487.199951171875,1457.800048828125,16260702.0,1286.5966796875
2018-03-02,1451.199951171875,1412.199951171875,1446.199951171875,1412.5999755859375,10650860.0,1246.7049560546875
2018-03-05,1439.199951171875,1404.5999755859375,1412.4000244140625,1437.0,10815494.0,1268.2393798828125
2018-03-06,1486.800048828125,1453.0,1455.199951171875,1468.0,14151121.0,1295.598876953125
2018-03-07,1460.4000244140625,1431.4000244140625,1459.199951171875,1443.5999755859375,10857816.0,1274.0643310546875
2018-03-08,1408.199951171875,1385.0,1402.4000244140625,1403.800048828125,8850024.0,1274.0567626953125
2018-03-09,1443.4000244140625,1391.0,1398.0,1435.800048828125,10280045.0,1303.099365234375
2018-03-12,1443.800048828125,1417.4000244140625,1437.5999755859375,1441.4000244140625,9338313.0,1308.181640625
2018-03-13,1452.800048828125,1429.800048828125,1434.800048828125,1436.5999755859375,9043883.0,1303.8253173828125
2018-03-14,1462.199951171875,1432.0,1448.0,1444.5999755859375,11496009.0,1311.0859375
2018-03-15,1455.800048828125,1431.5999755859375,1446.0,1437.5999755859375,8805252.0,1304.7327880859375
2018-03-16,1459.5999755859375,1429.199951171875,1431.5999755859375,1443.199951171875,10409405.0,1309.815185546875
2018-03-19,1432.4000244140625,1384.4000244140625,1431.5999755859375,1388.5999755859375,9202033.0,1260.2615966796875
2018-03-20,1412.199951171875,1394.5999755859375,1399.4000244140625,1407.800048828125,9031931.0,1277.6871337890625
2018-03-21,1442.800048828125,1391.0,1409.0,1433.800048828125,12330873.0,1301.2840576171875
2018-03-22,1446.800048828125,1377.4000244140625,1434.800048828125,1395.199951171875,12416959.0,1266.2515869140625
2018-03-23,1407.800048828125,1363.5999755859375,1381.0,1394.5999755859375,9853229.0,1265.70703125
2018-03-26,1402.0,1370.0,1387.4000244140625,1378.0,7935357.0,1250.6412353515625
2018-03-27,1423.199951171875,1396.199951171875,1407.5999755859375,1403.0,7454287.0,1273.3306884765625
2018-03-28,1388.0,1361.5999755859375,1386.5999755859375,1377.0,8947266.0,1249.7337646484375
2018-03-29,1418.4000244140625,1384.5999755859375,1387.199951171875,1403.5999755859375,8255734.0,1273.8751220703125
2018-04-03,1422.4000244140625,1395.5999755859375,1409.199951171875,1408.4000244140625,7790746.0,1278.231689453125
2018-04-04,1410.4000244140625,1362.199951171875,1405.5999755859375,1373.800048828125,13200223.0,1246.8294677734375
2018-04-05,1413.800048828125,1392.5999755859375,1400.0,1410.0,8599330.0,1279.683837890625
2018-04-06,1404.0,1380.5999755859375,1403.0,1388.800048828125,5224359.0,1260.443115234375
2018-04-09,1396.800048828125,1349.0,1394.0,1385.199951171875,12877394.0,1257.17578125
2018-04-10,1438.199951171875,1415.800048828125,1429.5999755859375,1434.199951171875,9611508.0,1301.6470947265625
2018-04-11,1458.0,1421.800048828125,1427.4000244140625,1448.4000244140625,8744357.0,1314.53466796875
2018-04-12,1446.800048828125,1430.199951171875,1443.4000244140625,1445.800048828125,6543109.0,1312.175048828125
2018-04-13,1467.199951171875,1454.0,1456.800048828125,1457.800048828125,7308234.0,1323.0660400390625
2018-04-16,1466.5999755859375,1434.199951171875,1455.0,1435.0,10376456.0,1302.373291015625
2018-04-17,1458.5999755859375,1432.199951171875,1439.800048828125,1447.5999755859375,8796583.0,1313.80859375
2018-04-18,1531.5999755859375,1456.800048828125,1458.199951171875,1527.199951171875,13456767.0,1386.0517578125
2018-04-19,1543.5999755859375,1513.0,1541.4000244140625,1520.5999755859375,16703222.0,1380.0616455078125
2018-04-20,1542.4000244140625,1517.800048828125,1524.5999755859375,1534.4000244140625,8525943.0,1392.58642578125
2018-04-23,1549.800048828125,1514.4000244140625,1532.0,1536.5999755859375,9570573.0,1394.5830078125
2018-04-24,1564.5999755859375,1526.199951171875,1526.199951171875,1558.0,8629423.0,1414.005126953125
2018-04-25,1546.4000244140625,1515.0,1535.800048828125,1533.800048828125,10458168.0,1392.0418701171875
2018-04-26,1546.4000244140625,1516.0,1522.199951171875,1536.199951171875,8196811.0,1394.219970703125
2018-04-27,1537.5999755859375,1518.199951171875,1528.5999755859375,1534.5999755859375,7735474.0,1392.767822265625
2018-04-30,1558.800048828125,1529.5999755859375,1540.5999755859375,1544.0,6148731.0,1401.299072265625
2018-05-01,1547.199951171875,1512.800048828125,1539.800048828125,1518.800048828125,5649321.0,1378.42822265625
2018-05-02,1564.4000244140625,1538.4000244140625,1538.800048828125,1561.0,8333186.0,1416.7279052734375
2018-05-03,1581.5999755859375,1551.5999755859375,1566.0,1558.0,8665825.0,1414.005126953125
2018-05-04,1602.199951171875,1573.800048828125,1586.199951171875,1601.4000244140625,9295447.0,1453.3939208984375
2018-05-08,1605.199951171875,1576.800048828125,1600.0,1576.800048828125,11365873.0,1431.067626953125
2018-05-09,1633.4000244140625,1590.800048828125,1594.199951171875,1631.800048828125,9299068.0,1480.984375
2018-05-10,1669.4000244140625,1634.0,1644.5999755859375,1669.4000244140625,8655363.0,1515.109375
2018-05-11,1711.199951171875,1667.5999755859375,1677.199951171875,1711.199951171875,15522943.0,1553.0458984375
2018-05-14,1725.199951171875,1700.800048828125,1709.4000244140625,1721.0,8217237.0,1561.940185546875
2018-05-15,1731.0,1701.5999755859375,1718.0,1712.199951171875,13316363.0,1553.9534912109375
2018-05-16,1754.4000244140625,1724.4000244140625,1725.5999755859375,1744.199951171875,11320631.0,1582.9959716796875
2018-05-17,1761.4000244140625,1727.0,1745.199951171875,1749.5999755859375,8104585.0,1587.8968505859375
2018-05-18,1750.5999755859375,1718.0,1745.0,1738.0,9305296.0,1577.3690185546875
2018-05-21,1769.800048828125,1730.199951171875,1732.199951171875,1769.5999755859375,6548004.0,1606.0484619140625
2018-05-22,1786.800048828125,1752.5999755859375,1766.4000244140625,1779.199951171875,8596092.0,1614.76123046875
2018-05-23,1759.5999755859375,1724.199951171875,1753.4000244140625,1744.0,22488523.0,1582.8145751953125
2018-05-24,1757.199951171875,1705.4000244140625,1751.0,1714.0,10797638.0,1555.587158203125
2018-05-25,1720.0,1682.0,1720.0,1695.199951171875,10003567.0,1538.524658203125
2018-05-29,1694.199951171875,1662.5999755859375,1677.0,1675.5999755859375,12072565.0,1520.7362060546875
2018-05-30,1708.800048828125,1660.5999755859375,1665.800048828125,1708.800048828125,10443292.0,1550.8677978515625
2018-05-31,1729.0,1710.199951171875,1721.5999755859375,1729.0,14597113.0,1569.2008056640625
2018-06-01,1751.0,1728.800048828125,1733.4000244140625,1734.199951171875,7308319.0,1573.920166015625
2018-06-04,1749.4000244140625,1726.5999755859375,1746.800048828125,1730.800048828125,6594950.0,1570.83447265625
2018-06-05,1741.800048828125,1720.199951171875,1724.800048828125,1736.4000244140625,7022411.0,1575.9168701171875
2018-06-06,1779.0,1739.199951171875,1742.800048828125,1779.0,10079942.0,1614.5797119140625
2018-06-07,1803.5999755859375,1766.4000244140625,1788.199951171875,1770.0,20192539.0,1606.4114990234375
2018-06-08,1770.800048828125,1738.5999755859375,1753.800048828125,1763.5999755859375,12405655.0,1600.6029052734375
2018-06-11,1795.0,1747.5999755859375,1764.199951171875,1768.800048828125,6521052.0,1605.3223876953125
2018-06-12,1773.199951171875,1740.0,1765.5999755859375,1746.4000244140625,6923815.0,1584.99267578125
2018-06-13,1752.4000244140625,1713.800048828125,1724.199951171875,1748.800048828125,11170628.0,1587.1708984375
2018-06-14,1756.199951171875,1713.5999755859375,1728.4000244140625,1748.800048828125,8581615.0,1587.1708984375
2018-06-15,1743.5999755859375,1670.0,1735.5999755859375,1670.0,14469979.0,1515.6536865234375
2018-06-18,1682.0,1654.0,1673.4000244140625,1679.0,6728731.0,1523.8218994140625
2018-06-19,1648.800048828125,1626.4000244140625,1640.0,1642.199951171875,8598870.0,1490.4232177734375
2018-06-20,1680.800048828125,1635.199951171875,1651.0,1638.5999755859375,8801963.0,1487.1558837890625
2018-06-21,1657.0,1624.800048828125,1653.4000244140625,1634.199951171875,6651243.0,1483.1624755859375
2018-06-22,1676.199951171875,1638.4000244140625,1644.0,1666.199951171875,6979566.0,1512.204833984375
2018-06-25,1666.800048828125,1600.199951171875,1662.0,1602.800048828125,6982591.0,1454.664794921875
2018-06-26,1649.5999755859375,1606.199951171875,1615.5999755859375,1643.0,9922537.0,1491.149169921875
2018-06-27,1696.800048828125,1641.0,1661.800048828125,1688.199951171875,12643312.0,1532.1715087890625
2018-06-28,1691.199951171875,1664.800048828125,1681.4000244140625,1688.0,8965627.0,1531.9901123046875
2018-06-29,1742.0,1702.5999755859375,1730.0,1706.0,11451305.0,1548.3265380859375
2018-07-02,1681.199951171875,1648.0,1677.5999755859375,1653.199951171875,10478993.0,1500.406494140625
2018-07-03,1702.5999755859375,1643.800048828125,1664.5999755859375,1670.0,11995867.0,1515.6536865234375
2018-07-04,1675.4000244140625,1622.5999755859375,1668.800048828125,1630.800048828125,7519700.0,1480.0767822265625
2018-07-05,1670.199951171875,1622.0,1625.0,1659.0,6285002.0,1505.67041015625
2018-07-06,1686.0,1629.0,1662.800048828125,1664.199951171875,6720048.0,1510.389892578125
2018-07-09,1729.199951171875,1680.0,1718.5999755859375,1708.199951171875,6687851.0,1550.3231201171875
2018-07-10,1728.5999755859375,1696.4000244140625,1725.5999755859375,1707.5999755859375,5567276.0,1549.7786865234375
2018-07-11,1679.5999755859375,1649.4000244140625,1666.800048828125,1654.5999755859375,10194881.0,1501.6771240234375
2018-07-12,1666.5999755859375,1641.5999755859375,1665.5999755859375,1657.0,7662254.0,1503.8553466796875
2018-07-13,1679.0,1632.800048828125,1669.5999755859375,1650.199951171875,6527183.0,1497.6837158203125
2018-07-16,1653.199951171875,1605.0,1650.800048828125,1624.0,9426478.0,1473.9052734375
2018-07-17,1629.4000244140625,1600.800048828125,1621.4000244140625,1624.0,9368720.0,1473.9052734375
2018-07-18,1675.800048828125,1649.199951171875,1651.0,1668.5999755859375,10411811.0,1514.3831787109375
2018-07-19,1680.0,1630.4000244140625,1677.800048828125,1637.800048828125,10473044.0,1486.429931640625
2018-07-20,1650.0,1590.800048828125,1637.800048828125,1613.4000244140625,11830364.0,1464.284912109375
2018-07-23,1628.800048828125,1599.5999755859375,1608.199951171875,1610.199951171875,7243205.0,1461.3807373046875
2018-07-24,1709.199951171875,1624.0,1625.0,1702.4000244140625,14065967.0,1545.059326171875
2018-07-25,1694.0,1664.0,1689.0,1677.0,12468065.0,1522.0068359375
2018-07-26,1696.800048828125,1659.5999755859375,1686.199951171875,1672.800048828125,9182445.0,1518.1949462890625
2018-07-27,1742.5999755859375,1704.199951171875,1710.0,1707.0,10965357.0,1549.234130859375
2018-07-30,1729.0,1685.0,1691.5999755859375,1723.0,8246496.0,1563.75537109375
2018-07-31,1766.800048828125,1718.800048828125,1726.4000244140625,1754.5999755859375,9210345.0,1592.434814453125
2018-08-01,1747.0,1695.800048828125,1746.5999755859375,1702.199951171875,11389220.0,1544.8775634765625
2018-08-02,1685.0,1629.800048828125,1685.0,1664.0,11003656.0,1510.208251953125
2018-08-03,1716.4000244140625,1658.5999755859375,1669.0,1698.199951171875,7437020.0,1541.2474365234375
2018-08-06,1698.4000244140625,1665.5999755859375,1692.4000244140625,1687.0,5762088.0,1531.0826416015625
2018-08-07,1748.5999755859375,1700.199951171875,1700.199951171875,1724.5999755859375,9839272.0,1565.2073974609375
2018-08-08,1745.0,1703.0,1716.800048828125,1719.0,8874995.0,1560.1251220703125
2018-08-09,1735.0,1707.5999755859375,1718.199951171875,1720.0,4220410.0,1561.03271484375
2018-08-10,1705.0,1672.800048828125,1701.0,1696.0,8291513.0,1539.2508544921875
2018-08-13,1703.4000244140625,1670.4000244140625,1684.5999755859375,1693.199951171875,6843644.0,1536.7095947265625
2018-08-14,1714.800048828125,1680.4000244140625,1700.5999755859375,1701.5999755859375,7834913.0,1544.333251953125
2018-08-15,1695.0,1601.0,1693.199951171875,1612.800048828125,12302334.0,1463.740478515625
2018-08-16,1649.0,1624.0,1640.4000244140625,1632.0,7684582.0,1481.165771484375
2018-08-17,1641.199951171875,1608.4000244140625,1625.0,1629.4000244140625,7512928.0,1478.8060302734375
2018-08-20,1684.5999755859375,1645.0,1680.0,1645.199951171875,6547602.0,1493.145751953125
2018-08-21,1635.0,1601.199951171875,1633.0,1610.5999755859375,9364649.0,1461.74365234375
2018-08-22,1642.199951171875,1593.0,1601.0,1636.0,10238915.0,1484.796142578125
2018-08-23,1636.4000244140625,1616.199951171875,1621.0,1626.0,10695909.0,1475.720458984375
2018-08-24,1661.800048828125,1625.199951171875,1631.800048828125,1661.199951171875,9467428.0,1507.6669921875
2018-08-28,1725.800048828125,1689.4000244140625,1694.0,1708.199951171875,10751267.0,1550.3231201171875
2018-08-29,1709.0,1689.5999755859375,1700.0,1696.199951171875,6402654.0,1539.432373046875
2018-08-30,1691.199951171875,1662.0,1678.800048828125,1666.199951171875,6595904.0,1512.204833984375
2018-08-31,1665.199951171875,1640.800048828125,1651.0,1643.800048828125,7180730.0,1491.8753662109375
2018-09-03,1674.0,1637.5999755859375,1640.0,1667.0,4802882.0,1512.9310302734375
2018-09-04,1666.4000244140625,1620.800048828125,1661.800048828125,1635.0,9646148.0,1483.8885498046875
2018-09-05,1636.4000244140625,1601.4000244140625,1608.800048828125,1618.4000244140625,10172538.0,1468.82275390625
2018-09-06,1579.800048828125,1536.5999755859375,1570.0,1544.800048828125,8772997.0,1445.539794921875
2018-09-07,1553.199951171875,1513.4000244140625,1546.0,1519.0,11917438.0,1421.3974609375
2018-09-10,1532.199951171875,1504.5999755859375,1524.800048828125,1514.5999755859375,7490983.0,1417.2801513671875
2018-09-11,1520.0,1472.199951171875,1511.0,1495.800048828125,11799966.0,1399.688232421875
2018-09-12,1525.4000244140625,1497.0,1506.199951171875,1517.4000244140625,10165967.0,1419.9002685546875
2018-09-13,1536.800048828125,1509.800048828125,1523.800048828125,1520.0,10205486.0,1422.333251953125
2018-09-14,1549.4000244140625,1530.0,1535.199951171875,1530.4000244140625,8435413.0,1432.0650634765625
2018-09-17,1536.199951171875,1513.0,1517.5999755859375,1533.0,6388455.0,1434.498046875
2018-09-18,1564.800048828125,1526.4000244140625,1542.0,1549.5999755859375,11665572.0,1450.03125
2018-09-19,1607.800048828125,1561.0,1572.0,1598.800048828125,10849160.0,1496.070068359375
2018-09-20,1622.199951171875,1592.800048828125,1592.800048828125,1618.0,13452645.0,1514.036376953125
2018-09-21,1680.199951171875,1643.0,1660.0,1678.0,16320589.0,1570.1810302734375
2018-09-24,1682.0,1653.199951171875,1670.0,1671.199951171875,6084862.0,1563.81787109375
2018-09-25,1701.800048828125,1660.4000244140625,1669.0,1695.800048828125,11484556.0,1586.83740234375
2018-09-26,1695.800048828125,1660.800048828125,1695.0,1661.800048828125,8700515.0,1555.02197265625
2018-09-27,1672.5999755859375,1653.0,1656.199951171875,1660.0,8719743.0,1553.3375244140625
2018-09-28,1681.0,1644.0,1676.0,1671.199951171875,9628482.0,1563.81787109375
2018-10-01,1681.4000244140625,1656.4000244140625,1672.4000244140625,1670.4000244140625,7382094.0,1563.0693359375
2018-10-02,1702.199951171875,1662.4000244140625,1667.800048828125,1698.4000244140625,13477549.0,1589.2703857421875
2018-10-03,1701.0,1684.5999755859375,1697.0,1692.0,9063327.0,1583.281494140625
2018-10-04,1709.4000244140625,1676.4000244140625,1693.0,1702.0,9154363.0,1592.6390380859375
2018-10-05,1686.0,1634.4000244140625,1686.0,1635.5999755859375,8157556.0,1530.5054931640625
2018-10-08,1636.199951171875,1616.0,1633.800048828125,1618.800048828125,5672877.0,1514.784912109375
2018-10-09,1646.800048828125,1619.0,1637.4000244140625,1641.0,8994328.0,1535.5584716796875
2018-10-10,1638.4000244140625,1571.800048828125,1637.0,1573.4000244140625,9318761.0,1472.3021240234375
2018-10-11,1578.5999755859375,1526.800048828125,1549.800048828125,1564.0,14465926.0,1463.506103515625
2018-10-12,1597.800048828125,1570.5999755859375,1594.4000244140625,1576.4000244140625,7569642.0,1475.1092529296875
2018-10-15,1591.5999755859375,1553.5999755859375,1570.800048828125,1587.800048828125,7483701.0,1485.77685546875
2018-10-16,1593.4000244140625,1564.199951171875,1582.5999755859375,1588.5999755859375,6073834.0,1486.525390625
2018-10-17,1610.0,1557.800048828125,1604.4000244140625,1572.5999755859375,12923855.0,1471.553466796875
2018-10-18,1569.0,1539.4000244140625,1545.0,1549.5999755859375,8664974.0,1450.03125
2018-10-19,1572.199951171875,1539.0,1566.4000244140625,1539.0,9405069.0,1440.112548828125
2018-10-22,1564.800048828125,1545.0,1564.199951171875,1550.4000244140625,6831214.0,1450.7799072265625
2018-10-23,1563.5999755859375,1500.4000244140625,1548.5999755859375,1521.199951171875,9823523.0,1423.4560546875
2018-10-24,1529.800048828125,1488.0,1529.0,1490.5999755859375,9495304.0,1394.822265625
2018-10-25,1519.5999755859375,1460.0,1470.5999755859375,1519.0,9607008.0,1421.3974609375
2018-10-26,1518.5999755859375,1471.0,1490.0,1518.5999755859375,9041107.0,1421.0230712890625
2018-10-29,1573.0,1518.199951171875,1535.0,1531.5999755859375,6294878.0,1433.1878662109375
2018-10-30,1550.5999755859375,1516.0,1541.0,1529.0,6443236.0,1430.7550048828125
2018-10-31,1583.800048828125,1540.5999755859375,1551.199951171875,1562.4000244140625,12465000.0,1462.0089111328125
2018-11-01,1624.4000244140625,1574.0,1578.0,1609.0,14529430.0,1505.6146240234375
2018-11-02,1657.0,1594.5999755859375,1646.4000244140625,1611.199951171875,11284562.0,1507.6732177734375
2018-11-05,1645.199951171875,1598.5999755859375,1603.0,1628.4000244140625,8836138.0,1523.76806640625
2018-11-06,1637.4000244140625,1598.199951171875,1634.199951171875,1601.0,5999075.0,1498.128662109375
2018-11-07,1649.800048828125,1610.0,1617.5999755859375,1625.4000244140625,9019782.0,1520.9608154296875
2018-11-08,1647.800048828125,1625.199951171875,1633.0,1643.5999755859375,7498145.0,1537.9913330078125
2018-11-09,1621.199951171875,1568.0,1620.199951171875,1585.5999755859375,9521519.0,1483.71826171875
2018-11-12,1642.5999755859375,1601.199951171875,1627.800048828125,1601.199951171875,8212583.0,1498.3157958984375
2018-11-13,1622.4000244140625,1558.4000244140625,1615.5999755859375,1582.4000244140625,11187985.0,1480.7237548828125
2018-11-14,1563.0,1526.199951171875,1562.800048828125,1545.0,8270246.0,1445.7269287109375
2018-11-15,1593.199951171875,1558.199951171875,1569.4000244140625,1589.0,9744505.0,1486.899658203125
2018-11-16,1621.5999755859375,1579.199951171875,1599.5999755859375,1606.800048828125,8845443.0,1503.5560302734375
2018-11-19,1629.199951171875,1615.5999755859375,1622.800048828125,1623.199951171875,7601593.0,1518.902099609375
2018-11-20,1625.0,1563.800048828125,1607.5999755859375,1585.4000244140625,7502931.0,1483.531005859375
2018-11-21,1609.4000244140625,1571.5999755859375,1575.199951171875,1602.0,7020556.0,1499.064453125
2018-11-22,1593.800048828125,1561.199951171875,1593.800048828125,1573.0,5075177.0,1471.927734375
2018-11-23,1573.4000244140625,1504.5999755859375,1546.800048828125,1520.0,7776823.0,1422.333251953125
2018-11-26,1535.199951171875,1490.5999755859375,1517.4000244140625,1519.4000244140625,8045752.0,1421.771728515625
2018-11-27,1524.199951171875,1486.5999755859375,1518.0,1498.800048828125,8687472.0,1402.4954833984375
2018-11-28,1522.199951171875,1496.4000244140625,1510.800048828125,1504.5999755859375,8963203.0,1407.9227294921875
2018-11-29,1551.0,1513.199951171875,1538.5999755859375,1531.0,6453119.0,1432.62646484375
2018-11-30,1531.0,1498.800048828125,1531.0,1501.5999755859375,9733745.0,1405.115478515625
2018-12-03,1615.0,1580.4000244140625,1602.0,1590.0,11924274.0,1487.8355712890625
2018-12-04,1606.0,1575.199951171875,1581.0,1600.800048828125,7379255.0,1497.9415283203125
2018-12-05,1580.800048828125,1564.0,1577.199951171875,1566.4000244140625,5503922.0,1465.7518310546875
2018-12-06,1542.5999755859375,1488.5999755859375,1538.4000244140625,1497.199951171875,10883773.0,1400.9981689453125
2018-12-07,1563.4000244140625,1501.0,1515.5999755859375,1534.5999755859375,9711517.0,1435.9952392578125
2018-12-10,1562.199951171875,1516.800048828125,1527.0,1529.5999755859375,9593014.0,1431.31640625
2018-12-11,1577.800048828125,1547.0,1559.800048828125,1561.5999755859375,11970854.0,1461.2601318359375
2018-12-12,1613.199951171875,1582.0,1591.0,1608.4000244140625,12931994.0,1505.05322265625
2018-12-13,1638.5999755859375,1613.4000244140625,1621.0,1631.4000244140625,10005041.0,1526.5753173828125
2018-12-14,1620.199951171875,1600.199951171875,1600.5999755859375,1616.5999755859375,7760406.0,1512.7261962890625
2018-12-17,1673.4000244140625,1643.0,1656.0,1659.800048828125,10257669.0,1553.150634765625
2018-12-18,1662.5999755859375,1632.199951171875,1651.4000244140625,1632.199951171875,10516176.0,1527.3238525390625
2018-12-19,1673.0,1639.5999755859375,1643.4000244140625,1667.0,9309596.0,1559.8878173828125
2018-12-20,1643.4000244140625,1604.4000244140625,1618.0,1624.199951171875,11668288.0,1519.837890625
2018-12-21,1653.4000244140625,1626.800048828125,1629.0,1650.0,14851003.0,1543.9801025390625
2018-12-24,1637.4000244140625,1616.800048828125,1616.800048828125,1637.4000244140625,1343972.0,1532.18994140625
2018-12-27,1662.0,1599.4000244140625,1656.4000244140625,1611.4000244140625,6543495.0,1507.8603515625
2018-12-28,1651.4000244140625,1628.800048828125,1636.0,1637.0,5539315.0,1531.8155517578125
2018-12-31,1665.4000244140625,1643.800048828125,1648.5999755859375,1651.5999755859375,2572019.0,1545.477294921875
2019-01-02,1638.5999755859375,1577.4000244140625,1602.199951171875,1631.5999755859375,7198409.0,1526.762451171875
2019-01-03,1625.0,1594.0,1612.199951171875,1594.4000244140625,8191451.0,1491.9527587890625
2019-01-04,1669.5999755859375,1605.199951171875,1605.199951171875,1669.0,6952277.0,1561.7593994140625
2019-01-07,1704.0,1666.5999755859375,1689.0,1685.199951171875,8396026.0,1576.9183349609375
2019-01-08,1699.800048828125,1667.5999755859375,1667.800048828125,1679.800048828125,6818249.0,1571.8653564453125
2019-01-09,1709.4000244140625,1667.0,1675.0,1707.4000244140625,12428354.0,1597.69189453125
2019-01-10,1621.0,1597.800048828125,1610.800048828125,1616.5999755859375,8064255.0,1512.7261962890625
2019-01-11,1644.4000244140625,1604.0,1626.0,1611.4000244140625,6576368.0,1507.8603515625
2019-01-14,1607.5999755859375,1584.199951171875,1588.800048828125,1596.0,5179683.0,1493.449951171875
2019-01-15,1631.800048828125,1591.800048828125,1612.4000244140625,1613.0,5020945.0,1509.3575439453125
2019-01-16,1625.800048828125,1591.5999755859375,1620.5999755859375,1597.0,6433415.0,1494.3856201171875
2019-01-17,1603.5999755859375,1584.4000244140625,1584.4000244140625,1600.4000244140625,4616152.0,1497.567138671875
2019-01-18,1638.4000244140625,1607.5999755859375,1615.0,1628.5999755859375,6344777.0,1523.9552001953125
2019-01-21,1630.199951171875,1606.0,1621.199951171875,1611.0,3941075.0,1507.486083984375
2019-01-22,1588.800048828125,1563.800048828125,1574.0,1579.5999755859375,7543312.0,1478.1036376953125
2019-01-23,1581.800048828125,1555.800048828125,1570.4000244140625,1563.0,8041012.0,1462.5703125
2019-01-24,1575.0,1554.5999755859375,1571.800048828125,1569.0,6532836.0,1468.184814453125
2019-01-25,1612.4000244140625,1574.800048828125,1576.0,1609.4000244140625,8362510.0,1505.9888916015625
2019-01-28,1646.4000244140625,1608.800048828125,1629.800048828125,1619.199951171875,7615295.0,1515.1591796875
2019-01-29,1648.0,1603.800048828125,1619.199951171875,1629.800048828125,7799296.0,1525.0780029296875
2019-01-30,1685.800048828125,1649.0,1674.800048828125,1672.199951171875,8968275.0,1564.753662109375
2019-01-31,1703.800048828125,1681.800048828125,1691.800048828125,1690.199951171875,9272569.0,1581.5970458984375
2019-02-01,1724.0,1694.4000244140625,1694.4000244140625,1720.4000244140625,7214416.0,1609.856689453125
2019-02-04,1717.5999755859375,1690.4000244140625,1700.0,1715.0,8270315.0,1604.8035888671875
2019-02-05,1741.0,1719.5999755859375,1729.800048828125,1735.0,7018646.0,1623.5184326171875
2019-02-06,1741.5999755859375,1708.800048828125,1736.199951171875,1726.0,6621110.0,1615.096923828125
2019-02-07,1725.800048828125,1703.0,1715.5999755859375,1703.0,6733280.0,1593.57470703125
2019-02-08,1716.4000244140625,1693.4000244140625,1695.199951171875,1703.0,6277237.0,1593.57470703125
2019-02-11,1736.5999755859375,1713.0,1717.0,1725.0,7918767.0,1614.1610107421875
2019-02-12,1735.5999755859375,1723.0,1729.800048828125,1730.800048828125,7578681.0,1619.58837890625
2019-02-13,1777.800048828125,1736.5999755859375,1740.0,1771.800048828125,8153943.0,1657.9541015625
2019-02-14,1781.800048828125,1762.4000244140625,1775.0,1772.0,5626060.0,1658.14111328125
2019-02-15,1804.800048828125,1761.199951171875,1762.800048828125,1792.800048828125,7314451.0,1677.6046142578125
2019-02-18,1803.0,1792.4000244140625,1798.800048828125,1799.5999755859375,5144368.0,1683.9677734375
2019-02-19,1803.0,1748.0,1748.0,1795.800048828125,5546560.0,1680.4119873046875
2019-02-20,1826.4000244140625,1789.4000244140625,1819.0,1823.5999755859375,6743079.0,1706.4256591796875
2019-02-21,1810.5999755859375,1771.199951171875,1809.0,1787.4000244140625,7243642.0,1672.5516357421875
2019-02-22,1837.5999755859375,1801.0,1801.199951171875,1827.4000244140625,6424425.0,1709.9814453125
2019-02-25,1843.0,1795.0,1830.800048828125,1812.5999755859375,6783348.0,1696.13232421875
2019-02-26,1813.0,1785.800048828125,1796.199951171875,1808.0,5211061.0,1691.8280029296875
2019-02-27,1818.5999755859375,1792.5999755859375,1798.0,1802.4000244140625,7493630.0,1686.587890625
2019-02-28,1775.0,1746.0,1775.0,1746.0,10181909.0,1633.811767578125
2019-03-01,1757.800048828125,1737.800048828125,1757.0,1741.0,7278765.0,1629.1329345703125
2019-03-04,1755.5999755859375,1741.199951171875,1751.4000244140625,1744.5999755859375,3125075.0,1632.501708984375
2019-03-05,1762.800048828125,1743.4000244140625,1753.199951171875,1757.4000244140625,4983041.0,1644.479248046875
2019-03-06,1790.199951171875,1755.5999755859375,1755.5999755859375,1779.0,5393856.0,1664.6912841796875
2019-03-07,1743.5999755859375,1716.0,1727.0,1725.5999755859375,7168461.0,1640.9410400390625
2019-03-08,1729.4000244140625,1696.800048828125,1710.0,1727.199951171875,7310342.0,1642.4625244140625
2019-03-11,1751.199951171875,1731.5999755859375,1733.5999755859375,1744.199951171875,4086604.0,1658.6285400390625
2019-03-12,1752.5999755859375,1723.4000244140625,1739.0,1746.0,7795911.0,1660.3402099609375
2019-03-13,1769.5999755859375,1739.4000244140625,1741.800048828125,1755.800048828125,6604805.0,1669.659423828125
2019-03-14,1751.4000244140625,1727.800048828125,1751.4000244140625,1730.4000244140625,5976131.0,1645.505615234375
2019-03-15,1735.4000244140625,1718.5999755859375,1730.0,1718.5999755859375,9117139.0,1634.2845458984375
2019-03-18,1769.5999755859375,1732.199951171875,1738.4000244140625,1768.4000244140625,5345779.0,1681.6412353515625
2019-03-19,1802.199951171875,1770.5999755859375,1770.5999755859375,1781.0,5287371.0,1693.6231689453125
2019-03-20,1773.0,1737.0,1738.5999755859375,1767.5999755859375,5842101.0,1680.8804931640625
2019-03-21,1811.800048828125,1794.199951171875,1798.0,1796.199951171875,4391575.0,1708.0772705078125
2019-03-22,1804.5999755859375,1754.4000244140625,1800.0,1760.199951171875,5047606.0,1673.843505859375
2019-03-25,1774.199951171875,1738.0,1746.199951171875,1772.5999755859375,4510568.0,1685.63525390625
2019-03-26,1790.199951171875,1772.4000244140625,1782.4000244140625,1787.5999755859375,4496612.0,1699.8992919921875
2019-03-27,1802.4000244140625,1784.199951171875,1790.5999755859375,1795.800048828125,4700027.0,1707.6971435546875
2019-03-28,1826.0,1803.0,1805.800048828125,1818.0,4552038.0,1728.807861328125
2019-03-29,1863.4000244140625,1841.199951171875,1855.5999755859375,1848.5999755859375,5885261.0,1757.9066162109375
2019-04-01,1911.5999755859375,1882.199951171875,1893.199951171875,1902.4000244140625,8313793.0,1809.067138671875
2019-04-02,1918.199951171875,1884.4000244140625,1900.0,1907.0,5390753.0,1813.4415283203125
2019-04-03,1926.4000244140625,1911.0,1923.5999755859375,1915.5999755859375,6158799.0,1821.6195068359375
2019-04-04,1910.0,1893.0,1900.0,1902.199951171875,4274734.0,1808.876953125
2019-04-05,1937.4000244140625,1900.0,1900.0,1932.5999755859375,5111035.0,1837.7855224609375
2019-04-08,1950.0,1922.800048828125,1945.0,1944.199951171875,4239203.0,1848.81640625
2019-04-09,1950.0,1929.4000244140625,1942.4000244140625,1939.199951171875,3953602.0,1844.0616455078125
2019-04-10,1955.4000244140625,1933.0,1946.199951171875,1943.4000244140625,3701680.0,1848.0556640625
2019-04-11,1938.5999755859375,1912.800048828125,1935.800048828125,1923.199951171875,4008065.0,1828.8466796875
2019-04-12,1942.800048828125,1915.0,1930.0,1935.0,4582993.0,1840.06787109375
2019-04-15,1930.0,1896.199951171875,1930.0,1902.800048828125,4134892.0,1809.447509765625
2019-04-16,1919.4000244140625,1895.199951171875,1914.4000244140625,1909.5999755859375,6520801.0,1815.9139404296875
2019-04-17,1871.199951171875,1820.0,1825.5999755859375,1861.0,6626754.0,1769.6982421875
2019-04-18,1875.800048828125,1847.0,1857.800048828125,1869.4000244140625,5128644.0,1777.6861572265625
2019-04-23,1876.0,1850.0,1875.5999755859375,1871.4000244140625,4423880.0,1779.588134765625
2019-04-24,1859.4000244140625,1829.199951171875,1852.800048828125,1843.199951171875,4688792.0,1752.7716064453125
2019-04-25,1839.800048828125,1818.0,1835.0,1830.800048828125,4541487.0,1740.9798583984375
2019-04-26,1831.800048828125,1812.800048828125,1823.5999755859375,1831.800048828125,5773063.0,1741.930908203125
2019-04-29,1836.0,1820.0,1827.0,1830.0,2601880.0,1740.2191162109375
2019-04-30,1821.4000244140625,1801.5999755859375,1818.4000244140625,1809.4000244140625,4790904.0,1720.6298828125
2019-05-01,1811.4000244140625,1793.800048828125,1807.5999755859375,1798.0,3396405.0,1709.7891845703125
2019-05-02,1773.4000244140625,1757.5999755859375,1767.0,1762.5999755859375,4902547.0,1676.1258544921875
2019-05-03,1790.4000244140625,1763.0,1763.0,1778.4000244140625,2833475.0,1691.1507568359375
2019-05-07,1789.800048828125,1757.0,1772.0,1764.800048828125,5187552.0,1678.2178955078125
2019-05-08,1776.0,1746.0,1765.5999755859375,1764.199951171875,7667458.0,1677.6473388671875
2019-05-09,1755.0,1725.5999755859375,1755.0,1733.5999755859375,4753249.0,1648.548583984375
2019-05-10,1759.4000244140625,1731.199951171875,1754.199951171875,1743.0,3195997.0,1657.4874267578125
2019-05-13,1747.4000244140625,1713.0,1743.5999755859375,1713.199951171875,4436169.0,1629.1492919921875
2019-05-14,1752.0,1722.199951171875,1730.0,1747.4000244140625,4904064.0,1661.6715087890625
2019-05-15,1758.0,1719.4000244140625,1754.4000244140625,1750.0,4562300.0,1664.1439208984375
2019-05-16,1805.800048828125,1769.199951171875,1773.199951171875,1789.4000244140625,5670285.0,1701.611083984375
2019-05-17,1817.199951171875,1775.199951171875,1815.199951171875,1794.800048828125,5146494.0,1706.74609375
2019-05-20,1808.199951171875,1769.800048828125,1808.199951171875,1791.5999755859375,4161034.0,1703.7030029296875
2019-05-21,1807.199951171875,1779.4000244140625,1798.800048828125,1790.0,3948603.0,1702.1815185546875
2019-05-22,1809.5999755859375,1786.199951171875,1805.0,1786.800048828125,6495025.0,1699.1385498046875
2019-05-23,1778.800048828125,1748.199951171875,1776.4000244140625,1757.4000244140625,4430118.0,1671.180908203125
2019-05-24,1801.800048828125,1771.4000244140625,1778.0,1800.0,4927980.0,1711.69091796875
2019-05-28,1848.199951171875,1816.4000244140625,1836.0,1834.0,7945822.0,1744.02294921875
2019-05-29,1814.800048828125,1784.800048828125,1814.800048828125,1800.0,5853046.0,1711.69091796875
2019-05-30,1819.800048828125,1795.800048828125,1805.0,1810.0,3456771.0,1721.2003173828125
2019-05-31,1795.4000244140625,1770.800048828125,1794.199951171875,1784.5999755859375,5815578.0,1697.0465087890625
2019-06-03,1801.5999755859375,1755.0,1762.0,1798.0,4489536.0,1709.7891845703125
2019-06-04,1807.5999755859375,1781.800048828125,1787.199951171875,1800.5999755859375,4568327.0,1712.261474609375
2019-06-05,1818.800048828125,1784.5999755859375,1808.4000244140625,1794.4000244140625,4694187.0,1706.36572265625
2019-06-06,1814.4000244140625,1780.800048828125,1781.5999755859375,1804.4000244140625,4423258.0,1715.8751220703125
2019-06-07,1840.0,1800.0,1800.0,1824.199951171875,4026434.0,1734.70361328125
2019-06-10,1860.4000244140625,1839.5999755859375,1842.0,1852.0,3008051.0,1761.139892578125
2019-06-11,1907.5999755859375,1875.4000244140625,1877.0,1894.199951171875,8335415.0,1801.2694091796875
2019-06-12,1918.199951171875,1879.5999755859375,1898.4000244140625,1908.5999755859375,4139217.0,1814.962890625
2019-06-13,1932.199951171875,1896.800048828125,1900.0,1929.0,4516813.0,1834.3621826171875
2019-06-14,1933.0,1901.5999755859375,1923.0,1910.0,5288421.0,1816.2943115234375
2019-06-17,1929.0,1906.4000244140625,1915.0,1917.199951171875,4557511.0,1823.1409912109375
2019-06-18,1976.800048828125,1925.0,1925.0,1965.199951171875,7232821.0,1868.7860107421875
2019-06-19,1972.5999755859375,1918.0,1968.199951171875,1924.199951171875,7881461.0,1829.797607421875
2019-06-20,1986.0,1944.800048828125,1955.0,1963.0,5183521.0,1866.694091796875
2019-06-21,1983.0,1954.5999755859375,1964.0,1965.0,11513834.0,1868.595947265625
2019-06-24,1976.5999755859375,1955.800048828125,1955.800048828125,1975.5999755859375,3215122.0,1878.6759033203125
2019-06-25,2007.5,1966.0,1969.4000244140625,1990.199951171875,4355035.0,1892.5595703125
2019-06-26,2006.5,1983.0,1986.4000244140625,2006.5,5044336.0,1908.0599365234375
2019-06-27,2030.5,2000.5,2021.0,2010.0,3663614.0,1911.38818359375
2019-06-28,2021.5,2000.5,2010.0,2015.0,4045276.0,1916.1429443359375
2019-07-01,2052.5,2027.5,2035.0,2032.5,4419317.0,1932.7843017578125
2019-07-02,2055.0,2033.0,2040.0,2049.0,4364973.0,1948.474853515625
2019-07-03,2078.5,2043.0,2060.0,2044.5,4034196.0,1944.1956787109375
2019-07-04,2041.5,2008.0,2039.5,2011.0,3946726.0,1912.3392333984375
2019-07-05,1990.800048828125,1947.0,1988.0,1955.5999755859375,6520989.0,1859.6571044921875
2019-07-08,1993.4000244140625,1968.0,1975.0,1992.4000244140625,5647274.0,1894.6517333984375
2019-07-09,1989.5999755859375,1968.5999755859375,1980.199951171875,1975.0,4958868.0,1878.1053466796875
2019-07-10,2009.0,1978.0,1987.199951171875,1997.0,4574046.0,1899.0260009765625
2019-07-11,2011.0,1971.800048828125,2004.5,1979.5999755859375,5735670.0,1882.4796142578125
2019-07-12,2013.5,1977.199951171875,1992.4000244140625,1988.0,3563083.0,1890.467529296875
2019-07-15,2012.0,1984.199951171875,1990.5999755859375,2006.5,2577900.0,1908.0599365234375
2019-07-16,2033.0,2000.0,2013.0,2030.0,3875555.0,1930.406982421875
2019-07-17,2044.5,2024.0,2031.5,2034.0,5380234.0,1934.2108154296875
2019-07-18,2022.5,1996.800048828125,2020.0,1997.199951171875,4162248.0,1899.216064453125
2019-07-19,2036.0,2011.5,2011.5,2028.5,2530549.0,1928.9805908203125
2019-07-22,2054.0,2024.5,2028.0,2030.5,3129982.0,1930.882568359375
2019-07-23,2064.5,2037.0,2041.5,2042.5,5961570.0,1942.2938232421875
2019-07-24,2024.5,1949.5999755859375,2024.5,1960.800048828125,7097870.0,1864.60205078125
2019-07-25,1984.5999755859375,1937.0,1960.0,1958.0,6292595.0,1861.9393310546875
2019-07-26,1961.5999755859375,1936.800048828125,1957.800048828125,1955.0,3665794.0,1859.0865478515625
2019-07-29,1999.800048828125,1962.0799560546875,1964.800048828125,1993.800048828125,4355151.0,1895.983154296875
2019-07-30,2023.0,1990.0,2009.5,1997.4000244140625,3873654.0,1899.406494140625
2019-07-31,2015.5,1977.4000244140625,2001.5,1984.199951171875,5993067.0,1886.85400390625
2019-08-01,1961.4000244140625,1915.8800048828125,1955.5999755859375,1936.199951171875,7520576.0,1841.2088623046875
2019-08-02,1892.4000244140625,1844.0,1882.5999755859375,1844.0,11680370.0,1753.5322265625
2019-08-05,1810.0,1784.6800537109375,1800.0,1804.4000244140625,6430728.0,1715.8751220703125
2019-08-06,1810.800048828125,1774.4000244140625,1805.0,1778.800048828125,5474883.0,1691.5311279296875
2019-08-07,1780.800048828125,1744.5999755859375,1760.0,1760.0,5997030.0,1673.6533203125
2019-08-08,1835.0,1783.5999755859375,1802.199951171875,1835.0,7274596.0,1744.973876953125
2019-08-09,1821.800048828125,1795.5999755859375,1814.0,1802.0,4994729.0,1713.5928955078125
2019-08-12,1818.800048828125,1794.0,1810.0,1797.4000244140625,4713013.0,1709.218505859375
2019-08-13,1828.4000244140625,1781.0,1787.4000244140625,1816.0,6415848.0,1726.906005859375
2019-08-14,1820.199951171875,1771.0,1813.800048828125,1782.800048828125,6540993.0,1695.3348388671875
2019-08-15,1794.800048828125,1746.199951171875,1785.5999755859375,1772.5999755859375,6021590.0,1685.63525390625
2019-08-16,1785.0,1751.4000244140625,1775.0,1755.199951171875,5553443.0,1669.0888671875
2019-08-19,1789.8699951171875,1767.0,1773.4000244140625,1781.4000244140625,4391262.0,1694.0035400390625
2019-08-20,1770.0,1728.5999755859375,1741.199951171875,1734.800048828125,6887813.0,1649.6898193359375
2019-08-21,1729.4000244140625,1703.0,1729.4000244140625,1713.800048828125,6854457.0,1629.7200927734375
2019-08-22,1716.5999755859375,1687.800048828125,1701.199951171875,1698.5999755859375,5839235.0,1615.265625
2019-08-23,1717.199951171875,1676.0,1707.5999755859375,1680.4000244140625,4871458.0,1597.9586181640625
2019-08-27,1690.6800537109375,1667.199951171875,1678.5999755859375,1672.5999755859375,6069984.0,1590.541259765625
2019-08-28,1714.800048828125,1683.0,1692.0,1712.0,5770537.0,1628.00830078125
2019-08-29,1740.0,1705.800048828125,1709.0,1730.0,4322542.0,1645.125244140625
2019-08-30,1775.199951171875,1740.5999755859375,1741.0,1773.0,7217890.0,1686.015625
2019-09-02,1788.5999755859375,1764.800048828125,1774.4000244140625,1765.5999755859375,4222666.0,1678.9786376953125
2019-09-03,1774.4000244140625,1745.0,1768.4000244140625,1764.5999755859375,5989891.0,1678.027587890625
2019-09-04,1809.5999755859375,1763.800048828125,1773.0,1806.4000244140625,5487979.0,1717.7769775390625
2019-09-05,1767.5999755859375,1731.4000244140625,1758.199951171875,1750.5999755859375,5932417.0,1705.14208984375
2019-09-06,1764.800048828125,1739.4000244140625,1752.199951171875,1759.4000244140625,10190215.0,1713.713623046875
2019-09-09,1771.800048828125,1743.0,1768.199951171875,1758.4000244140625,5120478.0,1712.739501953125
2019-09-10,1778.199951171875,1745.4000244140625,1758.199951171875,1775.0,6728866.0,1728.908447265625
2019-09-11,1798.199951171875,1771.4000244140625,1792.0,1777.0,5275512.0,1730.8565673828125
2019-09-12,1817.5999755859375,1785.800048828125,1800.0,1803.800048828125,5295948.0,1756.960693359375
2019-09-13,1843.4000244140625,1804.199951171875,1810.5999755859375,1836.4000244140625,6139680.0,1788.714111328125
2019-09-16,1844.0,1824.0,1835.0,1824.199951171875,6503231.0,1776.830810546875
2019-09-17,1827.5999755859375,1789.5999755859375,1814.800048828125,1794.5999755859375,9948767.0,1747.99951171875
2019-09-18,1809.0,1785.4000244140625,1797.800048828125,1795.5999755859375,4516865.0,1748.9735107421875
2019-09-19,1810.199951171875,1771.4000244140625,1784.5999755859375,1792.5999755859375,4140524.0,1746.0513916015625
2019-09-20,1795.0,1761.800048828125,1787.0,1788.800048828125,9312992.0,1742.3502197265625
2019-09-23,1786.4000244140625,1749.4000244140625,1786.4000244140625,1761.199951171875,4797924.0,1715.466796875
2019-09-24,1770.0,1708.800048828125,1770.0,1710.800048828125,5252529.0,1666.3756103515625
2019-09-25,1736.0,1695.0,1711.199951171875,1733.0,5923270.0,1687.9990234375
2019-09-26,1761.4000244140625,1725.6400146484375,1728.5999755859375,1734.5999755859375,4138169.0,1689.5574951171875
2019-09-27,1780.800048828125,1747.0,1754.0,1754.800048828125,4590325.0,1709.2330322265625
2019-09-30,1761.199951171875,1723.5999755859375,1756.4000244140625,1732.4000244140625,5228184.0,1687.4146728515625
2019-10-01,1757.800048828125,1726.800048828125,1742.800048828125,1736.0,6902108.0,1690.921142578125
2019-10-02,1728.199951171875,1665.0,1727.0,1665.0,7939045.0,1621.764892578125
2019-10-03,1676.5999755859375,1631.4000244140625,1667.5999755859375,1659.5999755859375,6414154.0,1616.5050048828125
2019-10-04,1684.199951171875,1645.800048828125,1664.199951171875,1683.199951171875,5965270.0,1639.4921875
2019-10-07,1690.4000244140625,1663.800048828125,1673.0,1686.199951171875,4391293.0,1642.414306640625
2019-10-08,1698.4000244140625,1671.4000244140625,1690.0,1671.4000244140625,5421043.0,1627.9986572265625
2019-10-09,1682.199951171875,1650.5999755859375,1670.0,1664.0,5424087.0,1620.790771484375
2019-10-10,1708.5999755859375,1671.0,1675.0,1696.5999755859375,6216362.0,1652.5443115234375
2019-10-11,1720.4000244140625,1679.199951171875,1696.199951171875,1720.4000244140625,6571398.0,1675.726318359375
2019-10-14,1717.25,1675.0,1715.0,1675.0,4652407.0,1631.505126953125
2019-10-15,1672.800048828125,1631.5999755859375,1666.5999755859375,1642.199951171875,5422767.0,1599.556884765625
2019-10-16,1643.5999755859375,1620.5999755859375,1637.0,1622.5999755859375,4786456.0,1580.4658203125
2019-10-17,1628.5999755859375,1599.199951171875,1606.0,1606.0,5597102.0,1564.296875
2019-10-18,1616.199951171875,1585.5400390625,1599.5999755859375,1600.0,3844180.0,1558.4527587890625
2019-10-21,1621.199951171875,1593.5999755859375,1598.0,1603.4000244140625,4655762.0,1561.764404296875
2019-10-22,1623.0,1596.199951171875,1603.0,1618.4000244140625,4083088.0,1576.3748779296875
2019-10-23,1650.800048828125,1613.5999755859375,1619.0,1639.5999755859375,4038225.0,1597.0244140625
2019-10-24,1659.199951171875,1638.0,1650.0,1645.0,3519642.0,1602.2841796875
2019-10-25,1657.199951171875,1635.0,1645.0,1657.199951171875,2579561.0,1614.1673583984375
2019-10-28,1689.4000244140625,1635.5999755859375,1660.0,1678.4000244140625,4600749.0,1634.81689453125
2019-10-29,1694.5999755859375,1669.0,1682.5999755859375,1677.5999755859375,3989355.0,1634.03759765625
2019-10-30,1669.5999755859375,1642.0,1669.5999755859375,1653.0,3485295.0,1610.076416015625
2019-10-31,1664.0,1619.0,1661.800048828125,1634.800048828125,6903555.0,1592.34912109375
2019-11-01,1680.4000244140625,1631.4000244140625,1641.199951171875,1673.4000244140625,4585217.0,1629.94677734375
2019-11-04,1729.0,1687.4000244140625,1690.5999755859375,1722.800048828125,6519329.0,1678.06396484375
2019-11-05,1776.199951171875,1725.4000244140625,1737.0,1764.5999755859375,8025314.0,1718.7784423828125
2019-11-06,1778.4000244140625,1751.5999755859375,1756.0,1763.0,4886101.0,1717.2200927734375
2019-11-07,1781.199951171875,1751.800048828125,1761.0,1751.800048828125,5965346.0,1706.3109130859375
2019-11-08,1760.0,1723.800048828125,1760.0,1726.800048828125,5315596.0,1681.9600830078125
2019-11-11,1720.0,1666.5999755859375,1712.4000244140625,1692.4000244140625,4462932.0,1648.453369140625
2019-11-12,1725.0,1696.4000244140625,1725.0,1696.4000244140625,4278560.0,1652.3494873046875
2019-11-13,1689.800048828125,1664.4000244140625,1682.800048828125,1676.800048828125,5582546.0,1633.2584228515625
2019-11-14,1686.199951171875,1666.4000244140625,1677.5999755859375,1674.5999755859375,4384169.0,1631.115478515625
2019-11-15,1722.199951171875,1674.5999755859375,1694.5999755859375,1690.0,4285884.0,1646.11572265625
2019-11-18,1705.4000244140625,1677.5999755859375,1694.0,1686.199951171875,3561130.0,1642.414306640625
2019-11-19,1736.3599853515625,1698.800048828125,1699.800048828125,1704.199951171875,4438586.0,1659.9468994140625
2019-11-20,1703.4000244140625,1668.5999755859375,1697.4000244140625,1690.5999755859375,4088054.0,1646.7000732421875
2019-11-21,1673.5999755859375,1652.199951171875,1672.199951171875,1670.199951171875,4083532.0,1626.8297119140625
2019-11-22,1720.0,1662.4000244140625,1690.0,1710.199951171875,5178276.0,1665.7911376953125
2019-11-25,1744.0,1708.550048828125,1740.199951171875,1720.199951171875,3630512.0,1675.5313720703125
2019-11-26,1742.4000244140625,1720.199951171875,1726.5999755859375,1734.0,6247476.0,1688.97314453125
2019-11-27,1767.5999755859375,1726.0,1755.199951171875,1726.800048828125,3420729.0,1681.9600830078125
2019-11-28,1748.800048828125,1721.0,1738.199951171875,1744.4000244140625,1991012.0,1699.10302734375
2019-11-29,1736.4000244140625,1710.0,1735.199951171875,1710.0,3133242.0,1665.5963134765625
2019-12-02,1745.199951171875,1714.0,1720.199951171875,1718.800048828125,3215447.0,1674.1678466796875
2019-12-03,1709.0,1662.199951171875,1709.0,1674.4000244140625,6615064.0,1630.9207763671875
2019-12-04,1690.4000244140625,1653.800048828125,1664.800048828125,1689.0,6117535.0,1645.1416015625
2019-12-05,1687.4000244140625,1658.4000244140625,1680.5999755859375,1661.5999755859375,5036878.0,1618.453125
2019-12-06,1708.4000244140625,1667.199951171875,1672.0,1703.800048828125,2931320.0,1659.557373046875
2019-12-09,1722.4000244140625,1696.0,1705.0,1715.199951171875,3087121.0,1670.6612548828125
2019-12-10,1715.4000244140625,1681.5999755859375,1712.199951171875,1710.5999755859375,3300505.0,1666.1806640625
2019-12-11,1739.0,1714.4000244140625,1727.800048828125,1729.0,5103164.0,1684.1029052734375
2019-12-12,1756.4000244140625,1718.5999755859375,1723.800048828125,1743.5999755859375,4407043.0,1698.3238525390625
2019-12-13,1781.199951171875,1736.199951171875,1750.0,1738.199951171875,5731313.0,1693.06396484375
2019-12-16,1806.5999755859375,1751.0,1754.0,1778.4000244140625,4538610.0,1732.22021484375
2019-12-17,1800.800048828125,1761.0,1777.0,1795.800048828125,5807708.0,1749.16845703125
2019-12-18,1807.4000244140625,1783.800048828125,1787.199951171875,1797.5999755859375,4363154.0,1750.921630859375
2019-12-19,1805.199951171875,1784.4000244140625,1787.0,1799.4000244140625,4762920.0,1752.6749267578125
2019-12-20,1809.199951171875,1785.800048828125,1799.0,1794.0,6919573.0,1747.4150390625
2019-12-23,1804.4000244140625,1773.800048828125,1786.5999755859375,1802.199951171875,3239889.0,1755.402099609375
2019-12-24,1807.199951171875,1788.56005859375,1806.800048828125,1791.4000244140625,671112.0,1744.8826904296875
2019-12-27,1831.800048828125,1802.0,1810.5999755859375,1810.800048828125,2418925.0,1763.7789306640625
2019-12-30,1814.0,1784.0,1810.0,1790.199951171875,1954332.0,1743.7137451171875
2019-12-31,1799.0,1776.0,1794.0,1776.800048828125,957516.0,1730.6617431640625
2020-01-02,1806.4000244140625,1784.4000244140625,1789.5999755859375,1790.4000244140625,2182889.0,1743.9085693359375
2020-01-03,1800.0,1766.199951171875,1778.4000244140625,1796.4000244140625,3174841.0,1749.7528076171875
2020-01-06,1794.5999755859375,1769.800048828125,1786.199951171875,1775.199951171875,2803550.0,1729.103271484375
2020-01-07,1788.199951171875,1759.199951171875,1773.5999755859375,1784.800048828125,3155927.0,1738.4539794921875
2020-01-08,1808.0,1773.0,1781.800048828125,1808.0,4932763.0,1761.051513671875
2020-01-09,1834.4000244140625,1770.800048828125,1814.0,1771.199951171875,4748433.0,1725.2071533203125
2020-01-10,1794.0,1771.0400390625,1790.0,1782.0,5730693.0,1735.7266845703125
2020-01-13,1804.5999755859375,1771.0400390625,1792.5999755859375,1804.5999755859375,2799082.0,1757.7398681640625
2020-01-14,1825.800048828125,1802.199951171875,1812.0,1806.800048828125,3735891.0,1759.8828125
2020-01-15,1811.0,1776.5999755859375,1811.0,1801.4000244140625,4132639.0,1754.6229248046875
2020-01-16,1827.800048828125,1802.0,1802.0,1810.0,3983628.0,1762.9996337890625
2020-01-17,1873.0,1824.199951171875,1825.800048828125,1851.5999755859375,4446391.0,1803.5194091796875
2020-01-20,1864.4000244140625,1836.199951171875,1864.4000244140625,1841.199951171875,2821766.0,1793.389404296875
2020-01-21,1832.4000244140625,1790.0400390625,1831.199951171875,1816.199951171875,4606759.0,1769.03857421875
2020-01-22,1843.5999755859375,1822.4000244140625,1835.0,1825.4000244140625,7388929.0,1777.999755859375
2020-01-23,1816.3299560546875,1775.4000244140625,1815.800048828125,1776.5999755859375,6432951.0,1730.4669189453125
2020-01-24,1809.0,1773.199951171875,1795.5999755859375,1779.0,4044429.0,1732.8045654296875
2020-01-27,1730.800048828125,1695.0,1718.800048828125,1703.800048828125,6853493.0,1659.557373046875
2020-01-28,1731.0,1683.199951171875,1707.4000244140625,1723.4000244140625,4247876.0,1678.6484375
2020-01-29,1741.5999755859375,1714.800048828125,1733.0,1721.0,2981879.0,1676.3106689453125
2020-01-30,1717.4000244140625,1681.4000244140625,1688.199951171875,1691.199951171875,3866240.0,1647.284423828125
2020-01-31,1699.5999755859375,1649.0,1692.0,1659.800048828125,5119288.0,1616.699951171875
2020-02-03,1669.0,1637.5999755859375,1652.0,1656.0,4395618.0,1612.99853515625
2020-02-04,1712.5999755859375,1683.0,1686.199951171875,1702.199951171875,4529140.0,1657.998779296875
2020-02-05,1739.5999755859375,1691.43994140625,1696.199951171875,1720.199951171875,4895719.0,1675.5313720703125
2020-02-06,1747.199951171875,1711.199951171875,1735.4000244140625,1720.800048828125,5409090.0,1676.115966796875
2020-02-07,1711.199951171875,1666.0,1703.5999755859375,1673.5999755859375,6206856.0,1630.1414794921875
2020-02-10,1681.199951171875,1643.0,1678.0,1657.0,6737423.0,1613.9725341796875
2020-02-11,1686.199951171875,1655.4000244140625,1684.0,1672.4000244140625,5948351.0,1628.97265625
2020-02-12,1715.199951171875,1666.3499755859375,1680.4000244140625,1706.5999755859375,4140391.0,1662.2845458984375
2020-02-13,1718.0,1678.800048828125,1698.800048828125,1694.5999755859375,3874175.0,1650.59619140625
2020-02-14,1703.0,1649.199951171875,1694.199951171875,1675.199951171875,7292962.0,1631.699951171875
2020-02-17,1703.800048828125,1684.800048828125,1692.5999755859375,1691.5999755859375,2048963.0,1647.674072265625
2020-02-18,1680.199951171875,1638.199951171875,1663.0,1667.5999755859375,4475788.0,1624.29736328125
2020-02-19,1699.199951171875,1672.0,1685.5999755859375,1691.5999755859375,4053224.0,1647.674072265625
2020-02-20,1704.199951171875,1677.199951171875,1690.0,1677.199951171875,3387849.0,1633.64794921875
2020-02-21,1669.5999755859375,1641.5999755859375,1658.0,1661.5999755859375,3702383.0,1618.453125
2020-02-24,1615.0,1550.0,1615.0,1569.800048828125,7214977.0,1529.0369873046875
2020-02-25,1589.199951171875,1540.5999755859375,1585.0,1544.4000244140625,4917890.0,1504.2965087890625
2020-02-26,1559.4000244140625,1517.199951171875,1535.5999755859375,1558.199951171875,5974714.0,1517.738037109375
2020-02-27,1525.800048828125,1470.0,1522.0,1489.800048828125,9027815.0,1451.1143798828125
2020-02-28,1489.800048828125,1387.800048828125,1423.800048828125,1418.4000244140625,15782523.0,1381.568359375
2020-03-02,1487.800048828125,1389.800048828125,1464.199951171875,1449.0,12915557.0,1411.373779296875
2020-03-03,1500.5999755859375,1449.4000244140625,1456.199951171875,1462.800048828125,9877962.0,1424.8154296875
2020-03-04,1508.5999755859375,1468.199951171875,1473.0,1499.5999755859375,7905920.0,1460.6597900390625
2020-03-05,1466.050048828125,1398.199951171875,1461.0,1406.0,10653479.0,1406.0
2020-03-06,1382.0,1329.0,1370.0,1332.199951171875,11498072.0,1332.199951171875
2020-03-09,1184.800048828125,1096.4000244140625,1175.0,1111.4000244140625,23968764.0,1111.4000244140625
2020-03-10,1188.199951171875,1129.0,1174.0,1129.0,17404455.0,1129.0
2020-03-11,1174.5999755859375,1114.199951171875,1161.5999755859375,1125.199951171875,19410211.0,1125.199951171875
2020-03-12,1070.0,939.7999877929688,1066.199951171875,939.7999877929688,20349834.0,939.7999877929688
2020-03-13,1094.5999755859375,996.4000244140625,1079.0,1054.0,23462170.0,1054.0
2020-03-16,1050.199951171875,958.7999877929688,985.0,1041.199951171875,21195672.0,1041.199951171875
2020-03-17,1149.199951171875,1047.199951171875,1103.0,1124.5999755859375,16907153.0,1124.5999755859375
2020-03-18,1098.199951171875,1028.199951171875,1060.0,1072.5999755859375,14376920.0,1072.5999755859375
2020-03-19,1102.5999755859375,1035.800048828125,1060.0,1075.4000244140625,13223279.0,1075.4000244140625
2020-03-20,1157.800048828125,1070.4000244140625,1127.199951171875,1109.5999755859375,19802486.0,1109.5999755859375
2020-03-23,1141.5999755859375,1021.0,1051.0,1105.800048828125,17386168.0,1105.800048828125
2020-03-24,1288.4000244140625,1182.199951171875,1196.4000244140625,1288.4000244140625,17412863.0,1288.4000244140625
2020-03-25,1356.0,1265.4000244140625,1335.199951171875,1316.0,14367572.0,1316.0
2020-03-26,1282.199951171875,1220.0,1240.0,1275.4000244140625,10284231.0,1275.4000244140625
2020-03-27,1212.5999755859375,1174.5999755859375,1188.0,1187.5999755859375,12703460.0,1187.5999755859375
2020-03-30,1220.0,1172.4000244140625,1192.199951171875,1218.199951171875,7228513.0,1218.199951171875
2020-03-31,1252.0,1176.27001953125,1215.5999755859375,1252.0,9575227.0,1252.0
2020-04-01,1226.0,1193.5999755859375,1214.5999755859375,1210.800048828125,9496790.0,1210.800048828125
2020-04-02,1269.0,1205.199951171875,1209.0,1259.0,9729936.0,1259.0
2020-04-03,1270.0,1224.199951171875,1237.0,1241.199951171875,8482698.0,1241.199951171875
2020-04-06,1299.0,1268.4000244140625,1272.199951171875,1278.800048828125,6859601.0,1278.800048828125
2020-04-07,1337.0,1296.199951171875,1312.199951171875,1326.5999755859375,9986098.0,1326.5999755859375
2020-04-08,1316.0,1264.5999755859375,1299.800048828125,1276.800048828125,7340495.0,1276.800048828125
2020-04-09,1333.5999755859375,1263.4000244140625,1324.199951171875,1314.0,7855435.0,1314.0
2020-04-14,1346.47998046875,1306.5999755859375,1345.800048828125,1312.5999755859375,5729654.0,1312.5999755859375
2020-04-15,1345.800048828125,1241.199951171875,1305.199951171875,1248.199951171875,9340468.0,1248.199951171875
2020-04-16,1286.199951171875,1253.800048828125,1265.0,1265.0,6345228.0,1265.0
2020-04-17,1350.0,1303.199951171875,1315.0,1315.800048828125,9756497.0,1315.800048828125
2020-04-20,1322.0,1276.199951171875,1308.0,1310.4000244140625,14543404.0,1310.4000244140625
2020-04-21,1266.5999755859375,1221.199951171875,1250.0,1226.0,10092689.0,1226.0
2020-04-22,1267.0,1206.0,1231.0,1263.4000244140625,10233373.0,1263.4000244140625
2020-04-23,1308.4000244140625,1251.4000244140625,1268.5999755859375,1304.0,7276391.0,1304.0
2020-04-24,1310.4000244140625,1286.4000244140625,1291.0,1287.199951171875,5508187.0,1287.199951171875
2020-04-27,1328.5999755859375,1293.02001953125,1307.0,1316.800048828125,5838837.0,1316.800048828125
2020-04-28,1350.0,1292.800048828125,1309.0,1333.5999755859375,7709169.0,1333.5999755859375
2020-04-29,1404.4000244140625,1340.199951171875,1349.199951171875,1402.0,6277551.0,1402.0
2020-04-30,1411.4000244140625,1335.4000244140625,1399.4000244140625,1336.199951171875,12113202.0,1336.199951171875
2020-05-01,1292.199951171875,1257.8699951171875,1280.0,1290.199951171875,3677988.0,1290.199951171875
2020-05-04,1301.5999755859375,1265.4000244140625,1283.5999755859375,1284.800048828125,6043172.0,1284.800048828125
2020-05-05,1339.199951171875,1300.0,1311.5999755859375,1320.0,4687457.0,1320.0
2020-05-06,1355.5999755859375,1300.800048828125,1300.800048828125,1337.4000244140625,13410385.0,1337.4000244140625
2020-05-07,1396.800048828125,1334.0,1335.4000244140625,1376.5999755859375,7531840.0,1376.5999755859375
2020-05-11,1400.0,1335.800048828125,1387.0,1350.800048828125,17025039.0,1350.800048828125
2020-05-12,1373.199951171875,1333.199951171875,1352.0,1354.0,4506531.0,1354.0
2020-05-13,1364.5999755859375,1338.199951171875,1343.0,1344.199951171875,5360197.0,1344.199951171875
2020-05-14,1358.5999755859375,1310.4000244140625,1331.0,1355.199951171875,6024254.0,1355.199951171875
2020-05-15,1433.199951171875,1390.800048828125,1400.800048828125,1413.199951171875,9177251.0,1413.199951171875
2020-05-18,1539.5999755859375,1453.5999755859375,1458.0,1535.5999755859375,10536378.0,1535.5999755859375
2020-05-19,1568.0,1515.0,1565.5999755859375,1542.0,8820568.0,1542.0
2020-05-20,1571.4000244140625,1514.0,1536.0,1560.0,6620249.0,1560.0
2020-05-21,1570.199951171875,1538.4000244140625,1540.4000244140625,1544.4000244140625,11036046.0,1544.4000244140625
2020-05-22,1554.5999755859375,1484.199951171875,1501.0,1550.0,5496551.0,1550.0
2020-05-26,1591.5999755859375,1546.4000244140625,1585.5999755859375,1548.199951171875,7039915.0,1548.199951171875
2020-05-27,1580.0,1551.199951171875,1555.0,1571.800048828125,6085509.0,1571.800048828125
2020-05-28,1601.0,1569.4000244140625,1590.0,1589.800048828125,6701665.0,1589.800048828125
2020-05-29,1607.800048828125,1574.0,1585.5999755859375,1581.199951171875,8472954.0,1581.199951171875
